road_corridor,slope_deg,elevation_m,rainfall_1h_mm,rainfall_24h_mm,rainfall_72h_mm,soil_clay_percent,soil_moisture_index,distance_to_river_m,vegetation_ndvi,historical_incidents,road_quality,p_landslide_true,landslide_occurred,p_flood_true,flood_occurred,inundation_depth_cm,risk_multiplier
NH-15 (North Bank Brahmaputra),31.1,705.0,4.0,6.7,10.2,19.4,0.369,794.8,0.6,3,4,0.0798,0,0.0382,0,0.0,1.36
NH-27 (East-West Corridor),55.9,948.2,27.6,133.1,490.8,22.7,0.95,709.5,0.684,5,5,0.8002,1,0.3502,1,55.3,3.52
NH-27 (East-West Corridor),46.5,769.3,3.1,8.2,11.6,32.0,0.342,322.4,0.382,0,2,0.1669,0,0.0909,0,0.0,1.91
NH-10 (Siliguri-Gangtok),40.7,1006.7,2.2,2.7,3.3,41.0,0.328,1716.2,0.633,1,4,0.1348,0,0.0267,0,0.0,1.47
Guwahati-Jalukbari-Khanapara Urban,21.7,478.4,85.0,380.0,750.0,35.7,0.95,1053.9,0.149,1,3,0.4132,1,0.3569,0,0.0,2.56
Guwahati-Jalukbari-Khanapara Urban,21.7,1310.3,18.4,140.6,299.2,30.1,0.95,1605.7,0.361,1,3,0.3893,0,0.2713,0,0.0,2.43
NH-37 (Silchar-Imphal),17.5,475.1,21.4,124.8,377.4,37.5,0.95,1715.9,0.468,3,1,0.3577,1,0.2734,1,41.5,2.97
NH-27 (East-West Corridor),52.2,1830.7,0.1,0.1,0.3,48.6,0.126,1253.8,0.614,3,2,0.1651,1,0.0309,0,0.0,1.84
NH-27 (East-West Corridor),40.8,782.4,0.6,1.5,2.5,48.6,0.199,612.7,0.706,7,2,0.1534,0,0.0506,0,0.0,1.84
NH-10 (Siliguri-Gangtok),45.4,1349.0,1.5,42.4,185.2,44.0,0.747,904.4,0.565,3,5,0.6233,1,0.0468,0,0.0,2.42
NH-27 (East-West Corridor),15.9,1978.1,32.2,190.5,548.4,53.1,0.95,289.8,0.652,3,1,0.3401,1,0.6485,1,108.4,3.67
NH-37 (Silchar-Imphal),56.7,1554.1,0.9,2.2,3.3,38.6,0.149,1045.8,0.521,5,3,0.182,0,0.0319,0,0.0,1.73
NH-37 (Silchar-Imphal),50.8,1336.0,13.6,127.0,411.9,15.3,0.95,308.0,0.623,2,5,0.7681,1,0.469,1,34.3,3.41
NH-15 (North Bank Brahmaputra),24.1,950.0,1.2,2.0,2.3,26.6,0.341,1097.2,0.613,0,3,0.0356,0,0.0321,0,0.0,1.41
NH-15 (North Bank Brahmaputra),22.8,966.1,10.1,93.1,267.2,28.1,0.95,358.7,0.458,2,3,0.4069,1,0.297,1,58.2,2.93
NH-27 (East-West Corridor),22.9,1588.6,5.2,61.5,204.9,36.9,0.95,250.0,0.486,3,3,0.3708,1,0.1966,0,0.0,2.31
NH-10 (Siliguri-Gangtok),28.1,2189.2,23.0,157.1,542.1,51.2,0.95,294.5,0.658,2,3,0.5481,1,0.6005,1,74.0,3.66
NH-37 (Silchar-Imphal),37.6,1574.4,41.7,175.2,473.8,48.5,0.95,151.6,0.876,5,3,0.7456,1,0.7254,1,102.9,4.33
NH-15 (North Bank Brahmaputra),33.6,1381.9,30.2,193.7,578.5,24.3,0.95,1164.8,0.767,5,4,0.6695,1,0.3241,1,57.8,3.38
NH-10 (Siliguri-Gangtok),27.5,1701.7,3.4,5.0,6.8,35.8,0.27,1204.6,0.347,0,3,0.0536,0,0.0312,0,0.0,1.45
Guwahati-Jalukbari-Khanapara Urban,41.3,1210.6,2.1,2.2,3.4,41.4,0.342,728.8,0.347,2,3,0.1609,0,0.0432,0,0.0,1.7
NH-27 (East-West Corridor),21.0,461.3,1.1,1.9,2.4,54.5,0.286,290.8,0.454,4,5,0.0358,0,0.0847,1,7.3,1.22
Guwahati-Jalukbari-Khanapara Urban,27.6,1390.2,0.5,1.1,1.2,16.3,0.206,219.8,0.568,2,4,0.0466,0,0.1001,0,0.0,1.35
Guwahati-Jalukbari-Khanapara Urban,30.8,2121.6,13.6,111.1,344.0,33.6,0.95,165.5,0.559,3,3,0.6169,0,0.5619,1,57.3,3.64
NH-27 (East-West Corridor),34.6,674.3,1.5,3.7,4.5,54.5,0.342,295.0,0.773,0,3,0.098,0,0.0943,0,0.0,1.61
Guwahati-Jalukbari-Khanapara Urban,48.8,1626.5,9.3,16.9,19.0,54.1,0.292,1922.1,0.783,5,4,0.197,0,0.0298,0,0.0,1.61
NH-27 (East-West Corridor),23.6,721.7,35.9,260.6,596.7,28.2,0.95,371.2,0.551,4,4,0.4415,1,0.551,1,93.8,3.34
NH-15 (North Bank Brahmaputra),37.1,1341.3,53.8,297.7,750.0,15.0,0.95,499.9,0.509,1,2,0.7043,1,0.5038,1,97.6,4.17
NH-10 (Siliguri-Gangtok),40.5,528.9,3.5,5.4,8.0,38.5,0.19,239.1,0.643,5,4,0.1443,0,0.1,0,0.0,1.57
Guwahati-Jalukbari-Khanapara Urban,17.0,1183.2,2.9,5.3,7.2,49.7,0.292,351.2,0.741,3,2,0.0262,0,0.0853,0,0.0,1.59
Guwahati-Jalukbari-Khanapara Urban,41.1,1748.9,0.7,1.2,1.6,28.0,0.266,735.9,0.649,3,3,0.1379,0,0.0407,0,0.0,1.64
NH-37 (Silchar-Imphal),22.3,993.0,28.1,212.8,665.5,52.4,0.95,898.7,0.472,4,5,0.4388,0,0.3594,1,59.1,2.76
Guwahati-Jalukbari-Khanapara Urban,17.8,1580.1,0.3,0.4,0.7,28.3,0.31,375.2,0.44,3,2,0.0276,0,0.0764,0,0.0,1.59
NH-06 (Guwahati-Shillong),55.8,1821.6,45.6,221.9,537.4,39.4,0.95,197.6,0.35,4,2,0.8315,0,0.7008,0,0.0,3.97
NH-15 (North Bank Brahmaputra),56.5,2065.3,3.6,9.9,16.0,43.9,0.357,546.8,0.585,3,2,0.2033,1,0.0601,0,0.0,1.96
Guwahati-Jalukbari-Khanapara Urban,49.8,784.1,0.7,1.8,3.0,28.8,0.227,363.5,0.662,4,3,0.1645,0,0.0735,1,5.0,1.77
Guwahati-Jalukbari-Khanapara Urban,28.1,1088.7,62.8,380.0,750.0,29.1,0.95,348.3,0.682,2,2,0.5307,0,0.5922,0,0.0,3.2
NH-37 (Silchar-Imphal),19.2,632.0,3.1,6.0,9.9,33.8,0.15,2722.4,0.757,4,3,0.0255,0,0.0256,0,0.0,1.38
NH-06 (Guwahati-Shillong),44.4,2186.1,5.6,11.2,20.0,48.4,0.175,916.3,0.816,4,4,0.1558,1,0.0356,0,0.0,1.53
NH-10 (Siliguri-Gangtok),33.9,2065.0,3.0,4.6,7.0,19.0,0.248,801.1,0.303,3,5,0.0979,0,0.0345,0,0.0,1.25
NH-27 (East-West Corridor),20.2,1348.9,1.9,2.1,3.1,40.3,0.157,580.0,0.623,4,1,0.0303,0,0.0548,0,0.0,1.72
Guwahati-Jalukbari-Khanapara Urban,36.3,1907.8,0.6,0.9,1.7,42.1,0.269,598.2,0.629,2,4,0.1098,0,0.0469,1,21.2,1.6
NH-10 (Siliguri-Gangtok),16.5,1313.8,1.5,3.0,5.6,37.3,0.121,772.8,0.537,4,1,0.0244,0,0.043,0,0.0,1.7
NH-15 (North Bank Brahmaputra),54.1,1503.6,0.5,0.6,0.7,52.4,0.24,1103.7,0.401,0,3,0.1678,0,0.0323,0,0.0,1.7
NH-10 (Siliguri-Gangtok),26.1,514.9,3.3,3.9,6.2,39.1,0.209,1118.9,0.81,4,5,0.0444,0,0.0287,0,0.0,1.13
NH-27 (East-West Corridor),43.5,1747.3,20.5,124.1,322.1,40.4,0.95,300.7,0.444,4,1,0.8079,1,0.5607,0,0.0,3.93
NH-27 (East-West Corridor),28.4,586.3,37.3,174.9,610.8,39.0,0.95,704.7,0.155,4,1,0.6233,1,0.4462,0,0.0,3.41
NH-10 (Siliguri-Gangtok),37.4,1878.2,1.0,1.7,3.3,43.9,0.367,574.8,0.554,3,2,0.1408,1,0.0555,0,0.0,1.81
NH-06 (Guwahati-Shillong),38.5,1796.8,48.8,189.4,479.5,20.4,0.95,1785.4,0.507,3,5,0.73,1,0.2835,0,0.0,2.89
NH-37 (Silchar-Imphal),22.9,1661.2,0.8,1.2,2.0,50.8,0.155,948.5,0.88,5,1,0.0371,0,0.0383,0,0.0,1.72
NH-10 (Siliguri-Gangtok),56.7,416.9,1.2,1.8,2.2,16.7,0.257,758.3,0.638,1,2,0.1515,0,0.0412,0,0.0,1.82
NH-15 (North Bank Brahmaputra),48.3,910.8,1.9,2.2,2.9,40.6,0.389,248.1,0.495,2,3,0.1816,1,0.1058,0,0.0,1.8
NH-15 (North Bank Brahmaputra),55.4,836.8,0.1,0.2,0.3,39.6,0.233,894.4,0.515,6,2,0.1949,0,0.0376,0,0.0,1.92
NH-27 (East-West Corridor),53.5,1016.3,5.9,6.8,9.1,23.3,0.271,249.7,0.512,10,1,0.1971,1,0.1135,1,33.2,2.39
NH-37 (Silchar-Imphal),40.7,512.1,1.7,4.1,6.3,16.6,0.404,479.0,0.88,3,1,0.1417,0,0.0664,0,0.0,1.98
NH-27 (East-West Corridor),54.6,2083.4,39.7,265.0,720.6,20.6,0.95,273.3,0.672,4,3,0.7987,1,0.6256,1,103.9,4.35
NH-10 (Siliguri-Gangtok),18.8,1374.5,24.1,201.6,550.7,25.9,0.95,1092.3,0.297,4,3,0.3784,0,0.3439,0,0.0,2.47
NH-37 (Silchar-Imphal),23.4,915.2,4.0,5.0,6.6,50.3,0.212,334.8,0.506,2,4,0.0375,1,0.0793,0,0.0,1.31
NH-27 (East-West Corridor),16.9,1084.4,56.9,241.4,703.2,49.2,0.95,547.9,0.546,3,2,0.3504,0,0.498,0,0.0,2.71
NH-27 (East-West Corridor),29.0,1177.3,22.6,131.7,386.0,17.6,0.95,1958.2,0.351,3,3,0.5767,0,0.2559,1,52.9,3.22
NH-15 (North Bank Brahmaputra),31.7,1461.1,55.6,260.6,750.0,26.6,0.95,332.8,0.229,1,3,0.6367,0,0.5877,1,95.0,3.96
NH-06 (Guwahati-Shillong),26.7,1304.0,0.2,0.6,1.3,50.6,0.335,717.1,0.657,3,2,0.0571,0,0.0462,0,0.0,1.62
NH-27 (East-West Corridor),50.6,2050.9,1.8,1.9,3.4,24.5,0.197,584.8,0.405,5,3,0.1798,0,0.0483,0,0.0,1.74
Guwahati-Jalukbari-Khanapara Urban,30.3,1269.4,0.9,2.0,3.6,54.8,0.34,164.6,0.775,2,4,0.0732,0,0.1318,0,0.0,1.44
NH-10 (Siliguri-Gangtok),27.1,2185.5,1.2,1.9,2.1,25.3,0.384,1409.1,0.551,1,5,0.0494,0,0.0262,0,0.0,1.13
Guwahati-Jalukbari-Khanapara Urban,38.3,1925.1,11.0,63.2,203.6,44.6,0.813,207.2,0.465,4,3,0.6973,0,0.2531,1,32.4,3.33
NH-10 (Siliguri-Gangtok),21.1,735.7,1.0,2.5,3.2,31.7,0.385,664.4,0.115,3,4,0.039,0,0.0438,0,0.0,1.28
NH-06 (Guwahati-Shillong),49.5,2071.6,3.5,4.4,7.1,20.4,0.232,808.0,0.77,3,4,0.1472,0,0.0361,0,0.0,1.51
NH-10 (Siliguri-Gangtok),18.2,565.3,68.6,380.0,750.0,25.2,0.95,942.0,0.603,0,5,0.2908,1,0.3436,0,0.0,1.98
NH-06 (Guwahati-Shillong),57.4,1862.3,16.2,126.9,350.4,42.0,0.95,1083.4,0.469,2,4,0.8051,1,0.2647,0,0.0,3.18
NH-15 (North Bank Brahmaputra),48.2,1054.2,3.1,6.5,8.0,28.5,0.392,383.6,0.39,0,2,0.1722,0,0.0789,0,0.0,1.91
NH-15 (North Bank Brahmaputra),23.5,1974.3,36.2,248.1,675.1,39.2,0.95,158.0,0.838,1,2,0.4024,1,0.7312,0,0.0,3.06
NH-37 (Silchar-Imphal),15.2,1955.9,0.6,1.6,1.8,23.2,0.375,1178.3,0.358,2,4,0.0237,0,0.0293,0,0.0,1.23
Guwahati-Jalukbari-Khanapara Urban,50.1,1841.0,0.8,2.1,2.4,32.9,0.24,763.7,0.484,3,3,0.1705,1,0.0398,0,0.0,1.71
NH-15 (North Bank Brahmaputra),45.4,1811.6,3.7,6.3,10.7,35.5,0.424,1596.9,0.653,7,2,0.1975,1,0.0312,0,0.0,1.92
Guwahati-Jalukbari-Khanapara Urban,46.3,913.7,26.1,188.4,586.5,31.5,0.95,1528.0,0.811,1,3,0.7577,1,0.3138,0,0.0,3.28
NH-06 (Guwahati-Shillong),48.2,499.7,36.5,145.5,453.5,22.9,0.95,1632.9,0.511,3,5,0.7839,0,0.2751,0,0.0,3.0
Guwahati-Jalukbari-Khanapara Urban,18.2,1095.5,4.7,14.1,21.5,33.5,0.274,681.0,0.418,5,3,0.033,0,0.047,0,0.0,1.42
Guwahati-Jalukbari-Khanapara Urban,30.4,671.0,2.0,3.7,4.3,42.7,0.414,474.7,0.531,1,3,0.0792,0,0.0634,0,0.0,1.54
NH-06 (Guwahati-Shillong),20.0,1635.7,0.5,1.5,1.7,53.6,0.294,1404.5,0.713,3,3,0.0305,0,0.0297,0,0.0,1.4
NH-06 (Guwahati-Shillong),52.1,990.3,0.5,0.6,0.8,46.6,0.205,630.2,0.753,3,2,0.1661,0,0.0493,1,5.0,1.9
NH-27 (East-West Corridor),41.8,2154.9,4.0,6.3,12.5,21.5,0.329,312.1,0.302,1,1,0.1569,0,0.0958,0,0.0,2.04
Guwahati-Jalukbari-Khanapara Urban,29.2,1535.8,4.5,6.0,8.8,25.9,0.258,1694.7,0.571,0,5,0.0539,1,0.0248,0,0.0,1.14
Guwahati-Jalukbari-Khanapara Urban,17.7,1871.6,23.3,136.3,348.9,18.2,0.95,1863.5,0.292,3,5,0.3344,0,0.2447,1,32.2,2.22
NH-37 (Silchar-Imphal),28.4,595.2,19.2,145.1,464.4,20.4,0.95,652.4,0.709,1,5,0.4955,0,0.3646,1,57.0,2.88
Guwahati-Jalukbari-Khanapara Urban,29.0,1944.7,3.6,6.1,10.0,25.0,0.139,213.0,0.626,2,3,0.0543,0,0.1101,0,0.0,1.53
NH-06 (Guwahati-Shillong),46.4,2057.1,2.9,8.3,16.2,23.0,0.23,542.6,0.384,5,2,0.1858,0,0.056,0,0.0,1.91
NH-10 (Siliguri-Gangtok),42.4,1251.1,3.4,7.0,9.2,23.5,0.352,1451.8,0.826,3,5,0.1395,0,0.0263,0,0.0,1.33
NH-27 (East-West Corridor),53.2,1471.6,1.5,2.8,4.3,24.2,0.172,2006.4,0.61,2,5,0.1435,0,0.0229,0,0.0,1.34
NH-06 (Guwahati-Shillong),35.3,1764.9,19.7,110.7,272.0,27.0,0.95,332.0,0.591,6,4,0.7113,1,0.4467,0,0.0,3.16
NH-10 (Siliguri-Gangtok),20.1,673.5,14.7,119.3,266.5,20.0,0.95,205.5,0.518,2,2,0.3554,0,0.5719,1,73.9,3.35
NH-15 (North Bank Brahmaputra),45.7,1279.7,0.3,0.9,1.1,26.1,0.268,1828.7,0.549,2,3,0.1509,0,0.0263,0,0.0,1.66
NH-15 (North Bank Brahmaputra),47.7,1087.5,2.5,3.7,4.7,42.5,0.12,544.7,0.481,4,4,0.1632,0,0.0497,0,0.0,1.56
Guwahati-Jalukbari-Khanapara Urban,39.1,620.8,53.2,296.6,750.0,24.5,0.95,774.3,0.417,2,3,0.7454,1,0.4012,0,0.0,3.34
NH-06 (Guwahati-Shillong),48.2,1029.9,3.9,8.5,9.4,21.9,0.264,2905.3,0.771,6,3,0.1682,0,0.0262,0,0.0,1.7
Guwahati-Jalukbari-Khanapara Urban,36.2,476.1,30.3,184.5,424.6,17.7,0.95,205.1,0.461,5,4,0.7288,1,0.658,0,0.0,3.4
NH-37 (Silchar-Imphal),37.5,397.8,3.7,8.0,8.9,35.0,0.294,986.0,0.455,4,4,0.1379,0,0.0334,0,0.0,1.49
NH-37 (Silchar-Imphal),33.4,600.1,26.2,191.8,507.1,48.7,0.95,211.6,0.527,2,2,0.6838,0,0.6891,0,0.0,3.64
NH-27 (East-West Corridor),16.1,2131.8,2.1,5.4,8.9,17.4,0.186,526.6,0.806,4,3,0.0205,0,0.0527,0,0.0,1.4
NH-10 (Siliguri-Gangtok),19.6,1366.6,14.9,111.4,413.8,36.7,0.95,1453.0,0.754,1,4,0.3238,0,0.1968,0,0.0,2.06
NH-06 (Guwahati-Shillong),16.4,2136.8,13.4,60.6,234.4,41.0,0.93,604.6,0.479,4,2,0.3105,0,0.1285,0,0.0,2.26
NH-27 (East-West Corridor),42.4,1150.1,2.5,4.6,8.7,38.7,0.267,4847.5,0.771,3,5,0.1395,0,0.0237,0,0.0,1.33
Guwahati-Jalukbari-Khanapara Urban,28.5,926.9,2.6,40.7,119.1,50.1,0.724,805.1,0.569,4,4,0.2437,1,0.0536,0,0.0,1.74
NH-06 (Guwahati-Shillong),36.9,1286.4,64.9,380.0,750.0,49.7,0.95,459.9,0.398,6,5,0.7604,1,0.4982,1,95.2,3.84
NH-06 (Guwahati-Shillong),54.0,1163.1,1.5,2.3,2.8,17.3,0.239,348.9,0.464,6,2,0.1849,0,0.0791,0,0.0,1.94
Guwahati-Jalukbari-Khanapara Urban,25.7,545.5,3.6,5.2,6.0,29.4,0.357,495.3,0.797,4,1,0.0511,0,0.066,0,0.0,1.78
NH-27 (East-West Corridor),32.6,1535.5,0.8,1.2,1.4,41.8,0.319,522.9,0.88,2,1,0.0868,0,0.0622,1,20.3,2.0
NH-27 (East-West Corridor),47.5,749.7,0.6,0.8,1.0,53.1,0.219,207.0,0.608,1,3,0.1546,0,0.1163,0,0.0,1.76
NH-37 (Silchar-Imphal),24.8,1496.2,0.7,1.5,2.6,47.2,0.377,519.1,0.448,3,2,0.0527,1,0.0609,0,0.0,1.63
NH-06 (Guwahati-Shillong),18.3,1552.9,33.4,170.7,620.4,22.1,0.95,649.3,0.528,1,2,0.3216,1,0.4398,1,84.9,3.23
NH-27 (East-West Corridor),27.5,631.2,0.9,2.0,3.6,26.2,0.22,1176.2,0.413,2,2,0.0537,0,0.0316,1,13.2,1.7
NH-06 (Guwahati-Shillong),21.9,463.5,17.8,134.3,331.6,45.5,0.95,1005.4,0.439,2,3,0.4142,1,0.3062,0,0.0,2.51
NH-37 (Silchar-Imphal),55.0,1794.4,3.0,7.7,11.1,33.9,0.399,1136.9,0.421,1,3,0.1878,0,0.0333,1,5.0,1.78
NH-10 (Siliguri-Gangtok),49.7,1200.6,2.4,3.0,5.7,36.9,0.216,156.7,0.536,2,3,0.1611,0,0.1352,0,0.0,1.79
NH-10 (Siliguri-Gangtok),42.2,457.6,0.3,0.6,1.1,39.4,0.272,346.4,0.572,2,2,0.1488,0,0.0824,1,5.0,1.9
NH-37 (Silchar-Imphal),52.5,2190.5,8.4,13.0,25.1,19.1,0.187,1017.0,0.523,2,5,0.1561,0,0.0312,0,0.0,1.37
NH-15 (North Bank Brahmaputra),49.6,456.9,1.9,3.9,7.1,49.2,0.235,679.3,0.51,5,3,0.194,1,0.0452,0,0.0,1.77
NH-06 (Guwahati-Shillong),23.0,1635.8,1.4,2.3,3.9,49.5,0.212,154.3,0.687,2,2,0.0352,0,0.1447,0,0.0,1.67
NH-27 (East-West Corridor),53.4,2169.8,1.0,2.5,4.8,33.7,0.369,1455.7,0.509,4,1,0.205,0,0.0323,0,0.0,2.08
NH-27 (East-West Corridor),38.2,792.5,9.0,54.9,211.2,40.1,0.826,1335.6,0.52,2,2,0.6622,0,0.0622,0,0.0,2.97
NH-15 (North Bank Brahmaputra),49.7,613.2,36.2,181.4,420.7,41.4,0.95,786.0,0.518,1,2,0.7948,1,0.4137,0,0.0,3.61
NH-15 (North Bank Brahmaputra),53.5,574.6,0.7,0.9,1.0,22.6,0.236,205.0,0.828,1,3,0.1388,1,0.112,0,0.0,1.72
Guwahati-Jalukbari-Khanapara Urban,28.7,911.1,14.6,109.1,347.6,19.5,0.95,1313.7,0.462,2,5,0.5355,1,0.182,0,0.0,2.36
NH-15 (North Bank Brahmaputra),19.7,536.9,17.7,126.7,402.8,15.8,0.95,851.1,0.657,5,2,0.3707,0,0.3134,0,0.0,2.58
NH-27 (East-West Corridor),24.8,1630.5,1.8,3.4,4.1,51.5,0.193,1368.5,0.415,3,4,0.045,0,0.0279,1,24.3,1.46
NH-06 (Guwahati-Shillong),33.4,465.2,24.8,191.5,638.5,28.8,0.95,1264.6,0.613,3,5,0.6537,1,0.3043,1,57.2,3.17
NH-06 (Guwahati-Shillong),50.2,1292.4,17.7,95.6,258.1,18.4,0.95,1449.6,0.648,4,3,0.7883,1,0.1677,0,0.0,3.2
NH-37 (Silchar-Imphal),52.0,2193.9,2.1,6.1,9.5,33.6,0.158,733.9,0.745,3,2,0.1581,0,0.0431,0,0.0,1.84
Guwahati-Jalukbari-Khanapara Urban,15.3,1855.8,2.9,8.3,16.4,18.0,0.17,271.0,0.481,0,3,0.0185,0,0.0928,0,0.0,1.43
NH-27 (East-West Corridor),37.0,1488.2,0.9,2.1,2.5,18.4,0.121,1039.7,0.349,2,5,0.1011,0,0.0276,0,0.0,1.25
NH-06 (Guwahati-Shillong),32.9,916.6,3.2,3.3,4.8,34.6,0.233,925.1,0.409,3,1,0.0998,0,0.0392,0,0.0,1.86
NH-06 (Guwahati-Shillong),24.6,1504.2,15.8,104.5,346.5,35.4,0.95,1234.6,0.724,1,3,0.4238,0,0.1991,0,0.0,2.43
NH-10 (Siliguri-Gangtok),20.2,1325.0,2.8,8.0,12.5,38.2,0.392,298.9,0.88,2,4,0.0286,0,0.0893,0,0.0,1.3
NH-06 (Guwahati-Shillong),29.5,1138.3,22.4,191.1,561.5,41.3,0.95,323.5,0.7,3,3,0.5835,1,0.5928,1,73.3,3.72
NH-15 (North Bank Brahmaputra),55.5,591.8,28.6,125.7,390.7,41.7,0.95,1918.8,0.323,4,3,0.8303,1,0.269,0,0.0,3.39
Guwahati-Jalukbari-Khanapara Urban,28.9,1990.2,7.3,79.5,287.3,32.3,0.95,1259.0,0.694,4,3,0.5626,1,0.0944,0,0.0,2.63
NH-27 (East-West Corridor),37.3,1182.1,40.3,300.1,750.0,40.7,0.95,2060.8,0.38,3,3,0.7508,1,0.3108,1,68.1,3.77
NH-10 (Siliguri-Gangtok),45.2,710.1,0.7,1.4,1.6,27.2,0.227,1287.4,0.487,1,4,0.1398,1,0.0273,0,0.0,1.48
NH-06 (Guwahati-Shillong),30.6,1030.4,1.2,3.1,5.9,32.7,0.174,877.4,0.584,3,3,0.0703,0,0.0356,0,0.0,1.49
Guwahati-Jalukbari-Khanapara Urban,56.8,1116.1,28.2,233.2,654.3,30.7,0.95,999.4,0.614,0,3,0.7769,1,0.3608,0,0.0,3.37
NH-37 (Silchar-Imphal),56.4,1880.9,4.1,11.6,16.6,28.2,0.257,1909.5,0.562,3,2,0.1838,0,0.0292,0,0.0,1.88
NH-27 (East-West Corridor),25.8,1707.2,1.7,2.1,3.1,24.5,0.354,841.7,0.442,2,5,0.0465,0,0.034,0,0.0,1.14
NH-37 (Silchar-Imphal),36.4,1773.2,11.9,93.4,264.9,18.1,0.95,950.6,0.741,4,2,0.705,1,0.1697,0,0.0,3.17
Guwahati-Jalukbari-Khanapara Urban,27.9,370.4,36.7,302.1,750.0,35.2,0.95,286.1,0.455,4,2,0.5769,0,0.6355,0,0.0,3.35
NH-37 (Silchar-Imphal),27.2,1119.9,5.9,16.8,20.3,36.5,0.196,663.8,0.776,3,2,0.0547,0,0.0509,0,0.0,1.62
NH-15 (North Bank Brahmaputra),16.6,1240.5,22.2,126.6,360.1,28.4,0.95,1158.1,0.305,1,5,0.3078,0,0.2603,0,0.0,1.93
NH-27 (East-West Corridor),41.2,385.5,28.6,212.2,470.4,54.0,0.95,402.8,0.589,5,3,0.7976,0,0.555,1,89.8,4.28
Guwahati-Jalukbari-Khanapara Urban,36.6,830.7,0.9,1.4,2.4,37.3,0.354,330.8,0.329,2,3,0.1312,0,0.0832,0,0.0,1.67
NH-06 (Guwahati-Shillong),17.2,1756.5,0.6,1.1,1.4,50.6,0.344,451.3,0.4,2,5,0.027,0,0.0588,0,0.0,1.12
NH-37 (Silchar-Imphal),27.0,603.7,23.5,115.5,361.8,37.8,0.95,371.1,0.458,2,5,0.5106,1,0.4477,0,0.0,2.57
NH-10 (Siliguri-Gangtok),54.1,1340.3,5.3,13.1,26.0,22.6,0.321,343.6,0.824,2,3,0.1666,0,0.0833,0,0.0,1.75
NH-37 (Silchar-Imphal),25.3,748.1,3.9,9.2,14.6,54.0,0.408,592.5,0.785,1,3,0.0479,0,0.0549,0,0.0,1.46
Guwahati-Jalukbari-Khanapara Urban,21.2,372.4,1.2,1.3,1.8,50.4,0.24,2057.4,0.707,3,5,0.0301,0,0.0242,0,0.0,1.09
NH-10 (Siliguri-Gangtok),36.0,796.2,23.7,143.2,438.1,33.9,0.95,715.9,0.556,1,2,0.7021,1,0.3965,0,0.0,3.39
Guwahati-Jalukbari-Khanapara Urban,57.4,2155.4,1.1,1.6,3.1,24.7,0.23,316.5,0.584,7,3,0.18,0,0.082,0,0.0,1.78
Guwahati-Jalukbari-Khanapara Urban,25.4,1832.8,0.6,1.3,2.3,23.9,0.21,214.1,0.778,5,4,0.042,0,0.1033,0,0.0,1.34
NH-10 (Siliguri-Gangtok),43.9,2125.2,8.2,9.2,15.8,47.2,0.27,1103.0,0.676,1,4,0.148,0,0.033,0,0.0,1.51
Guwahati-Jalukbari-Khanapara Urban,47.7,1252.5,20.2,158.7,439.3,17.8,0.95,536.0,0.553,1,1,0.7769,0,0.4756,0,0.0,3.78
NH-10 (Siliguri-Gangtok),25.2,553.0,0.8,0.8,1.3,40.5,0.301,1530.0,0.818,4,1,0.0475,0,0.0315,0,0.0,1.74
NH-06 (Guwahati-Shillong),46.3,1363.7,62.5,380.0,750.0,40.6,0.95,1011.9,0.697,2,4,0.7757,1,0.352,0,0.0,3.2
Guwahati-Jalukbari-Khanapara Urban,30.8,1190.6,24.9,140.7,404.0,22.3,0.95,1422.7,0.594,2,1,0.6056,1,0.3107,0,0.0,3.24
NH-06 (Guwahati-Shillong),42.2,1912.1,2.9,3.1,6.0,43.2,0.299,403.9,0.467,3,5,0.1565,0,0.0642,1,21.1,1.57
NH-27 (East-West Corridor),42.2,531.5,19.2,149.1,339.7,43.2,0.95,1093.1,0.451,1,2,0.7749,0,0.3322,0,0.0,3.48
NH-37 (Silchar-Imphal),38.0,1253.2,49.2,264.0,750.0,29.0,0.95,395.3,0.489,9,3,0.7613,1,0.5506,1,88.3,4.18
NH-06 (Guwahati-Shillong),18.9,627.6,29.6,206.4,629.7,34.3,0.95,2388.4,0.632,4,3,0.3601,0,0.3029,0,0.0,2.39
NH-37 (Silchar-Imphal),50.9,950.7,0.9,1.3,1.7,48.3,0.361,959.3,0.7,2,3,0.1758,0,0.036,0,0.0,1.72
NH-10 (Siliguri-Gangtok),28.8,1714.1,17.7,101.9,322.8,35.9,0.95,463.9,0.29,4,1,0.6168,1,0.3682,0,0.0,3.32
NH-27 (East-West Corridor),23.0,1230.6,55.6,342.9,750.0,39.7,0.95,401.2,0.2,4,2,0.4833,0,0.5654,0,0.0,3.07
NH-10 (Siliguri-Gangtok),16.8,1045.4,30.0,255.6,725.0,31.5,0.95,319.5,0.379,7,3,0.3626,0,0.5982,0,0.0,2.69
Guwahati-Jalukbari-Khanapara Urban,40.4,1079.8,1.2,3.5,6.4,21.0,0.288,1099.0,0.477,1,3,0.1302,0,0.0314,0,0.0,1.62
NH-15 (North Bank Brahmaputra),44.1,1200.0,33.7,244.7,750.0,54.9,0.95,347.5,0.765,2,3,0.7778,1,0.5903,1,97.9,4.27
NH-37 (Silchar-Imphal),15.7,1802.3,1.6,2.9,4.0,36.3,0.361,873.7,0.5,7,1,0.03,0,0.0419,0,0.0,1.71
NH-15 (North Bank Brahmaputra),37.0,2000.4,1.7,2.2,3.4,28.5,0.247,395.9,0.596,3,3,0.1165,0,0.069,0,0.0,1.62
NH-10 (Siliguri-Gangtok),24.7,2117.4,3.9,9.2,17.9,43.6,0.205,1017.7,0.625,3,3,0.0436,0,0.0345,0,0.0,1.43
NH-37 (Silchar-Imphal),42.7,1805.8,18.1,128.1,403.9,39.8,0.95,1499.7,0.366,6,1,0.8166,1,0.2779,0,0.0,3.67
Guwahati-Jalukbari-Khanapara Urban,22.5,933.5,3.4,7.8,14.1,24.3,0.187,1354.2,0.813,0,1,0.0276,0,0.032,0,0.0,1.69
NH-15 (North Bank Brahmaputra),44.7,1623.0,1.7,2.4,3.2,50.1,0.401,1294.5,0.43,7,3,0.2062,0,0.0316,0,0.0,1.78
Guwahati-Jalukbari-Khanapara Urban,31.6,1159.6,30.7,245.1,578.4,17.8,0.95,316.3,0.831,4,3,0.6124,1,0.5942,1,89.6,3.91
NH-15 (North Bank Brahmaputra),55.3,821.1,0.7,1.9,2.5,39.2,0.327,224.0,0.527,3,2,0.1911,0,0.1165,0,0.0,1.99
NH-37 (Silchar-Imphal),20.9,1905.6,66.3,345.1,750.0,34.1,0.95,1110.4,0.489,2,2,0.3864,0,0.3621,1,93.8,3.33
NH-27 (East-West Corridor),29.7,421.1,1.9,2.6,5.1,27.7,0.173,517.5,0.35,1,4,0.0603,0,0.0511,0,0.0,1.33
NH-37 (Silchar-Imphal),19.9,2018.3,0.5,1.2,2.2,48.1,0.335,603.0,0.586,5,4,0.0344,0,0.0479,0,0.0,1.27
NH-37 (Silchar-Imphal),54.8,1203.7,17.0,111.6,344.6,41.3,0.95,175.3,0.88,4,2,0.8036,0,0.592,0,0.0,3.8
NH-10 (Siliguri-Gangtok),52.7,1528.8,35.6,276.9,750.0,45.4,0.95,390.4,0.624,7,3,0.8225,1,0.5606,0,0.0,3.66
NH-37 (Silchar-Imphal),26.1,1569.8,5.1,9.8,15.6,31.6,0.229,177.4,0.599,1,4,0.0432,0,0.1241,0,0.0,1.37
NH-27 (East-West Corridor),43.4,2006.0,20.4,118.0,318.1,52.7,0.95,1840.8,0.43,3,5,0.7919,1,0.2193,1,37.5,3.24
NH-27 (East-West Corridor),50.1,1527.8,0.8,1.6,3.0,28.8,0.247,373.1,0.657,4,2,0.171,0,0.076,0,0.0,1.9
NH-15 (North Bank Brahmaputra),38.9,1485.8,0.0,0.1,0.2,36.2,0.345,802.0,0.578,3,4,0.137,0,0.0374,0,0.0,1.49
NH-37 (Silchar-Imphal),37.8,473.3,0.6,0.8,1.3,52.3,0.288,181.8,0.539,5,3,0.1495,1,0.128,0,0.0,1.76
NH-06 (Guwahati-Shillong),25.4,1309.1,4.0,4.9,8.3,18.3,0.147,1029.3,0.639,1,2,0.0362,0,0.0335,0,0.0,1.56
NH-15 (North Bank Brahmaputra),19.0,627.8,0.1,0.1,0.2,19.4,0.321,462.1,0.223,3,4,0.0294,0,0.0569,0,0.0,1.27
NH-15 (North Bank Brahmaputra),53.6,1714.3,1.1,3.3,5.7,54.8,0.293,1975.6,0.532,2,3,0.1847,0,0.0278,0,0.0,1.73
NH-37 (Silchar-Imphal),53.7,1297.6,0.3,0.6,1.2,53.9,0.291,1902.2,0.335,2,2,0.1965,1,0.029,0,0.0,1.91
NH-10 (Siliguri-Gangtok),42.2,1608.4,1.1,1.1,2.1,45.9,0.213,464.8,0.555,4,1,0.1635,0,0.0675,0,0.0,2.03
NH-06 (Guwahati-Shillong),29.6,427.1,3.7,6.6,10.7,34.4,0.302,1999.8,0.42,8,4,0.0811,0,0.0261,0,0.0,1.35
Guwahati-Jalukbari-Khanapara Urban,30.0,506.9,14.0,82.9,320.6,35.2,0.95,4599.3,0.432,2,4,0.5898,1,0.1052,1,18.3,2.69
Guwahati-Jalukbari-Khanapara Urban,46.2,1675.2,52.3,323.3,750.0,25.3,0.95,1546.3,0.31,5,1,0.8232,1,0.3405,1,87.9,4.41
NH-06 (Guwahati-Shillong),53.6,483.4,36.4,208.0,424.3,32.3,0.95,1640.8,0.751,3,4,0.7886,0,0.3029,0,0.0,3.18
NH-15 (North Bank Brahmaputra),53.1,481.8,5.8,16.9,30.5,32.3,0.405,379.1,0.428,3,2,0.2214,1,0.0856,0,0.0,2.02
NH-37 (Silchar-Imphal),48.5,372.4,18.2,146.0,488.5,16.4,0.95,837.7,0.438,3,3,0.7931,1,0.3412,0,0.0,3.38
Guwahati-Jalukbari-Khanapara Urban,42.6,2119.5,12.5,95.2,201.3,33.1,0.829,205.7,0.826,2,5,0.7061,0,0.4013,0,0.0,2.95
NH-10 (Siliguri-Gangtok),18.6,1714.4,1.1,2.7,4.4,34.2,0.314,229.8,0.652,3,2,0.0278,0,0.1137,0,0.0,1.62
Guwahati-Jalukbari-Khanapara Urban,22.0,1003.5,5.0,13.3,19.7,41.6,0.235,5000.0,0.184,4,3,0.0435,0,0.0276,0,0.0,1.42
NH-10 (Siliguri-Gangtok),53.6,898.6,50.8,318.4,750.0,35.7,0.95,466.4,0.799,6,4,0.8043,1,0.5021,1,118.4,4.09
NH-06 (Guwahati-Shillong),41.1,997.0,21.9,144.0,464.5,49.5,0.95,1253.2,0.847,0,4,0.7276,1,0.2957,0,0.0,3.04
NH-10 (Siliguri-Gangtok),15.4,1783.1,8.8,78.9,320.6,29.7,0.95,1464.7,0.83,5,3,0.3075,0,0.0926,1,36.6,2.34
NH-27 (East-West Corridor),19.4,1573.5,38.4,170.3,376.7,31.4,0.95,1711.7,0.67,1,4,0.3219,0,0.2964,1,72.3,2.69
NH-27 (East-West Corridor),43.5,692.6,21.9,144.6,401.7,37.9,0.95,4985.3,0.352,6,5,0.8043,1,0.2508,1,46.3,3.36
NH-27 (East-West Corridor),15.2,672.1,47.0,310.2,750.0,23.1,0.95,371.1,0.541,4,3,0.3162,0,0.5623,0,0.0,2.55
NH-27 (East-West Corridor),21.9,532.0,1.4,3.4,4.3,30.7,0.145,183.0,0.289,0,1,0.0303,0,0.1321,0,0.0,1.8
NH-06 (Guwahati-Shillong),38.6,1571.6,2.0,3.4,6.1,42.4,0.326,573.7,0.394,4,3,0.1559,1,0.0526,0,0.0,1.69
NH-10 (Siliguri-Gangtok),44.8,1764.1,11.1,85.7,305.2,31.5,0.95,261.5,0.35,6,4,0.8056,1,0.3151,0,0.0,3.23
NH-15 (North Bank Brahmaputra),43.0,840.3,3.2,3.3,4.4,51.3,0.267,168.1,0.437,2,2,0.1656,0,0.1416,0,0.0,1.95
NH-37 (Silchar-Imphal),24.6,388.7,15.4,92.0,245.9,39.6,0.95,507.6,0.58,1,1,0.4454,1,0.2903,0,0.0,2.87
NH-27 (East-West Corridor),45.6,502.0,21.7,130.8,323.7,21.2,0.95,1375.0,0.47,0,2,0.7643,0,0.281,1,51.5,3.8
NH-27 (East-West Corridor),25.2,2140.5,54.8,380.0,750.0,34.5,0.95,818.1,0.462,9,1,0.525,0,0.4216,1,84.2,3.8
Guwahati-Jalukbari-Khanapara Urban,29.0,896.6,28.5,203.0,504.9,45.6,0.95,450.1,0.498,9,4,0.6098,1,0.5112,0,0.0,3.0
NH-27 (East-West Corridor),47.1,1773.1,3.3,6.2,8.1,40.7,0.315,999.8,0.82,2,2,0.1611,0,0.037,0,0.0,1.84
NH-37 (Silchar-Imphal),42.9,1505.6,1.8,3.4,4.5,50.4,0.249,361.2,0.88,2,4,0.1367,0,0.0739,0,0.0,1.52
NH-37 (Silchar-Imphal),51.5,1056.6,1.6,3.7,7.0,45.0,0.381,161.6,0.469,2,2,0.1951,0,0.1464,1,21.4,2.18
NH-15 (North Bank Brahmaputra),43.3,730.5,4.9,65.6,242.7,17.5,0.95,1306.3,0.61,4,5,0.7417,0,0.0579,0,0.0,2.69
Guwahati-Jalukbari-Khanapara Urban,39.4,574.6,12.4,85.7,262.4,19.5,0.95,932.0,0.399,4,3,0.7561,1,0.1435,0,0.0,3.11
NH-15 (North Bank Brahmaputra),19.0,1487.8,26.0,170.0,450.2,41.0,0.95,1299.4,0.688,5,1,0.3872,0,0.3482,1,52.5,3.19
NH-06 (Guwahati-Shillong),30.8,1783.1,0.1,0.2,0.3,24.5,0.359,181.8,0.464,3,4,0.0796,0,0.1184,0,0.0,1.44
NH-15 (North Bank Brahmaputra),26.4,1541.2,0.1,0.2,0.3,38.5,0.277,1601.8,0.422,2,3,0.0512,0,0.0276,0,0.0,1.44
NH-06 (Guwahati-Shillong),25.5,1331.1,7.0,57.4,180.6,46.7,0.903,923.1,0.88,3,3,0.3585,1,0.0725,0,0.0,2.16
NH-10 (Siliguri-Gangtok),56.8,427.6,4.9,11.1,14.6,38.1,0.365,813.0,0.306,1,5,0.1891,0,0.0377,0,0.0,1.45
NH-15 (North Bank Brahmaputra),31.9,2141.7,1.0,1.2,1.8,31.6,0.387,933.8,0.108,1,3,0.0965,0,0.0358,0,0.0,1.55
NH-15 (North Bank Brahmaputra),53.4,1827.6,24.9,152.8,402.4,40.9,0.95,1748.6,0.682,2,4,0.7897,0,0.2833,0,0.0,3.17
NH-37 (Silchar-Imphal),42.1,891.7,17.3,128.6,468.3,20.7,0.95,857.3,0.484,1,2,0.7562,1,0.3173,0,0.0,3.43
NH-37 (Silchar-Imphal),49.2,2162.9,1.9,5.6,8.0,43.9,0.23,845.8,0.434,1,4,0.1618,0,0.0362,0,0.0,1.54
NH-15 (North Bank Brahmaputra),36.6,1463.5,63.8,330.9,750.0,42.9,0.95,3890.4,0.88,5,1,0.7394,1,0.3296,1,85.3,4.19
NH-27 (East-West Corridor),39.8,1427.5,0.7,2.1,2.8,35.6,0.17,1280.9,0.681,5,5,0.1311,0,0.026,0,0.0,1.31
NH-27 (East-West Corridor),36.2,1733.9,6.6,62.9,147.0,26.2,0.847,617.1,0.539,2,2,0.5646,1,0.105,0,0.0,2.8
NH-27 (East-West Corridor),23.4,1851.8,0.4,0.4,0.6,46.9,0.351,1133.2,0.423,4,2,0.0477,0,0.0342,0,0.0,1.59
NH-15 (North Bank Brahmaputra),46.1,1564.5,0.1,0.1,0.1,35.4,0.296,544.4,0.63,3,5,0.1554,1,0.0479,0,0.0,1.39
NH-15 (North Bank Brahmaputra),27.1,587.0,10.3,60.4,202.8,17.4,0.795,357.9,0.238,5,2,0.4671,1,0.1662,1,49.9,3.02
NH-10 (Siliguri-Gangtok),16.0,975.8,0.6,0.7,0.8,51.7,0.198,876.8,0.457,1,2,0.023,0,0.0386,0,0.0,1.54
NH-37 (Silchar-Imphal),42.8,2067.0,29.4,151.9,380.6,45.7,0.95,2256.9,0.543,1,3,0.7695,1,0.2929,0,0.0,3.28
NH-27 (East-West Corridor),22.6,765.5,21.6,120.8,264.6,38.4,0.95,2267.6,0.588,4,5,0.4185,0,0.2192,0,0.0,2.14
NH-15 (North Bank Brahmaputra),55.4,1038.5,34.8,281.2,693.9,32.5,0.95,484.7,0.524,2,4,0.7951,0,0.4916,1,66.7,3.89
NH-27 (East-West Corridor),56.0,1149.3,19.7,127.2,370.3,53.4,0.95,750.1,0.425,5,1,0.8455,1,0.3708,0,0.0,3.83
NH-37 (Silchar-Imphal),54.3,1162.9,0.2,0.3,0.4,46.0,0.18,340.2,0.716,4,4,0.1665,0,0.0747,0,0.0,1.59
NH-27 (East-West Corridor),30.9,1483.9,9.2,82.1,272.1,36.4,0.95,4496.6,0.253,2,3,0.6276,1,0.0927,0,0.0,2.77
Guwahati-Jalukbari-Khanapara Urban,15.7,2094.7,1.4,3.1,5.0,41.1,0.194,3325.6,0.5,5,5,0.0243,0,0.0231,0,0.0,1.08
Guwahati-Jalukbari-Khanapara Urban,54.9,795.3,5.1,14.4,20.7,26.2,0.438,988.7,0.457,3,3,0.2101,1,0.0374,1,31.1,2.03
NH-06 (Guwahati-Shillong),33.4,574.8,21.6,172.3,403.5,22.8,0.95,1455.4,0.732,1,3,0.6279,0,0.3062,0,0.0,2.98
NH-37 (Silchar-Imphal),56.6,715.3,6.9,20.6,40.3,25.9,0.262,1154.5,0.467,2,3,0.1967,1,0.0346,0,0.0,1.77
Guwahati-Jalukbari-Khanapara Urban,56.4,1990.8,38.4,222.6,505.5,26.7,0.95,869.5,0.629,2,3,0.79,1,0.3807,0,0.0,3.41
NH-37 (Silchar-Imphal),51.7,1544.8,2.3,6.6,7.7,44.6,0.363,193.9,0.61,0,4,0.1652,0,0.1208,0,0.0,1.63
NH-10 (Siliguri-Gangtok),27.7,878.9,7.9,60.5,202.4,20.6,0.95,635.2,0.22,2,1,0.4868,0,0.1089,0,0.0,2.78
NH-37 (Silchar-Imphal),31.6,1859.5,56.1,380.0,750.0,46.1,0.95,1048.6,0.538,1,2,0.6321,0,0.3744,1,96.9,3.89
NH-06 (Guwahati-Shillong),51.6,1943.5,0.3,0.8,1.3,35.9,0.318,1055.4,0.236,0,2,0.1769,0,0.0346,0,0.0,1.87
NH-06 (Guwahati-Shillong),28.6,1916.1,18.4,124.5,336.4,30.4,0.95,523.6,0.613,2,3,0.5447,0,0.3974,1,55.5,3.31
NH-10 (Siliguri-Gangtok),22.3,2050.0,66.7,380.0,750.0,27.0,0.95,2423.6,0.419,6,2,0.4484,0,0.314,1,87.4,3.4
NH-37 (Silchar-Imphal),38.9,816.6,1.2,3.0,3.6,35.5,0.137,296.5,0.764,1,2,0.1082,1,0.0906,0,0.0,1.78
NH-15 (North Bank Brahmaputra),55.3,1746.8,1.5,3.1,6.2,27.7,0.158,705.1,0.517,4,5,0.1628,0,0.0372,0,0.0,1.4
NH-37 (Silchar-Imphal),44.9,1202.0,22.8,116.0,384.6,32.2,0.95,1089.2,0.411,7,1,0.8179,1,0.2911,0,0.0,3.69
Guwahati-Jalukbari-Khanapara Urban,39.5,1907.7,0.9,2.1,3.6,44.6,0.281,1105.6,0.766,3,5,0.1291,0,0.0292,0,0.0,1.31
Guwahati-Jalukbari-Khanapara Urban,19.2,1697.7,0.1,0.1,0.3,40.0,0.154,986.8,0.393,3,5,0.0261,0,0.0296,0,0.0,1.09
NH-06 (Guwahati-Shillong),41.4,1786.4,85.0,380.0,750.0,44.9,0.95,407.6,0.711,6,4,0.7817,1,0.5374,1,115.3,4.08
NH-37 (Silchar-Imphal),57.6,1563.9,0.3,0.3,0.5,43.5,0.235,285.9,0.634,6,1,0.1963,0,0.1005,0,0.0,2.13
NH-27 (East-West Corridor),21.0,678.2,3.2,54.9,168.6,47.6,0.907,958.3,0.484,4,2,0.2951,1,0.066,0,0.0,2.16
Guwahati-Jalukbari-Khanapara Urban,37.3,1358.3,43.5,200.6,636.4,23.1,0.95,881.6,0.31,3,5,0.7321,1,0.3512,0,0.0,2.96
NH-37 (Silchar-Imphal),52.7,2171.6,32.1,147.4,358.4,54.8,0.95,308.1,0.773,5,5,0.8127,1,0.5695,1,77.0,3.93
NH-10 (Siliguri-Gangtok),46.9,2084.2,0.3,0.9,1.1,34.0,0.334,1127.0,0.64,2,5,0.1539,0,0.0286,0,0.0,1.37
Guwahati-Jalukbari-Khanapara Urban,45.0,429.9,1.0,1.2,2.2,43.7,0.126,635.8,0.411,1,5,0.1376,0,0.041,0,0.0,1.34
NH-06 (Guwahati-Shillong),45.2,654.9,0.2,0.3,0.4,42.1,0.317,1031.5,0.594,2,1,0.1677,0,0.0372,0,0.0,2.01
NH-06 (Guwahati-Shillong),30.5,593.7,43.7,292.8,750.0,37.6,0.95,1603.0,0.731,3,3,0.6004,1,0.3194,1,59.7,3.38
NH-06 (Guwahati-Shillong),27.6,1693.1,0.1,0.3,0.3,54.8,0.319,298.8,0.57,3,4,0.0617,0,0.0872,0,0.0,1.37
NH-06 (Guwahati-Shillong),49.8,1862.9,1.2,2.2,2.8,23.7,0.255,165.5,0.593,4,2,0.1718,0,0.135,0,0.0,1.96
NH-37 (Silchar-Imphal),49.8,745.0,3.3,5.4,9.0,31.9,0.275,1358.0,0.736,1,3,0.1506,0,0.0296,0,0.0,1.66
NH-15 (North Bank Brahmaputra),52.3,1285.8,1.8,3.7,5.6,20.1,0.157,902.7,0.827,5,2,0.1587,1,0.036,0,0.0,1.83
NH-37 (Silchar-Imphal),54.3,1905.3,1.9,2.8,5.1,22.3,0.389,1112.2,0.528,0,1,0.17,0,0.0357,0,0.0,2.01
Guwahati-Jalukbari-Khanapara Urban,37.0,1705.7,15.9,140.4,516.4,43.5,0.95,1606.9,0.309,2,1,0.7538,1,0.2922,0,0.0,3.55
NH-27 (East-West Corridor),36.6,1353.1,0.8,1.4,2.8,15.2,0.284,1448.9,0.316,4,1,0.1321,0,0.0305,0,0.0,1.92
NH-06 (Guwahati-Shillong),49.3,1442.1,3.7,9.7,11.1,50.6,0.199,2743.7,0.426,4,3,0.1913,0,0.0272,0,0.0,1.75
NH-27 (East-West Corridor),42.9,1290.5,0.2,0.5,0.6,40.3,0.213,764.2,0.382,1,3,0.1449,0,0.0397,0,0.0,1.66
NH-06 (Guwahati-Shillong),45.2,900.5,58.9,364.1,750.0,32.6,0.95,686.3,0.247,3,2,0.8091,1,0.4417,1,92.5,4.34
Guwahati-Jalukbari-Khanapara Urban,49.2,1395.3,15.7,84.1,302.3,28.3,0.95,561.2,0.88,3,4,0.7675,0,0.2074,1,49.6,3.42
NH-10 (Siliguri-Gangtok),53.3,1624.4,3.6,7.3,13.2,20.1,0.206,283.5,0.645,5,5,0.1667,0,0.0823,0,0.0,1.45
NH-06 (Guwahati-Shillong),29.5,1965.6,21.6,133.3,426.2,51.9,0.95,830.0,0.456,0,2,0.5845,0,0.3577,1,48.6,3.45
NH-10 (Siliguri-Gangtok),31.2,1527.1,0.8,2.1,2.8,43.5,0.282,409.5,0.544,5,1,0.0958,1,0.0764,1,7.6,1.94
NH-15 (North Bank Brahmaputra),19.0,1758.1,34.7,213.3,500.6,28.5,0.95,2183.8,0.228,5,2,0.4079,0,0.3148,0,0.0,2.66
NH-06 (Guwahati-Shillong),39.9,646.1,3.1,8.6,13.4,17.8,0.197,850.1,0.758,5,4,0.13,0,0.0348,0,0.0,1.47
NH-27 (East-West Corridor),16.5,1203.9,21.3,148.4,347.4,28.0,0.95,868.8,0.199,2,3,0.3372,0,0.3487,0,0.0,2.39
NH-15 (North Bank Brahmaputra),35.0,367.3,56.4,299.3,750.0,22.4,0.95,500.7,0.642,6,3,0.7074,0,0.4933,0,0.0,3.34
NH-06 (Guwahati-Shillong),38.3,806.4,15.3,110.7,363.5,46.5,0.95,192.7,0.219,2,2,0.7706,1,0.5647,0,0.0,3.7
NH-27 (East-West Corridor),27.3,1694.0,0.1,0.2,0.4,43.8,0.303,175.8,0.475,4,3,0.0629,0,0.1288,1,24.7,1.75
NH-10 (Siliguri-Gangtok),40.4,2184.8,1.8,4.2,7.3,34.9,0.3,590.4,0.774,0,5,0.1157,0,0.0455,0,0.0,1.3
NH-37 (Silchar-Imphal),16.3,533.5,31.9,200.6,677.6,50.4,0.95,220.7,0.256,1,3,0.3394,0,0.6737,1,91.8,3.39
NH-15 (North Bank Brahmaputra),16.6,1092.8,6.5,18.4,29.9,22.2,0.385,896.8,0.523,3,3,0.0293,0,0.0402,0,0.0,1.4
NH-10 (Siliguri-Gangtok),50.4,1830.1,18.7,129.5,314.8,33.1,0.95,1852.7,0.663,0,1,0.777,0,0.2701,0,0.0,3.58
NH-37 (Silchar-Imphal),30.5,727.5,25.5,196.3,435.1,43.4,0.95,1865.9,0.634,5,1,0.6496,1,0.3337,1,51.6,3.75
Guwahati-Jalukbari-Khanapara Urban,20.5,1376.9,49.8,353.9,750.0,17.7,0.95,1010.8,0.563,8,3,0.3865,1,0.355,0,0.0,2.5
Guwahati-Jalukbari-Khanapara Urban,37.5,1706.2,0.7,1.6,2.7,29.9,0.279,339.8,0.639,4,3,0.1262,0,0.0789,1,5.0,1.69
Guwahati-Jalukbari-Khanapara Urban,48.1,1489.6,14.4,133.7,339.4,37.9,0.95,1740.2,0.44,3,3,0.8055,1,0.2491,0,0.0,3.32
NH-15 (North Bank Brahmaputra),24.3,697.8,30.2,154.3,311.2,29.7,0.95,1887.9,0.88,3,2,0.4302,1,0.3047,1,46.7,3.05
Guwahati-Jalukbari-Khanapara Urban,41.8,1007.5,78.4,380.0,750.0,34.2,0.95,325.2,0.26,2,4,0.7777,1,0.5831,0,0.0,3.44
NH-06 (Guwahati-Shillong),18.7,1800.0,1.3,1.5,1.8,39.3,0.347,1219.8,0.759,2,2,0.0267,0,0.0328,0,0.0,1.54
NH-15 (North Bank Brahmaputra),17.2,1375.3,1.1,2.8,5.2,29.7,0.395,420.1,0.584,8,4,0.0291,0,0.0648,0,0.0,1.28
NH-10 (Siliguri-Gangtok),37.8,359.7,2.5,3.7,5.2,19.2,0.218,1448.2,0.661,3,5,0.1088,0,0.0248,0,0.0,1.26
NH-27 (East-West Corridor),38.2,1757.8,2.1,2.2,2.6,20.6,0.373,4863.4,0.693,0,3,0.112,0,0.0259,0,0.0,1.57
NH-06 (Guwahati-Shillong),42.4,415.3,61.1,380.0,750.0,36.1,0.95,174.4,0.65,4,2,0.7849,1,0.7179,0,0.0,3.89
NH-15 (North Bank Brahmaputra),46.2,1729.6,60.4,274.2,750.0,22.0,0.95,1971.3,0.404,4,4,0.7969,1,0.2935,1,83.1,3.82
NH-15 (North Bank Brahmaputra),57.0,724.6,0.6,0.8,1.2,50.6,0.135,929.6,0.498,1,3,0.1592,0,0.0347,0,0.0,1.68
NH-06 (Guwahati-Shillong),37.2,2122.4,59.5,344.0,750.0,48.4,0.95,3051.0,0.289,1,5,0.7328,1,0.2863,1,81.2,3.5
Guwahati-Jalukbari-Khanapara Urban,28.9,1030.7,2.1,3.0,4.1,29.0,0.254,650.4,0.496,2,4,0.0597,0,0.0431,0,0.0,1.32
NH-15 (North Bank Brahmaputra),49.2,954.8,10.4,24.5,40.4,48.2,0.383,1653.9,0.608,3,3,0.2263,1,0.0351,0,0.0,1.83
NH-06 (Guwahati-Shillong),26.6,625.4,2.1,2.5,4.7,36.3,0.383,201.5,0.659,3,3,0.0552,1,0.121,0,0.0,1.54
NH-27 (East-West Corridor),33.9,915.4,1.9,3.9,6.6,21.4,0.393,476.7,0.62,5,2,0.1152,0,0.0638,0,0.0,1.77
NH-10 (Siliguri-Gangtok),18.4,1971.8,16.8,156.9,411.1,39.6,0.95,205.5,0.234,3,3,0.3786,1,0.6537,0,0.0,2.78
Guwahati-Jalukbari-Khanapara Urban,16.1,2193.2,0.7,1.0,2.1,42.2,0.219,3112.2,0.449,1,3,0.0221,0,0.0257,0,0.0,1.37
Guwahati-Jalukbari-Khanapara Urban,56.4,1031.4,12.9,69.7,178.1,18.4,0.95,1508.5,0.431,4,3,0.7636,0,0.0843,0,0.0,3.06
NH-27 (East-West Corridor),50.9,1179.9,6.9,8.3,13.1,27.6,0.39,1681.4,0.314,4,3,0.2093,0,0.0294,0,0.0,1.79
NH-06 (Guwahati-Shillong),44.9,1685.8,29.3,152.9,515.0,15.2,0.95,2374.0,0.4,6,4,0.7967,1,0.2706,0,0.0,3.17
NH-27 (East-West Corridor),32.6,1989.5,0.7,1.2,1.3,27.7,0.135,221.2,0.55,6,1,0.0913,0,0.1154,0,0.0,1.92
NH-37 (Silchar-Imphal),22.5,1447.1,2.9,4.9,8.4,28.4,0.315,539.7,0.804,6,1,0.0386,0,0.0603,0,0.0,1.74
NH-10 (Siliguri-Gangtok),21.7,1074.3,0.3,0.7,1.0,40.2,0.278,208.9,0.378,6,2,0.0409,0,0.1203,0,0.0,1.66
NH-10 (Siliguri-Gangtok),25.8,1113.4,2.9,3.3,4.2,23.0,0.164,339.4,0.347,2,4,0.0422,0,0.0732,0,0.0,1.32
NH-27 (East-West Corridor),38.6,1636.9,3.4,9.3,12.5,16.2,0.374,358.4,0.442,3,1,0.1494,0,0.0866,0,0.0,2.01
NH-15 (North Bank Brahmaputra),45.7,356.0,18.1,114.4,420.6,27.6,0.95,656.6,0.611,7,2,0.8033,1,0.3304,0,0.0,3.54
NH-15 (North Bank Brahmaputra),43.4,1496.2,49.8,269.1,750.0,48.0,0.95,400.2,0.77,1,2,0.7648,0,0.5696,0,0.0,3.7
NH-10 (Siliguri-Gangtok),27.0,1007.7,24.5,109.3,273.0,31.0,0.95,235.2,0.534,4,3,0.533,1,0.5539,0,0.0,3.02
NH-10 (Siliguri-Gangtok),56.1,1819.3,5.5,14.6,17.6,31.6,0.184,296.6,0.29,6,3,0.2061,0,0.0928,0,0.0,1.85
NH-15 (North Bank Brahmaputra),46.7,522.0,1.4,1.9,2.7,33.8,0.266,277.5,0.328,1,2,0.1648,0,0.0979,0,0.0,1.91
NH-06 (Guwahati-Shillong),38.8,1438.2,0.6,0.7,1.2,45.1,0.196,3041.8,0.584,3,3,0.13,0,0.0257,0,0.0,1.61
Guwahati-Jalukbari-Khanapara Urban,41.3,1239.8,3.8,28.7,109.8,34.2,0.487,1289.3,0.729,2,4,0.2753,1,0.0345,0,0.0,1.79
Guwahati-Jalukbari-Khanapara Urban,33.0,1538.3,19.2,125.5,388.4,18.7,0.95,2897.7,0.877,3,4,0.622,1,0.2226,0,0.0,2.74
Guwahati-Jalukbari-Khanapara Urban,25.7,470.0,55.6,358.2,699.3,23.3,0.95,613.5,0.337,4,2,0.5171,1,0.4613,0,0.0,3.04
NH-27 (East-West Corridor),30.3,1423.0,26.6,177.0,602.8,22.5,0.95,411.0,0.575,3,4,0.5893,0,0.5153,0,0.0,2.96
NH-27 (East-West Corridor),47.6,1388.7,2.2,3.4,4.1,35.3,0.14,1430.8,0.365,1,1,0.1564,1,0.0309,0,0.0,1.97
Guwahati-Jalukbari-Khanapara Urban,15.6,1387.2,0.1,0.4,0.5,16.2,0.385,465.9,0.388,3,4,0.0244,0,0.0572,0,0.0,1.26
NH-37 (Silchar-Imphal),20.0,1466.5,0.8,2.3,3.7,26.3,0.145,434.6,0.373,0,4,0.0233,0,0.0586,0,0.0,1.26
NH-37 (Silchar-Imphal),17.0,1601.5,0.0,0.1,0.2,39.3,0.213,361.7,0.49,2,3,0.0234,0,0.0744,0,0.0,1.43
NH-06 (Guwahati-Shillong),16.8,1839.2,2.8,5.5,10.3,29.2,0.174,261.1,0.391,5,2,0.0272,0,0.1011,0,0.0,1.61
NH-27 (East-West Corridor),51.8,849.2,2.0,5.6,7.8,43.3,0.408,387.1,0.88,3,4,0.177,0,0.0723,0,0.0,1.61
Guwahati-Jalukbari-Khanapara Urban,45.3,1876.3,41.6,206.0,604.1,30.6,0.95,501.2,0.467,0,1,0.7748,1,0.5221,1,120.6,4.5
NH-37 (Silchar-Imphal),35.4,1271.8,22.7,119.1,294.5,54.2,0.95,1046.7,0.728,1,5,0.6792,0,0.2667,0,0.0,2.76
Guwahati-Jalukbari-Khanapara Urban,19.2,492.6,4.4,60.6,173.6,53.6,0.909,201.7,0.431,3,4,0.2821,1,0.2115,0,0.0,1.98
NH-10 (Siliguri-Gangtok),36.1,458.3,39.0,175.4,418.5,47.0,0.95,339.1,0.88,6,4,0.7217,0,0.5742,0,0.0,3.31
NH-37 (Silchar-Imphal),35.4,968.3,3.0,4.8,5.4,53.2,0.388,1474.5,0.611,2,4,0.1197,0,0.0291,1,14.1,1.55
Guwahati-Jalukbari-Khanapara Urban,22.4,1802.1,3.1,7.8,14.7,23.2,0.361,277.1,0.701,0,1,0.0326,0,0.1062,0,0.0,1.78
NH-27 (East-West Corridor),33.7,1659.2,7.7,63.7,240.8,45.0,0.919,485.6,0.444,2,5,0.6378,0,0.1206,0,0.0,2.52
NH-27 (East-West Corridor),32.1,1808.9,4.7,9.7,13.9,27.9,0.311,1750.0,0.726,4,4,0.0883,0,0.0269,0,0.0,1.37
NH-10 (Siliguri-Gangtok),41.5,1306.9,5.0,6.2,8.8,44.0,0.245,284.7,0.61,2,3,0.1438,0,0.0954,0,0.0,1.71
NH-10 (Siliguri-Gangtok),42.3,1164.4,1.6,2.6,4.3,30.0,0.339,219.1,0.482,6,4,0.1701,0,0.1068,0,0.0,1.63
NH-06 (Guwahati-Shillong),16.9,622.8,1.3,2.0,3.1,26.6,0.288,680.2,0.356,9,4,0.028,0,0.0415,0,0.0,1.25
Guwahati-Jalukbari-Khanapara Urban,31.1,957.2,0.1,0.2,0.4,53.4,0.319,438.1,0.507,4,4,0.0912,0,0.0631,0,0.0,1.41
NH-37 (Silchar-Imphal),41.9,1152.9,1.7,2.3,3.7,23.4,0.166,813.0,0.492,3,2,0.1397,0,0.0388,0,0.0,1.8
NH-37 (Silchar-Imphal),36.6,513.9,1.1,2.8,3.4,45.3,0.242,1452.9,0.706,3,3,0.1168,0,0.0288,0,0.0,1.59
NH-15 (North Bank Brahmaputra),51.8,758.1,28.6,156.8,549.3,42.0,0.95,268.0,0.508,6,4,0.8218,0,0.6084,0,0.0,3.56
NH-15 (North Bank Brahmaputra),43.3,1456.7,1.0,2.1,3.8,27.1,0.407,845.3,0.204,3,4,0.18,1,0.0363,0,0.0,1.58
NH-37 (Silchar-Imphal),22.0,1711.0,2.3,3.4,5.7,33.3,0.125,713.4,0.666,2,3,0.0281,0,0.0412,0,0.0,1.4
NH-06 (Guwahati-Shillong),18.0,2196.9,0.2,0.3,0.5,20.7,0.346,274.5,0.783,0,3,0.0209,0,0.0931,0,0.0,1.44
Guwahati-Jalukbari-Khanapara Urban,42.6,2076.3,0.3,0.6,0.7,51.8,0.131,932.5,0.25,4,5,0.1601,0,0.0311,0,0.0,1.38
NH-10 (Siliguri-Gangtok),16.1,1538.7,3.1,62.1,176.9,53.7,0.714,405.8,0.875,1,3,0.1904,0,0.1291,0,0.0,1.85
NH-06 (Guwahati-Shillong),40.2,1129.3,10.8,80.3,283.6,44.3,0.95,685.3,0.801,0,4,0.7116,1,0.1473,1,25.7,3.05
NH-10 (Siliguri-Gangtok),55.4,1526.9,23.5,179.4,505.4,49.0,0.95,218.7,0.436,4,3,0.8289,1,0.6679,1,94.1,4.46
NH-06 (Guwahati-Shillong),39.7,1803.5,3.2,4.1,6.3,18.3,0.325,642.3,0.349,1,2,0.1374,0,0.0487,0,0.0,1.8
NH-06 (Guwahati-Shillong),31.7,568.9,46.2,223.7,640.1,30.4,0.95,442.8,0.74,3,3,0.6214,1,0.5246,1,102.9,3.86
NH-37 (Silchar-Imphal),42.7,1108.3,34.4,221.8,462.4,28.2,0.95,1532.5,0.303,1,4,0.7671,1,0.3057,0,0.0,3.14
NH-06 (Guwahati-Shillong),34.7,1903.6,2.3,6.2,11.6,37.6,0.208,196.9,0.43,2,5,0.0999,0,0.1085,0,0.0,1.33
NH-37 (Silchar-Imphal),38.5,1060.1,0.8,2.2,3.9,22.3,0.303,583.9,0.313,2,2,0.1361,0,0.052,0,0.0,1.8
NH-15 (North Bank Brahmaputra),55.5,1408.0,0.9,2.4,2.9,37.5,0.301,640.6,0.551,4,4,0.186,1,0.0445,0,0.0,1.6
NH-37 (Silchar-Imphal),31.6,1437.4,80.0,380.0,750.0,41.2,0.95,1182.8,0.814,2,3,0.6117,1,0.3454,0,0.0,2.99
NH-37 (Silchar-Imphal),56.3,691.3,44.8,228.2,655.0,20.3,0.95,833.2,0.617,3,1,0.8027,0,0.4115,0,0.0,3.77
NH-27 (East-West Corridor),53.9,1020.1,0.4,1.0,1.7,20.3,0.172,1030.2,0.733,6,4,0.1578,1,0.0296,0,0.0,1.53
NH-15 (North Bank Brahmaputra),23.4,968.8,6.9,72.8,272.3,16.4,0.95,1350.6,0.487,3,2,0.4165,0,0.0809,0,0.0,2.45
NH-37 (Silchar-Imphal),18.0,398.5,1.8,3.1,4.5,45.4,0.408,1735.6,0.568,1,4,0.0269,0,0.0274,0,0.0,1.24
NH-15 (North Bank Brahmaputra),19.3,394.8,5.7,10.4,16.8,28.2,0.363,451.4,0.329,2,2,0.0329,0,0.0702,0,0.0,1.59
Guwahati-Jalukbari-Khanapara Urban,15.8,1888.6,27.3,156.6,542.2,24.0,0.95,767.8,0.533,3,4,0.3065,0,0.3708,0,0.0,2.19
Guwahati-Jalukbari-Khanapara Urban,19.1,855.2,15.0,127.5,426.7,46.1,0.95,1616.6,0.416,3,2,0.3854,0,0.254,0,0.0,2.55
NH-06 (Guwahati-Shillong),44.4,1308.4,2.2,5.0,6.9,20.7,0.156,3791.4,0.521,2,2,0.1402,0,0.0261,0,0.0,1.78
NH-10 (Siliguri-Gangtok),18.1,902.6,1.4,2.9,4.4,32.1,0.224,1912.3,0.509,3,1,0.0268,0,0.0293,0,0.0,1.69
Guwahati-Jalukbari-Khanapara Urban,28.7,2090.3,2.5,4.9,9.1,44.8,0.423,521.5,0.493,7,3,0.0841,0,0.0592,0,0.0,1.54
NH-15 (North Bank Brahmaputra),51.3,829.7,3.5,4.1,5.3,38.0,0.282,323.7,0.88,2,3,0.155,1,0.0849,0,0.0,1.72
NH-10 (Siliguri-Gangtok),16.0,1144.9,18.2,100.3,255.6,37.2,0.95,687.7,0.868,3,1,0.3048,0,0.2873,0,0.0,2.55
NH-37 (Silchar-Imphal),50.0,1964.6,44.2,295.7,645.7,21.3,0.95,1232.7,0.805,6,2,0.7984,1,0.3451,0,0.0,3.55
NH-10 (Siliguri-Gangtok),27.1,1907.6,21.4,165.0,542.9,22.2,0.95,692.7,0.873,7,3,0.5129,0,0.4021,0,0.0,2.83
NH-37 (Silchar-Imphal),20.1,694.3,1.2,2.7,4.5,38.3,0.286,678.0,0.805,0,4,0.0237,0,0.0425,0,0.0,1.24
NH-27 (East-West Corridor),45.0,1834.9,54.1,380.0,750.0,15.9,0.95,1607.3,0.546,5,5,0.7846,1,0.2882,0,0.0,3.01
NH-15 (North Bank Brahmaputra),42.0,1197.6,0.8,0.9,1.7,49.8,0.141,508.8,0.528,5,3,0.1582,0,0.0557,0,0.0,1.7
NH-06 (Guwahati-Shillong),52.7,1243.5,26.8,147.3,461.9,29.0,0.95,1721.7,0.592,4,3,0.8067,1,0.2886,0,0.0,3.36
NH-10 (Siliguri-Gangtok),46.6,596.9,17.1,107.9,288.3,31.7,0.95,567.8,0.512,4,5,0.7921,0,0.2976,0,0.0,3.04
NH-10 (Siliguri-Gangtok),49.5,499.1,25.8,182.9,524.6,25.3,0.95,468.3,0.363,1,5,0.7803,1,0.4744,0,0.0,3.19
NH-15 (North Bank Brahmaputra),27.1,1696.7,1.5,2.6,4.3,50.1,0.143,634.1,0.603,0,2,0.0459,0,0.049,0,0.0,1.6
NH-10 (Siliguri-Gangtok),22.6,1268.5,3.9,5.5,7.7,40.7,0.307,1299.9,0.268,4,3,0.0445,0,0.0309,0,0.0,1.43
NH-06 (Guwahati-Shillong),47.3,1158.2,1.3,3.1,3.4,33.0,0.222,257.7,0.575,2,4,0.15,0,0.093,0,0.0,1.57
NH-27 (East-West Corridor),49.7,1699.6,20.5,162.5,366.0,38.4,0.95,324.9,0.371,6,4,0.8239,1,0.5622,1,84.3,4.15
NH-06 (Guwahati-Shillong),57.6,1766.2,0.2,0.4,0.6,30.2,0.378,2570.0,0.535,5,4,0.1996,0,0.0249,0,0.0,1.61
Guwahati-Jalukbari-Khanapara Urban,32.7,644.0,0.4,1.0,1.3,33.6,0.176,304.4,0.584,2,3,0.0803,0,0.0844,0,0.0,1.56
NH-06 (Guwahati-Shillong),31.0,1478.9,1.0,2.1,3.4,29.3,0.325,821.0,0.486,6,3,0.0902,0,0.0384,0,0.0,1.54
Guwahati-Jalukbari-Khanapara Urban,48.4,600.4,10.9,99.6,246.4,31.4,0.95,842.7,0.255,0,4,0.7787,0,0.1849,0,0.0,3.05
NH-10 (Siliguri-Gangtok),29.7,1740.0,6.7,18.8,35.2,27.6,0.466,688.1,0.336,3,2,0.0991,0,0.0532,0,0.0,1.72
NH-27 (East-West Corridor),55.0,1565.4,17.4,113.1,392.2,18.1,0.95,977.9,0.632,3,3,0.7911,0,0.2478,0,0.0,3.29
NH-37 (Silchar-Imphal),51.9,2119.7,16.8,121.7,362.0,16.5,0.95,358.9,0.45,7,3,0.8132,1,0.461,0,0.0,3.55
NH-27 (East-West Corridor),33.4,477.6,17.3,95.0,260.1,22.0,0.95,793.6,0.651,5,4,0.6671,0,0.2065,0,0.0,2.82
Guwahati-Jalukbari-Khanapara Urban,47.3,455.6,6.7,18.7,37.1,25.1,0.302,522.4,0.552,1,3,0.1734,0,0.0606,0,0.0,1.74
NH-27 (East-West Corridor),47.4,872.0,2.3,5.2,7.0,50.6,0.337,1017.0,0.514,5,3,0.2041,0,0.0353,0,0.0,1.78
NH-15 (North Bank Brahmaputra),19.4,834.2,1.0,2.7,3.7,39.4,0.276,271.8,0.613,4,2,0.0308,0,0.1007,0,0.0,1.62
NH-10 (Siliguri-Gangtok),53.8,806.9,2.4,2.6,3.2,53.3,0.213,826.8,0.429,2,4,0.1754,0,0.037,0,0.0,1.57
NH-06 (Guwahati-Shillong),36.7,2026.6,0.0,0.1,0.1,28.6,0.199,313.9,0.622,5,4,0.1165,0,0.0778,0,0.0,1.48
Guwahati-Jalukbari-Khanapara Urban,50.5,811.7,13.9,95.9,327.3,31.1,0.95,411.3,0.474,3,4,0.7983,1,0.3013,0,0.0,3.2
Guwahati-Jalukbari-Khanapara Urban,28.8,853.1,3.5,4.8,6.4,43.8,0.186,347.4,0.88,2,1,0.0564,0,0.0874,0,0.0,1.81
Guwahati-Jalukbari-Khanapara Urban,53.5,1754.9,19.8,122.1,455.5,38.1,0.95,311.5,0.346,4,3,0.8258,1,0.517,0,0.0,3.63
NH-10 (Siliguri-Gangtok),31.7,1182.0,0.9,2.4,4.7,36.1,0.299,1547.6,0.486,7,2,0.0992,0,0.0297,0,0.0,1.7
NH-27 (East-West Corridor),15.5,1786.9,21.3,135.5,394.8,38.0,0.95,419.2,0.493,3,4,0.3185,0,0.4724,0,0.0,2.32
Guwahati-Jalukbari-Khanapara Urban,53.9,470.9,16.4,115.8,307.3,38.4,0.95,2245.2,0.307,1,2,0.8087,1,0.219,0,0.0,3.45
NH-37 (Silchar-Imphal),18.9,1252.0,13.5,117.3,258.3,45.6,0.95,2953.3,0.681,2,4,0.3357,0,0.1943,0,0.0,2.08
Guwahati-Jalukbari-Khanapara Urban,28.7,412.2,40.3,214.6,475.7,41.7,0.95,827.5,0.473,3,1,0.5957,0,0.4214,1,80.6,3.93
NH-27 (East-West Corridor),55.9,465.9,14.1,121.5,326.6,53.3,0.95,273.5,0.122,4,3,0.8459,0,0.5225,1,63.1,4.15
NH-27 (East-West Corridor),55.9,2026.9,14.6,106.9,347.0,52.9,0.95,525.4,0.675,7,2,0.8294,1,0.338,1,61.8,4.07
NH-37 (Silchar-Imphal),39.7,607.6,7.7,9.2,15.4,31.9,0.406,1428.5,0.435,2,3,0.1554,0,0.0314,0,0.0,1.67
NH-06 (Guwahati-Shillong),42.2,1335.0,1.2,1.8,2.2,16.4,0.311,516.3,0.531,4,3,0.1528,0,0.0544,0,0.0,1.69
Guwahati-Jalukbari-Khanapara Urban,34.3,1110.5,1.3,1.9,2.3,15.4,0.332,222.8,0.672,5,3,0.106,0,0.1077,0,0.0,1.64
NH-27 (East-West Corridor),27.6,992.6,1.4,3.4,6.6,19.9,0.355,801.0,0.484,0,2,0.0528,0,0.041,0,0.0,1.61
NH-37 (Silchar-Imphal),29.1,2014.7,4.3,9.2,10.6,18.0,0.186,1642.1,0.483,4,1,0.068,0,0.0302,0,0.0,1.78
NH-37 (Silchar-Imphal),43.9,390.4,1.9,4.7,6.4,29.9,0.211,1421.4,0.88,5,4,0.1455,0,0.0268,0,0.0,1.5
NH-10 (Siliguri-Gangtok),47.4,1578.0,2.4,2.7,4.1,17.1,0.145,304.0,0.162,5,4,0.1731,0,0.0786,0,0.0,1.61
NH-27 (East-West Corridor),49.0,2132.3,1.0,1.9,2.2,40.0,0.164,1043.7,0.319,4,4,0.176,0,0.0305,0,0.0,1.57
NH-15 (North Bank Brahmaputra),49.0,1386.3,0.1,0.1,0.2,22.6,0.334,349.3,0.353,2,5,0.1648,0,0.0694,0,0.0,1.43
NH-27 (East-West Corridor),18.9,2083.1,38.3,280.6,750.0,35.6,0.95,346.9,0.872,4,5,0.3314,0,0.5562,0,0.0,2.28
NH-27 (East-West Corridor),36.3,446.7,6.0,14.4,16.2,19.1,0.356,1807.6,0.434,1,3,0.1196,0,0.029,0,0.0,1.59
NH-10 (Siliguri-Gangtok),17.5,1124.8,4.5,77.9,270.4,48.1,0.95,379.8,0.593,1,4,0.3071,0,0.184,0,0.0,2.01
NH-15 (North Bank Brahmaputra),38.6,831.3,5.8,6.3,8.7,46.2,0.224,394.4,0.465,4,3,0.1462,0,0.0734,0,0.0,1.69
NH-37 (Silchar-Imphal),34.0,1702.0,13.3,110.7,248.5,30.5,0.95,150.5,0.659,1,5,0.6359,1,0.5442,1,82.2,3.55
NH-37 (Silchar-Imphal),53.2,2165.4,18.4,81.3,302.2,51.4,0.95,1786.3,0.548,1,3,0.7956,1,0.131,0,0.0,3.18
NH-06 (Guwahati-Shillong),30.1,824.6,30.5,181.7,643.4,22.4,0.95,1408.5,0.596,1,4,0.5577,1,0.3042,0,0.0,2.68
NH-37 (Silchar-Imphal),20.0,1560.2,13.8,87.4,288.7,47.6,0.95,939.6,0.782,4,1,0.3831,0,0.176,0,0.0,2.62
NH-15 (North Bank Brahmaputra),21.1,716.5,0.3,0.6,0.9,36.8,0.398,1259.9,0.629,2,3,0.0329,0,0.0308,0,0.0,1.4
NH-27 (East-West Corridor),47.7,1395.9,27.5,182.2,586.1,28.2,0.95,281.9,0.418,2,4,0.7878,1,0.6024,1,86.8,4.13
NH-10 (Siliguri-Gangtok),41.6,1208.3,35.3,189.5,513.7,18.4,0.95,640.5,0.606,1,2,0.7429,0,0.4457,1,78.5,4.11
NH-15 (North Bank Brahmaputra),19.3,2148.2,25.5,168.9,584.2,21.9,0.95,496.1,0.88,1,1,0.3138,0,0.5078,1,78.1,3.38
NH-15 (North Bank Brahmaputra),18.6,1475.8,36.4,254.2,750.0,49.5,0.95,228.8,0.652,3,4,0.3515,0,0.6579,1,93.0,3.25
NH-15 (North Bank Brahmaputra),45.1,996.6,0.2,0.2,0.4,39.3,0.273,682.6,0.577,2,2,0.1584,0,0.0463,0,0.0,1.84
NH-06 (Guwahati-Shillong),18.1,561.1,15.6,125.6,414.1,24.5,0.95,2178.0,0.303,5,3,0.3788,1,0.2261,0,0.0,2.36
NH-37 (Silchar-Imphal),50.3,629.8,0.9,1.5,2.4,34.8,0.224,182.7,0.68,6,3,0.1743,1,0.1226,0,0.0,1.8
NH-10 (Siliguri-Gangtok),45.4,766.8,17.7,145.2,349.1,19.3,0.95,425.6,0.707,3,1,0.7786,1,0.5081,1,74.5,4.37
Guwahati-Jalukbari-Khanapara Urban,18.5,814.3,0.3,0.7,0.9,19.0,0.119,336.1,0.606,1,1,0.0209,0,0.0826,0,0.0,1.73
NH-37 (Silchar-Imphal),18.6,1923.6,6.0,66.8,205.4,51.3,0.95,367.6,0.571,2,5,0.2962,0,0.1549,0,0.0,1.8
NH-10 (Siliguri-Gangtok),57.4,1388.3,3.6,10.1,19.5,33.3,0.199,2062.6,0.88,6,2,0.1785,1,0.0284,0,0.0,1.87
NH-27 (East-West Corridor),31.1,1318.3,0.1,0.4,0.5,29.5,0.325,655.0,0.704,6,2,0.0863,0,0.0477,0,0.0,1.69
NH-15 (North Bank Brahmaputra),30.9,562.3,8.0,76.4,218.7,53.0,0.95,652.3,0.773,1,1,0.5812,0,0.1509,0,0.0,3.03
NH-15 (North Bank Brahmaputra),50.0,1941.3,37.0,278.0,750.0,31.0,0.95,1293.6,0.562,4,2,0.8099,1,0.3443,0,0.0,3.57
Guwahati-Jalukbari-Khanapara Urban,55.7,1687.2,25.4,164.3,544.8,28.4,0.95,284.3,0.526,6,3,0.8198,1,0.6053,1,93.5,4.38
NH-06 (Guwahati-Shillong),57.4,475.2,1.9,3.8,6.7,25.9,0.198,684.4,0.664,4,3,0.1676,0,0.0428,0,0.0,1.71
NH-06 (Guwahati-Shillong),47.4,1659.5,2.1,2.5,3.8,37.6,0.236,599.7,0.526,2,3,0.1595,1,0.049,0,0.0,1.7
NH-27 (East-West Corridor),31.2,1355.5,8.6,70.1,215.4,37.3,0.95,876.9,0.541,6,4,0.6115,0,0.0935,0,0.0,2.59
NH-10 (Siliguri-Gangtok),18.6,501.2,68.8,380.0,750.0,15.6,0.95,5000.0,0.633,1,3,0.3062,1,0.2958,1,107.4,2.94
Guwahati-Jalukbari-Khanapara Urban,48.4,1197.9,21.7,127.9,294.1,41.2,0.95,1323.8,0.458,5,3,0.8219,1,0.2752,0,0.0,3.38
NH-37 (Silchar-Imphal),39.0,1246.7,3.3,7.4,13.7,46.5,0.332,555.8,0.59,3,4,0.1463,0,0.0528,0,0.0,1.52
NH-27 (East-West Corridor),33.2,656.7,18.1,132.9,298.9,39.6,0.95,1556.1,0.564,2,4,0.6584,1,0.2532,1,49.2,3.22
NH-15 (North Bank Brahmaputra),54.0,2099.5,1.3,2.5,3.7,49.8,0.307,299.7,0.724,1,3,0.1661,0,0.0912,0,0.0,1.76
NH-15 (North Bank Brahmaputra),19.8,1922.5,0.6,1.1,2.0,26.1,0.374,174.7,0.44,3,1,0.0332,0,0.1409,1,18.0,1.95
NH-27 (East-West Corridor),36.2,1587.7,0.4,1.1,1.8,22.7,0.388,333.0,0.19,1,3,0.1242,0,0.0812,1,17.1,1.78
NH-27 (East-West Corridor),15.5,1205.2,2.7,3.4,5.1,42.9,0.396,482.9,0.494,2,3,0.0259,0,0.0623,0,0.0,1.42
NH-27 (East-West Corridor),35.2,1111.8,40.1,280.7,750.0,22.5,0.95,721.6,0.622,0,1,0.6683,0,0.4402,0,0.0,3.51
NH-37 (Silchar-Imphal),17.4,1554.3,0.5,1.1,2.0,18.6,0.272,913.9,0.724,2,1,0.0225,0,0.0381,0,0.0,1.69
NH-27 (East-West Corridor),20.1,1359.0,0.7,1.4,1.7,18.9,0.135,2081.8,0.425,1,5,0.0227,0,0.0222,0,0.0,1.07
NH-06 (Guwahati-Shillong),20.1,465.2,6.8,10.7,20.6,45.7,0.236,720.4,0.648,5,4,0.0333,0,0.0431,0,0.0,1.27
NH-06 (Guwahati-Shillong),42.9,1298.1,3.8,5.9,7.3,16.1,0.201,706.6,0.754,4,2,0.1404,0,0.0439,0,0.0,1.8
NH-15 (North Bank Brahmaputra),47.1,1841.8,20.3,115.3,276.3,26.6,0.95,191.2,0.685,5,3,0.7967,1,0.5891,1,78.2,4.22
NH-27 (East-West Corridor),40.1,1199.6,1.2,2.1,3.1,20.2,0.141,178.4,0.408,8,2,0.1427,0,0.1252,0,0.0,1.89
NH-15 (North Bank Brahmaputra),56.4,446.1,2.0,5.4,6.8,45.2,0.211,790.9,0.427,1,1,0.1779,0,0.0443,0,0.0,2.04
NH-10 (Siliguri-Gangtok),31.1,1804.6,15.6,101.3,290.0,35.1,0.95,611.3,0.628,1,3,0.5946,0,0.2738,0,0.0,2.88
NH-06 (Guwahati-Shillong),27.3,722.5,48.7,275.7,635.9,23.2,0.95,1612.0,0.843,2,3,0.4834,0,0.3135,0,0.0,2.67
Guwahati-Jalukbari-Khanapara Urban,52.3,828.4,15.9,130.6,444.5,45.0,0.95,290.1,0.553,1,5,0.7865,1,0.5153,1,67.4,3.75
NH-15 (North Bank Brahmaputra),24.6,654.7,1.8,2.2,2.9,45.0,0.235,170.2,0.52,3,4,0.0428,0,0.1248,0,0.0,1.37
NH-10 (Siliguri-Gangtok),56.4,960.9,32.7,201.8,473.3,35.9,0.95,626.9,0.303,0,2,0.8023,1,0.4592,1,62.1,4.14
NH-27 (East-West Corridor),15.5,1750.0,28.4,190.5,412.9,26.0,0.95,366.9,0.484,4,2,0.3312,0,0.5738,0,0.0,2.75
NH-37 (Silchar-Imphal),56.7,1310.9,14.9,107.2,348.0,38.5,0.95,190.7,0.421,3,3,0.8162,0,0.5316,1,73.6,4.17
NH-15 (North Bank Brahmaputra),16.9,729.0,31.5,182.8,398.2,52.3,0.95,1181.6,0.555,2,2,0.3402,0,0.3565,0,0.0,2.55
NH-10 (Siliguri-Gangtok),53.3,1974.0,0.3,0.7,1.2,17.1,0.177,244.7,0.278,3,4,0.164,1,0.0922,0,0.0,1.6
Guwahati-Jalukbari-Khanapara Urban,37.7,1977.2,11.8,96.8,273.0,25.7,0.95,899.8,0.491,1,2,0.7165,0,0.1878,0,0.0,3.21
NH-15 (North Bank Brahmaputra),57.7,1960.6,0.1,0.1,0.2,26.4,0.327,414.0,0.368,2,2,0.1843,0,0.0702,0,0.0,1.92
NH-10 (Siliguri-Gangtok),18.2,791.8,0.6,0.7,0.8,40.3,0.266,302.4,0.719,1,3,0.0229,0,0.0876,0,0.0,1.44
NH-06 (Guwahati-Shillong),38.8,1184.8,1.0,2.3,3.9,41.0,0.355,532.1,0.395,4,2,0.1622,1,0.0589,0,0.0,1.87
NH-06 (Guwahati-Shillong),56.7,2172.2,1.3,2.1,2.5,23.3,0.13,1443.4,0.447,2,3,0.1538,0,0.0269,0,0.0,1.66
NH-37 (Silchar-Imphal),37.5,1778.2,41.7,303.0,677.0,23.6,0.95,548.2,0.601,5,5,0.7346,0,0.4463,0,0.0,3.06
NH-15 (North Bank Brahmaputra),42.1,400.3,16.9,81.1,216.3,52.1,0.95,1261.5,0.468,1,4,0.7509,1,0.1306,0,0.0,2.93
NH-15 (North Bank Brahmaputra),44.9,470.6,31.7,228.4,594.3,45.3,0.95,257.3,0.88,3,4,0.7716,1,0.634,1,121.8,4.15
NH-10 (Siliguri-Gangtok),34.5,1208.3,19.5,132.5,448.6,52.4,0.95,1335.4,0.717,3,3,0.6983,1,0.2808,0,0.0,3.11
NH-15 (North Bank Brahmaputra),42.0,2032.1,0.8,2.0,2.5,48.2,0.172,366.3,0.553,6,3,0.1598,0,0.0745,0,0.0,1.73
NH-15 (North Bank Brahmaputra),40.1,1346.6,3.5,7.0,8.2,31.1,0.295,1055.1,0.616,4,2,0.1514,0,0.0353,0,0.0,1.82
NH-37 (Silchar-Imphal),53.7,1271.0,29.6,190.3,494.4,19.9,0.95,817.4,0.126,1,4,0.8001,1,0.3715,0,0.0,3.28
NH-10 (Siliguri-Gangtok),17.0,545.1,38.7,288.7,554.2,40.2,0.95,2267.7,0.772,5,3,0.3414,0,0.3085,1,59.9,2.81
NH-27 (East-West Corridor),27.1,1565.0,5.9,10.6,11.7,29.1,0.362,541.9,0.642,2,3,0.055,0,0.0572,0,0.0,1.48
NH-10 (Siliguri-Gangtok),55.9,1870.9,16.8,143.0,349.9,32.0,0.95,204.8,0.537,2,1,0.8062,1,0.6574,1,83.2,4.65
NH-15 (North Bank Brahmaputra),53.3,1053.8,8.1,22.9,41.1,32.0,0.269,165.5,0.652,3,4,0.1971,0,0.1432,0,0.0,1.73
NH-10 (Siliguri-Gangtok),34.6,1784.9,2.4,6.6,10.6,52.5,0.254,1552.9,0.674,1,4,0.0978,0,0.0277,0,0.0,1.39
NH-27 (East-West Corridor),41.7,2134.3,1.0,2.8,5.0,17.8,0.291,745.1,0.475,1,2,0.1371,0,0.0423,0,0.0,1.79
Guwahati-Jalukbari-Khanapara Urban,26.9,727.0,0.7,1.2,2.0,22.7,0.355,1344.2,0.618,3,4,0.0518,1,0.0276,0,0.0,1.29
NH-06 (Guwahati-Shillong),23.1,1318.2,34.4,222.1,501.3,39.3,0.95,363.7,0.739,2,4,0.4011,1,0.5594,0,0.0,2.59
NH-10 (Siliguri-Gangtok),34.9,881.2,50.2,320.9,750.0,50.4,0.95,488.6,0.632,4,2,0.7245,0,0.525,0,0.0,3.56
NH-37 (Silchar-Imphal),30.2,1816.8,2.0,3.8,7.3,51.7,0.21,174.5,0.505,1,3,0.0698,0,0.1302,0,0.0,1.58
NH-27 (East-West Corridor),40.1,1418.5,25.0,160.5,496.5,37.3,0.95,2755.5,0.603,4,4,0.7648,0,0.2777,1,39.6,3.4
Guwahati-Jalukbari-Khanapara Urban,18.3,1524.0,24.6,187.5,552.7,16.4,0.95,1031.8,0.799,2,3,0.3021,0,0.3446,1,59.0,2.75
NH-06 (Guwahati-Shillong),56.9,1826.1,1.0,1.5,1.9,29.5,0.141,2314.9,0.691,3,4,0.1501,0,0.0237,0,0.0,1.5
NH-06 (Guwahati-Shillong),57.4,1082.5,4.7,7.7,11.6,51.8,0.183,396.8,0.341,3,2,0.1974,0,0.0766,0,0.0,1.96
NH-37 (Silchar-Imphal),45.0,2042.9,23.0,141.6,487.5,35.0,0.95,906.3,0.656,4,1,0.7993,1,0.3647,0,0.0,3.72
Guwahati-Jalukbari-Khanapara Urban,38.1,1336.1,14.9,91.7,243.1,44.1,0.95,1057.8,0.632,5,1,0.7639,1,0.1846,0,0.0,3.46
NH-37 (Silchar-Imphal),28.3,642.2,37.1,228.3,623.1,25.8,0.95,455.7,0.76,1,5,0.4949,0,0.4886,1,86.8,3.22
NH-06 (Guwahati-Shillong),50.0,1637.4,1.2,3.6,5.6,16.0,0.301,1657.7,0.556,2,2,0.162,0,0.0283,0,0.0,1.83
NH-15 (North Bank Brahmaputra),44.4,1817.5,41.9,271.4,719.0,38.1,0.95,2502.4,0.484,4,4,0.7969,1,0.2949,1,64.1,3.68
NH-10 (Siliguri-Gangtok),22.0,936.0,4.6,6.9,7.7,48.4,0.134,1879.3,0.304,3,2,0.0369,0,0.0288,0,0.0,1.56
NH-27 (East-West Corridor),54.2,1935.8,1.6,3.6,6.5,54.6,0.371,1224.8,0.425,7,1,0.235,1,0.036,0,0.0,2.15
NH-27 (East-West Corridor),50.4,2026.4,0.6,1.5,2.0,48.9,0.259,410.0,0.767,6,2,0.1859,1,0.0727,0,0.0,1.93
NH-37 (Silchar-Imphal),55.8,862.3,1.1,1.3,2.2,37.2,0.115,414.6,0.586,4,3,0.1657,0,0.0648,0,0.0,1.73
NH-10 (Siliguri-Gangtok),46.2,2169.5,1.5,3.3,3.9,39.3,0.382,2795.3,0.532,5,1,0.2046,1,0.03,0,0.0,2.08
NH-06 (Guwahati-Shillong),41.4,610.3,0.2,0.2,0.3,48.0,0.262,158.3,0.783,0,5,0.1194,0,0.124,0,0.0,1.39
NH-27 (East-West Corridor),33.0,723.7,2.7,5.6,6.3,15.8,0.342,1157.2,0.746,6,5,0.0918,0,0.0281,0,0.0,1.23
NH-27 (East-West Corridor),55.1,690.8,13.4,116.7,428.0,53.1,0.95,1130.0,0.418,4,2,0.8352,0,0.247,0,0.0,3.53
NH-37 (Silchar-Imphal),52.2,2003.9,1.0,1.7,2.8,36.2,0.165,929.7,0.766,1,4,0.1376,0,0.0325,0,0.0,1.48
Guwahati-Jalukbari-Khanapara Urban,16.9,1560.4,3.3,6.3,9.0,53.1,0.27,3842.9,0.251,4,3,0.0317,0,0.0273,0,0.0,1.4
NH-27 (East-West Corridor),16.1,631.4,1.3,3.6,6.5,45.6,0.208,449.0,0.633,2,5,0.0212,0,0.0571,0,0.0,1.1
NH-15 (North Bank Brahmaputra),31.2,1164.6,3.7,8.9,14.9,21.1,0.239,482.4,0.611,4,1,0.0835,0,0.0655,0,0.0,1.85
NH-37 (Silchar-Imphal),49.9,1488.3,50.0,195.0,419.9,21.6,0.95,215.8,0.757,3,3,0.7803,1,0.6676,1,123.8,4.35
NH-06 (Guwahati-Shillong),57.5,504.4,6.3,14.7,22.6,29.1,0.203,617.9,0.619,4,2,0.1876,0,0.053,0,0.0,1.92
NH-27 (East-West Corridor),21.5,1982.5,16.9,152.7,453.7,25.6,0.95,392.0,0.506,0,4,0.352,0,0.4987,1,64.4,2.9
NH-37 (Silchar-Imphal),40.5,1836.7,0.1,0.1,0.2,32.6,0.265,486.5,0.52,1,1,0.1361,0,0.0639,0,0.0,1.96
Guwahati-Jalukbari-Khanapara Urban,31.4,1284.6,4.1,11.6,13.9,39.2,0.359,1589.4,0.88,5,3,0.0917,0,0.03,0,0.0,1.53
NH-10 (Siliguri-Gangtok),56.7,2139.2,60.8,299.3,750.0,32.5,0.95,2342.7,0.565,2,5,0.7894,1,0.2827,0,0.0,3.02
NH-27 (East-West Corridor),51.2,1122.9,43.5,223.5,709.0,17.3,0.95,314.4,0.657,3,3,0.7855,1,0.5952,0,0.0,3.62
NH-37 (Silchar-Imphal),51.0,2170.6,8.4,11.0,16.5,54.0,0.453,522.8,0.186,5,3,0.2576,1,0.0642,0,0.0,1.93
NH-10 (Siliguri-Gangtok),35.2,1585.7,17.1,145.5,474.9,32.0,0.95,2261.9,0.401,5,3,0.7341,1,0.2655,0,0.0,3.18
Guwahati-Jalukbari-Khanapara Urban,32.8,1524.1,6.0,10.4,12.8,49.0,0.372,201.0,0.643,1,3,0.0969,0,0.1293,0,0.0,1.64
NH-15 (North Bank Brahmaputra),26.8,657.0,5.5,58.0,161.4,18.0,0.844,227.5,0.259,0,3,0.3414,1,0.19,0,0.0,2.24
NH-27 (East-West Corridor),17.4,1981.6,48.2,219.6,688.0,47.4,0.95,292.1,0.649,1,3,0.3184,1,0.6233,1,101.7,3.29
NH-37 (Silchar-Imphal),52.2,1140.9,55.5,366.8,750.0,21.9,0.95,873.5,0.419,1,5,0.7786,1,0.3538,1,86.2,3.71
NH-10 (Siliguri-Gangtok),50.0,650.1,20.6,93.5,273.4,42.2,0.95,280.5,0.364,4,1,0.8266,0,0.4611,1,68.7,4.39
NH-06 (Guwahati-Shillong),58.0,373.3,1.5,2.5,3.8,41.5,0.237,2905.5,0.419,6,2,0.205,0,0.0274,0,0.0,1.93
NH-06 (Guwahati-Shillong),57.9,1385.5,33.9,224.4,436.3,51.4,0.95,623.5,0.825,4,2,0.8153,1,0.4691,0,0.0,3.71
NH-37 (Silchar-Imphal),38.9,1325.7,0.1,0.2,0.2,27.8,0.264,707.0,0.61,2,3,0.1219,0,0.0418,0,0.0,1.61
NH-10 (Siliguri-Gangtok),48.1,1680.8,0.6,1.2,1.4,19.4,0.377,376.6,0.386,1,1,0.1722,0,0.0804,1,16.4,2.18
NH-06 (Guwahati-Shillong),55.6,1997.0,0.5,1.0,1.9,49.6,0.185,659.4,0.69,1,5,0.1482,0,0.0407,0,0.0,1.37
NH-27 (East-West Corridor),51.5,496.9,4.0,7.7,14.7,28.3,0.269,1017.6,0.699,5,3,0.182,0,0.034,0,0.0,1.73
NH-37 (Silchar-Imphal),25.6,1703.3,10.3,85.7,250.0,24.3,0.95,1262.8,0.481,3,5,0.4607,0,0.1061,0,0.0,2.12
Guwahati-Jalukbari-Khanapara Urban,34.4,696.7,64.5,332.6,653.4,34.4,0.95,1271.5,0.723,2,3,0.6688,1,0.3353,0,0.0,3.1
NH-15 (North Bank Brahmaputra),20.6,1937.6,36.8,161.9,413.9,20.8,0.95,840.0,0.731,6,2,0.3829,1,0.3882,1,59.9,3.13
NH-27 (East-West Corridor),56.0,1865.3,2.1,4.2,5.3,26.9,0.317,2027.7,0.703,6,2,0.1903,1,0.0282,0,0.0,1.9
NH-37 (Silchar-Imphal),41.1,1350.5,8.1,12.8,17.9,30.4,0.265,1510.4,0.429,3,3,0.1575,0,0.0303,0,0.0,1.68
NH-06 (Guwahati-Shillong),24.8,1663.9,25.3,185.5,522.0,26.1,0.95,1281.9,0.338,8,1,0.5184,1,0.3482,1,59.5,3.53
Guwahati-Jalukbari-Khanapara Urban,43.9,931.5,0.4,0.8,1.5,33.0,0.189,195.8,0.245,5,4,0.1718,0,0.1104,0,0.0,1.64
NH-27 (East-West Corridor),41.6,1221.7,24.9,193.4,471.7,30.4,0.95,155.5,0.432,4,4,0.7807,0,0.7035,1,98.7,4.24
NH-15 (North Bank Brahmaputra),30.4,1870.0,29.0,225.8,727.6,46.0,0.95,341.1,0.484,2,4,0.6098,1,0.5764,1,92.3,3.74
NH-10 (Siliguri-Gangtok),19.9,1199.6,9.1,95.0,210.7,51.7,0.93,1021.4,0.498,4,5,0.3709,1,0.1418,0,0.0,1.96
Guwahati-Jalukbari-Khanapara Urban,43.9,1011.9,1.6,3.8,6.7,19.0,0.201,573.7,0.542,5,3,0.1568,0,0.0489,0,0.0,1.69
NH-15 (North Bank Brahmaputra),37.4,1264.3,33.1,186.3,566.9,47.9,0.95,561.9,0.862,1,3,0.7041,1,0.4733,0,0.0,3.32
NH-06 (Guwahati-Shillong),48.2,1882.3,2.7,6.4,9.0,52.3,0.356,1877.4,0.489,3,3,0.1958,0,0.0288,0,0.0,1.76
NH-15 (North Bank Brahmaputra),37.4,970.1,39.9,236.4,624.2,42.5,0.95,1957.3,0.541,2,2,0.7373,1,0.3241,0,0.0,3.39
Guwahati-Jalukbari-Khanapara Urban,51.6,671.5,0.4,1.1,1.7,54.9,0.301,2069.1,0.223,3,3,0.2068,0,0.0274,0,0.0,1.78
NH-06 (Guwahati-Shillong),38.7,1667.2,1.7,3.1,5.8,28.4,0.358,451.4,0.88,2,3,0.1209,0,0.0636,0,0.0,1.63
NH-37 (Silchar-Imphal),39.1,1878.1,4.8,5.9,7.8,48.2,0.258,1089.7,0.313,2,4,0.1443,0,0.032,0,0.0,1.5
NH-15 (North Bank Brahmaputra),52.7,536.2,26.6,202.9,682.0,41.9,0.95,403.6,0.423,4,3,0.8234,1,0.5477,1,87.8,4.31
NH-27 (East-West Corridor),32.3,793.8,1.8,2.5,4.5,27.9,0.124,319.2,0.675,3,1,0.0785,0,0.0885,0,0.0,1.86
NH-15 (North Bank Brahmaputra),20.8,612.6,0.9,2.3,2.7,43.2,0.373,313.3,0.594,2,3,0.0328,0,0.0884,0,0.0,1.46
NH-37 (Silchar-Imphal),16.2,993.7,0.2,0.2,0.4,35.4,0.307,485.0,0.846,4,4,0.0228,0,0.0559,0,0.0,1.26
Guwahati-Jalukbari-Khanapara Urban,47.5,1183.1,34.0,192.9,550.3,22.6,0.95,599.6,0.68,2,5,0.7629,0,0.4222,0,0.0,3.1
NH-37 (Silchar-Imphal),41.7,1735.3,27.0,134.9,377.8,22.0,0.95,1572.0,0.535,1,1,0.7553,1,0.301,0,0.0,3.56
NH-27 (East-West Corridor),45.3,1554.6,49.6,368.1,750.0,43.5,0.95,252.2,0.738,1,4,0.7628,1,0.6382,1,129.7,4.13
Guwahati-Jalukbari-Khanapara Urban,24.2,1498.7,45.3,285.4,736.1,43.5,0.95,1212.2,0.759,3,3,0.4455,0,0.3436,1,82.3,3.24
NH-37 (Silchar-Imphal),20.9,1001.9,5.4,7.5,13.9,36.2,0.386,756.5,0.431,4,1,0.041,0,0.0484,0,0.0,1.74
NH-15 (North Bank Brahmaputra),15.6,1906.7,3.4,8.7,12.2,35.1,0.196,421.7,0.723,2,4,0.0201,0,0.064,0,0.0,1.26
NH-37 (Silchar-Imphal),30.1,1221.9,32.9,220.9,748.6,22.2,0.95,693.1,0.51,4,1,0.6188,1,0.4468,1,77.8,3.99
NH-37 (Silchar-Imphal),40.4,2161.3,0.3,0.8,1.2,32.2,0.108,435.3,0.531,3,4,0.1237,0,0.0582,0,0.0,1.48
NH-10 (Siliguri-Gangtok),31.9,1523.2,0.3,0.8,1.6,49.9,0.195,875.2,0.576,2,4,0.0786,0,0.0347,0,0.0,1.36
Guwahati-Jalukbari-Khanapara Urban,33.8,583.6,0.2,0.4,0.5,49.2,0.131,605.1,0.481,1,4,0.0862,0,0.0452,0,0.0,1.38
NH-27 (East-West Corridor),53.9,1600.9,1.9,5.2,7.3,41.4,0.365,293.7,0.472,4,1,0.2143,0,0.1033,0,0.0,2.17
Guwahati-Jalukbari-Khanapara Urban,30.0,951.4,0.2,0.5,0.9,54.9,0.248,249.2,0.727,2,5,0.0651,0,0.0937,0,0.0,1.24
NH-15 (North Bank Brahmaputra),37.1,1619.7,3.7,7.2,10.2,50.7,0.21,783.0,0.275,2,5,0.1276,0,0.0371,0,0.0,1.32
Guwahati-Jalukbari-Khanapara Urban,48.7,478.8,9.9,24.2,28.1,20.8,0.374,2011.6,0.359,2,5,0.1952,0,0.0288,0,0.0,1.46
NH-37 (Silchar-Imphal),32.1,673.5,0.9,1.3,1.8,31.0,0.127,487.2,0.671,2,3,0.0704,0,0.0559,0,0.0,1.51
NH-06 (Guwahati-Shillong),41.7,1933.1,1.2,3.1,5.7,20.3,0.337,1206.4,0.537,2,3,0.1437,0,0.0303,0,0.0,1.65
NH-37 (Silchar-Imphal),52.1,770.3,2.5,4.6,9.1,33.6,0.281,1009.9,0.728,5,1,0.1902,0,0.0376,0,0.0,2.06
NH-06 (Guwahati-Shillong),55.8,1898.5,5.5,6.9,7.9,46.1,0.128,2295.4,0.614,7,1,0.1894,0,0.0297,0,0.0,2.05
NH-10 (Siliguri-Gangtok),21.3,866.7,19.5,123.2,297.7,21.2,0.95,1526.2,0.31,2,1,0.4011,1,0.2643,0,0.0,2.74
NH-10 (Siliguri-Gangtok),54.8,1539.3,0.1,0.2,0.2,50.2,0.326,818.9,0.561,2,3,0.183,1,0.0395,0,0.0,1.74
NH-06 (Guwahati-Shillong),36.2,1634.2,57.1,359.8,750.0,37.8,0.95,1006.1,0.646,2,2,0.7108,0,0.3766,0,0.0,3.39
NH-37 (Silchar-Imphal),26.1,1298.4,12.3,112.6,245.3,45.0,0.95,1979.3,0.592,6,3,0.5292,0,0.1897,0,0.0,2.65
NH-37 (Silchar-Imphal),34.7,914.8,85.0,368.2,750.0,16.8,0.95,558.0,0.466,2,3,0.6794,1,0.466,1,107.8,3.93
Guwahati-Jalukbari-Khanapara Urban,57.1,743.4,0.3,0.5,0.8,18.8,0.336,466.6,0.501,4,5,0.1777,1,0.0539,0,0.0,1.44
Guwahati-Jalukbari-Khanapara Urban,36.2,411.4,1.4,2.0,2.3,39.8,0.131,158.7,0.449,3,5,0.1065,1,0.1196,0,0.0,1.35
NH-10 (Siliguri-Gangtok),29.1,912.3,3.0,8.0,11.0,48.5,0.243,1551.5,0.311,3,4,0.0745,0,0.0277,0,0.0,1.34
Guwahati-Jalukbari-Khanapara Urban,42.2,1558.4,10.2,75.9,243.9,50.0,0.95,1441.5,0.287,0,4,0.7569,0,0.0897,0,0.0,2.9
Guwahati-Jalukbari-Khanapara Urban,25.3,2085.9,4.1,11.7,23.2,42.5,0.219,238.3,0.62,0,1,0.0432,0,0.1205,0,0.0,1.81
Guwahati-Jalukbari-Khanapara Urban,18.3,1961.7,30.9,152.6,328.1,23.0,0.95,838.0,0.393,2,1,0.3488,1,0.3938,0,0.0,2.76
NH-10 (Siliguri-Gangtok),20.5,1767.2,46.2,253.4,674.7,22.8,0.95,648.9,0.654,2,3,0.3503,0,0.4355,1,85.7,3.14
Guwahati-Jalukbari-Khanapara Urban,20.5,1808.6,1.9,4.0,6.5,50.3,0.216,251.1,0.443,2,3,0.0311,0,0.1027,0,0.0,1.47
NH-06 (Guwahati-Shillong),21.5,1580.2,0.8,1.8,2.7,19.5,0.373,3302.7,0.314,2,4,0.0339,0,0.0244,0,0.0,1.25
NH-27 (East-West Corridor),21.0,831.5,42.0,202.7,426.5,42.4,0.95,343.3,0.477,0,3,0.3669,0,0.5863,1,111.3,3.36
NH-27 (East-West Corridor),42.6,2028.3,3.0,8.1,14.4,36.3,0.289,205.7,0.88,3,5,0.1393,0,0.1085,0,0.0,1.41
Guwahati-Jalukbari-Khanapara Urban,22.8,1590.9,5.4,14.5,26.0,31.9,0.479,872.8,0.533,3,4,0.0458,0,0.0393,0,0.0,1.29
Guwahati-Jalukbari-Khanapara Urban,29.9,1386.8,36.9,193.3,437.5,32.6,0.95,1224.2,0.666,3,1,0.5986,1,0.3598,0,0.0,3.27
Guwahati-Jalukbari-Khanapara Urban,53.6,555.3,2.3,5.2,7.8,52.8,0.337,176.4,0.58,7,3,0.2116,0,0.1343,1,30.4,2.13
NH-06 (Guwahati-Shillong),35.4,1177.1,5.9,71.6,246.3,49.5,0.945,1010.0,0.297,2,5,0.6978,0,0.0792,0,0.0,2.61
NH-10 (Siliguri-Gangtok),43.7,1201.7,21.4,152.2,507.6,49.6,0.95,757.9,0.811,7,3,0.7949,1,0.3857,0,0.0,3.43
NH-27 (East-West Corridor),22.4,1949.4,16.6,97.4,358.5,31.3,0.95,237.2,0.505,2,3,0.4034,0,0.4524,1,70.7,3.17
NH-37 (Silchar-Imphal),23.3,1361.3,0.0,0.0,0.0,19.3,0.31,301.5,0.314,2,2,0.0387,0,0.0898,0,0.0,1.62
Guwahati-Jalukbari-Khanapara Urban,16.8,1053.7,0.7,0.8,1.0,54.9,0.233,821.4,0.458,3,3,0.0266,0,0.039,0,0.0,1.4
NH-37 (Silchar-Imphal),22.3,2157.1,1.5,4.2,5.4,20.8,0.208,431.2,0.513,2,4,0.03,0,0.0599,0,0.0,1.28
NH-15 (North Bank Brahmaputra),27.0,554.8,0.4,0.5,0.6,35.6,0.266,2378.6,0.685,2,1,0.0511,0,0.0288,0,0.0,1.74
NH-06 (Guwahati-Shillong),22.6,1131.7,4.8,6.8,9.1,25.6,0.172,1516.3,0.427,1,4,0.0304,0,0.0264,0,0.0,1.24
NH-15 (North Bank Brahmaputra),18.8,427.7,2.1,3.0,4.6,35.4,0.36,3436.8,0.88,4,5,0.0265,0,0.024,0,0.0,1.08
NH-10 (Siliguri-Gangtok),20.2,1718.8,1.3,2.9,4.5,27.2,0.34,390.5,0.381,2,4,0.0304,0,0.0679,1,5.0,1.32
NH-37 (Silchar-Imphal),34.8,2048.4,3.4,7.3,10.0,50.9,0.297,2947.9,0.66,2,5,0.1048,0,0.0248,0,0.0,1.26
Guwahati-Jalukbari-Khanapara Urban,23.9,868.1,24.6,138.1,435.1,53.7,0.95,601.4,0.195,4,1,0.5232,0,0.4497,0,0.0,3.2
Guwahati-Jalukbari-Khanapara Urban,30.7,1937.9,1.6,2.3,3.7,31.4,0.387,491.6,0.528,3,3,0.0832,0,0.0596,0,0.0,1.54
NH-06 (Guwahati-Shillong),36.6,890.6,0.0,0.0,0.0,17.8,0.29,191.3,0.616,5,1,0.1274,0,0.1287,0,0.0,2.01
NH-15 (North Bank Brahmaputra),44.7,2034.9,39.1,258.0,620.4,41.5,0.95,193.4,0.348,1,4,0.783,1,0.6822,0,0.0,3.55
Guwahati-Jalukbari-Khanapara Urban,16.7,1744.8,19.8,146.8,513.5,30.1,0.95,1092.2,0.82,4,5,0.3042,0,0.2907,0,0.0,1.96
NH-37 (Silchar-Imphal),49.4,1839.1,2.3,3.0,4.4,54.4,0.305,639.9,0.628,2,2,0.1792,0,0.0513,0,0.0,1.89
NH-10 (Siliguri-Gangtok),42.0,383.3,1.3,3.0,4.4,18.6,0.153,355.5,0.493,6,3,0.1459,0,0.0727,1,5.0,1.73
Guwahati-Jalukbari-Khanapara Urban,18.5,2131.2,1.4,31.7,101.7,19.8,0.473,911.5,0.626,1,2,0.0556,0,0.0443,0,0.0,1.62
Guwahati-Jalukbari-Khanapara Urban,52.6,1694.3,21.7,125.8,337.0,43.0,0.95,383.2,0.443,4,3,0.8225,1,0.4894,1,63.5,4.07
NH-37 (Silchar-Imphal),54.6,913.8,26.2,157.8,399.5,45.3,0.95,839.5,0.775,5,3,0.8161,1,0.3762,0,0.0,3.47
NH-10 (Siliguri-Gangtok),17.6,1884.4,31.7,171.7,380.2,33.8,0.95,506.0,0.733,8,4,0.3409,1,0.4731,1,85.5,3.01
NH-37 (Silchar-Imphal),26.9,870.8,0.1,0.2,0.3,26.1,0.112,1537.8,0.617,2,2,0.0434,0,0.0276,0,0.0,1.57
NH-06 (Guwahati-Shillong),49.7,1964.6,4.0,4.9,8.7,27.4,0.296,1524.9,0.66,5,2,0.1849,0,0.03,0,0.0,1.89
Guwahati-Jalukbari-Khanapara Urban,47.2,558.3,1.4,3.2,5.2,28.5,0.187,669.1,0.284,1,2,0.1574,0,0.0458,0,0.0,1.84
NH-27 (East-West Corridor),22.9,1651.8,29.0,154.4,386.1,24.0,0.95,495.6,0.814,1,1,0.3828,1,0.5035,0,0.0,2.94
NH-06 (Guwahati-Shillong),24.0,1350.3,28.3,162.8,557.3,49.0,0.95,510.2,0.532,2,3,0.4547,1,0.4856,0,0.0,2.78
NH-15 (North Bank Brahmaputra),30.9,528.6,20.2,161.4,375.6,17.6,0.95,1460.7,0.735,5,2,0.6218,0,0.3079,0,0.0,3.12
NH-15 (North Bank Brahmaputra),35.8,797.5,0.7,1.7,2.3,31.3,0.322,468.2,0.685,2,3,0.1075,1,0.0608,0,0.0,1.6
NH-15 (North Bank Brahmaputra),41.6,372.9,1.8,4.3,7.9,44.9,0.13,337.6,0.732,3,4,0.1307,0,0.0754,0,0.0,1.51
NH-27 (East-West Corridor),30.9,1217.2,10.0,11.3,16.2,15.2,0.24,220.8,0.361,7,3,0.0871,0,0.1155,0,0.0,1.61
NH-37 (Silchar-Imphal),34.9,907.3,30.0,217.8,452.8,50.1,0.95,652.9,0.384,4,5,0.7259,0,0.4181,1,78.5,3.6
NH-27 (East-West Corridor),47.1,1457.0,24.3,127.6,295.2,43.3,0.95,676.4,0.88,3,4,0.7766,1,0.3636,1,50.5,3.6
NH-10 (Siliguri-Gangtok),16.6,899.9,9.3,13.0,15.3,17.9,0.378,1620.6,0.277,2,2,0.0283,0,0.032,0,0.0,1.54
Guwahati-Jalukbari-Khanapara Urban,25.9,904.9,2.4,2.6,4.2,50.8,0.302,350.0,0.352,3,2,0.0575,0,0.085,0,0.0,1.66
NH-10 (Siliguri-Gangtok),45.7,1724.9,0.5,1.3,2.1,34.5,0.344,533.7,0.558,4,5,0.1701,0,0.0494,0,0.0,1.42
NH-10 (Siliguri-Gangtok),53.5,439.1,1.0,2.9,4.3,41.1,0.242,1471.9,0.558,1,3,0.1621,0,0.0285,0,0.0,1.68
NH-37 (Silchar-Imphal),37.0,2020.4,21.0,126.7,395.9,50.3,0.95,1538.1,0.453,2,3,0.7399,1,0.2645,0,0.0,3.19
NH-10 (Siliguri-Gangtok),37.9,1926.7,0.8,2.2,4.2,50.2,0.133,538.4,0.661,1,4,0.1067,0,0.0505,0,0.0,1.43
NH-27 (East-West Corridor),19.6,1585.4,18.7,127.0,314.5,31.3,0.95,641.7,0.712,3,1,0.3607,1,0.3878,0,0.0,2.78
NH-15 (North Bank Brahmaputra),34.2,1447.5,11.4,97.8,348.8,24.5,0.95,439.1,0.547,4,3,0.6914,1,0.2887,0,0.0,3.11
NH-06 (Guwahati-Shillong),37.9,2000.8,25.2,135.7,351.1,25.3,0.95,2307.2,0.502,4,4,0.742,1,0.255,0,0.0,3.03
NH-15 (North Bank Brahmaputra),25.4,692.9,4.2,10.6,18.6,45.6,0.275,251.0,0.546,5,4,0.055,0,0.102,0,0.0,1.37
NH-06 (Guwahati-Shillong),26.6,496.1,31.3,232.0,549.0,52.2,0.95,2321.4,0.46,3,5,0.5275,0,0.2891,0,0.0,2.45
NH-06 (Guwahati-Shillong),31.2,793.1,11.7,19.3,25.1,17.9,0.255,1071.3,0.244,3,3,0.0928,0,0.0369,0,0.0,1.54
NH-27 (East-West Corridor),15.9,1820.0,6.2,8.8,10.2,15.6,0.174,756.7,0.604,3,4,0.0202,0,0.0382,0,0.0,1.23
Guwahati-Jalukbari-Khanapara Urban,28.8,414.1,5.6,16.9,33.1,47.9,0.421,176.6,0.688,3,1,0.0859,0,0.1589,1,18.1,2.08
NH-27 (East-West Corridor),24.1,1428.2,3.3,7.8,10.4,30.5,0.322,666.4,0.522,2,2,0.0424,0,0.0489,0,0.0,1.59
NH-06 (Guwahati-Shillong),29.1,2191.6,0.5,0.9,1.5,26.1,0.279,569.1,0.142,3,1,0.0766,0,0.0556,0,0.0,1.82
Guwahati-Jalukbari-Khanapara Urban,20.1,1933.0,1.5,1.8,3.2,22.5,0.27,290.6,0.447,4,2,0.0317,0,0.0929,0,0.0,1.61
NH-37 (Silchar-Imphal),53.3,1314.7,42.2,229.1,549.2,28.9,0.95,1004.6,0.713,2,4,0.7798,1,0.3475,0,0.0,3.21
NH-27 (East-West Corridor),40.5,467.7,0.6,1.4,2.3,53.9,0.338,2986.5,0.291,1,1,0.1653,0,0.0301,0,0.0,1.99
NH-10 (Siliguri-Gangtok),44.2,1888.0,26.2,157.8,397.6,54.1,0.95,810.8,0.675,7,3,0.8073,0,0.3861,1,56.3,3.88
NH-10 (Siliguri-Gangtok),48.9,1458.1,84.9,380.0,750.0,28.3,0.95,1153.5,0.47,2,3,0.7916,1,0.3429,0,0.0,3.38
NH-10 (Siliguri-Gangtok),36.4,562.6,7.0,20.7,23.8,53.5,0.302,206.7,0.547,1,2,0.1367,0,0.14,0,0.0,1.89
NH-27 (East-West Corridor),18.7,523.6,16.2,81.8,257.4,27.0,0.95,582.6,0.427,5,4,0.3609,1,0.1955,0,0.0,2.14
NH-37 (Silchar-Imphal),38.1,2032.8,1.0,1.5,2.4,49.2,0.309,249.0,0.346,2,4,0.1394,0,0.0995,0,0.0,1.56
Guwahati-Jalukbari-Khanapara Urban,40.2,1588.0,1.4,2.5,4.5,23.5,0.282,909.0,0.808,2,4,0.1195,0,0.0334,0,0.0,1.45
NH-27 (East-West Corridor),47.1,1884.2,1.3,2.6,3.1,48.1,0.407,2380.7,0.697,3,4,0.1788,0,0.0263,0,0.0,1.57
NH-27 (East-West Corridor),33.6,1976.1,52.8,346.6,750.0,29.1,0.95,1017.2,0.666,2,2,0.6592,0,0.3714,0,0.0,3.27
NH-27 (East-West Corridor),20.5,1407.8,2.3,5.8,7.9,22.8,0.213,213.9,0.714,2,5,0.0244,0,0.1004,0,0.0,1.15
Guwahati-Jalukbari-Khanapara Urban,27.2,1307.3,5.6,60.2,183.8,52.4,0.882,500.4,0.64,4,1,0.4595,0,0.1279,0,0.0,2.74
NH-37 (Silchar-Imphal),30.6,1146.3,1.2,1.6,2.8,23.6,0.405,790.0,0.72,4,3,0.08,0,0.0399,0,0.0,1.52
NH-27 (East-West Corridor),42.8,936.4,21.0,161.5,532.3,54.7,0.95,562.9,0.43,3,5,0.7911,1,0.4311,0,0.0,3.17
NH-15 (North Bank Brahmaputra),39.5,1154.0,6.4,12.8,22.8,19.3,0.214,1584.9,0.798,3,2,0.1279,0,0.0301,0,0.0,1.76
NH-06 (Guwahati-Shillong),30.3,1781.7,30.1,139.1,378.4,15.4,0.95,1498.5,0.782,6,2,0.6011,0,0.2992,0,0.0,3.07
Guwahati-Jalukbari-Khanapara Urban,57.4,1463.6,26.6,177.8,435.8,49.8,0.95,907.1,0.618,5,3,0.8284,1,0.3753,1,70.0,4.02
NH-15 (North Bank Brahmaputra),41.0,2001.2,12.1,81.9,263.3,38.5,0.95,524.0,0.498,3,4,0.7612,1,0.1913,0,0.0,3.01
NH-37 (Silchar-Imphal),25.2,1170.3,17.5,123.0,315.9,31.9,0.95,385.9,0.33,3,2,0.5016,0,0.4718,0,0.0,3.02
NH-06 (Guwahati-Shillong),19.4,1473.1,21.9,171.2,491.8,18.3,0.95,239.5,0.591,0,4,0.306,0,0.6223,0,0.0,2.44
NH-27 (East-West Corridor),21.6,1517.9,1.4,4.1,8.0,38.0,0.18,500.7,0.853,0,2,0.0253,0,0.0595,1,5.0,1.6
NH-15 (North Bank Brahmaputra),25.6,1444.6,2.2,4.5,8.5,30.7,0.401,576.4,0.341,4,4,0.0568,0,0.0499,0,0.0,1.32
NH-15 (North Bank Brahmaputra),21.9,1649.9,1.7,2.7,4.1,34.3,0.131,1051.2,0.733,1,2,0.0267,0,0.0333,0,0.0,1.54
NH-06 (Guwahati-Shillong),23.0,789.3,0.1,0.2,0.5,40.2,0.214,1008.7,0.465,3,3,0.0372,0,0.033,0,0.0,1.41
NH-10 (Siliguri-Gangtok),27.3,1297.9,1.8,2.3,4.2,40.6,0.118,208.1,0.481,3,3,0.0516,0,0.1118,0,0.0,1.52
NH-15 (North Bank Brahmaputra),22.5,542.8,0.0,0.1,0.1,53.4,0.156,552.4,0.338,3,2,0.0381,0,0.0548,0,0.0,1.59
NH-37 (Silchar-Imphal),53.6,1061.3,0.8,2.0,3.5,41.2,0.4,310.5,0.415,2,3,0.1948,0,0.0892,0,0.0,1.82
NH-15 (North Bank Brahmaputra),18.5,1252.2,33.3,159.7,538.8,28.6,0.95,286.5,0.666,3,3,0.3349,0,0.6075,1,89.2,3.31
NH-15 (North Bank Brahmaputra),37.6,1556.6,0.7,1.5,2.8,28.2,0.153,1555.0,0.689,5,4,0.1161,1,0.0252,0,0.0,1.43
NH-15 (North Bank Brahmaputra),32.6,2108.5,35.0,261.0,546.8,34.1,0.95,184.3,0.592,4,4,0.6627,1,0.6865,1,89.4,3.96
NH-15 (North Bank Brahmaputra),57.2,1461.2,0.6,1.4,2.7,25.4,0.322,584.7,0.46,4,3,0.1904,1,0.0496,0,0.0,1.77
NH-37 (Silchar-Imphal),19.8,1725.6,28.4,224.8,609.7,30.1,0.95,297.3,0.351,1,2,0.3639,1,0.6242,0,0.0,2.87
NH-10 (Siliguri-Gangtok),32.1,1286.6,39.9,183.7,396.5,48.7,0.95,1841.8,0.561,1,4,0.633,0,0.3024,1,66.7,3.34
NH-15 (North Bank Brahmaputra),56.7,1523.1,2.9,7.7,14.0,49.4,0.382,801.4,0.484,2,4,0.1977,0,0.04,0,0.0,1.62
NH-06 (Guwahati-Shillong),52.2,481.2,1.4,3.7,6.3,40.1,0.269,360.5,0.588,2,3,0.1695,0,0.0768,0,0.0,1.75
NH-37 (Silchar-Imphal),50.1,820.6,4.3,8.3,15.8,38.3,0.25,708.4,0.492,4,4,0.1842,1,0.0421,0,0.0,1.6
NH-27 (East-West Corridor),26.1,1019.4,0.1,0.2,0.3,32.1,0.209,1201.9,0.497,4,3,0.0493,0,0.0296,0,0.0,1.44
NH-10 (Siliguri-Gangtok),22.3,1224.1,30.3,130.0,311.5,40.4,0.95,2688.3,0.579,6,2,0.4482,0,0.2823,0,0.0,2.72
NH-37 (Silchar-Imphal),43.8,434.5,15.2,127.0,299.3,47.2,0.95,349.2,0.613,6,2,0.8078,1,0.5033,0,0.0,3.73
NH-15 (North Bank Brahmaputra),55.0,609.0,4.3,4.5,6.8,44.5,0.368,1888.5,0.77,1,4,0.1663,1,0.0271,0,0.0,1.54
NH-37 (Silchar-Imphal),38.9,862.1,1.0,1.3,2.2,16.4,0.339,2328.2,0.489,1,4,0.1208,0,0.0244,0,0.0,1.44
NH-15 (North Bank Brahmaputra),39.6,2147.3,3.6,4.7,6.5,44.2,0.352,2135.6,0.648,2,4,0.1392,0,0.0265,0,0.0,1.48
Guwahati-Jalukbari-Khanapara Urban,27.0,963.0,2.2,5.6,8.5,43.8,0.347,957.2,0.875,0,1,0.0493,0,0.0403,0,0.0,1.75
NH-15 (North Bank Brahmaputra),48.1,1241.8,21.5,144.5,489.2,19.0,0.95,945.0,0.653,4,3,0.7896,1,0.3282,0,0.0,3.36
NH-06 (Guwahati-Shillong),23.0,712.8,5.0,10.5,18.8,21.0,0.366,563.0,0.76,1,2,0.0349,0,0.0571,0,0.0,1.58
NH-10 (Siliguri-Gangtok),28.9,1479.9,0.6,1.4,1.7,46.5,0.366,1266.7,0.438,3,4,0.0736,0,0.0295,0,0.0,1.34
NH-37 (Silchar-Imphal),33.3,869.3,0.6,0.9,1.6,37.4,0.273,756.2,0.42,2,2,0.0984,1,0.0427,0,0.0,1.71
NH-10 (Siliguri-Gangtok),36.8,732.9,3.4,8.4,12.1,47.9,0.297,1055.2,0.521,2,3,0.129,0,0.0347,0,0.0,1.62
NH-27 (East-West Corridor),25.4,1305.7,60.1,380.0,750.0,22.4,0.95,597.5,0.54,6,4,0.4928,0,0.44,0,0.0,2.67
Guwahati-Jalukbari-Khanapara Urban,19.9,360.2,0.5,0.9,1.6,16.2,0.155,1201.9,0.743,1,4,0.0207,0,0.0271,0,0.0,1.22
NH-15 (North Bank Brahmaputra),41.3,364.2,38.7,181.7,385.7,21.5,0.95,1542.0,0.419,10,2,0.7903,1,0.3232,0,0.0,3.51
NH-06 (Guwahati-Shillong),27.4,755.3,57.3,337.8,750.0,33.1,0.95,276.7,0.534,0,1,0.511,1,0.6536,1,102.3,4.05
NH-15 (North Bank Brahmaputra),40.0,417.9,0.3,0.8,1.4,35.9,0.194,1581.5,0.743,0,2,0.1126,0,0.0285,0,0.0,1.73
NH-06 (Guwahati-Shillong),21.6,549.8,1.6,1.7,2.8,49.3,0.293,771.7,0.589,4,3,0.0371,0,0.0413,0,0.0,1.42
NH-27 (East-West Corridor),35.7,976.9,27.8,184.8,625.2,43.6,0.95,1639.7,0.548,5,1,0.7502,1,0.338,0,0.0,3.59
NH-37 (Silchar-Imphal),37.9,1834.8,22.2,155.2,376.5,54.6,0.95,601.5,0.593,3,2,0.7582,1,0.4524,1,64.6,4.05
Guwahati-Jalukbari-Khanapara Urban,17.2,1408.3,39.2,287.5,750.0,18.1,0.95,531.2,0.347,5,5,0.3469,1,0.4509,1,77.9,2.79
NH-06 (Guwahati-Shillong),29.5,1298.4,3.1,3.5,5.1,20.2,0.319,2122.7,0.344,1,3,0.066,0,0.0264,0,0.0,1.47
NH-15 (North Bank Brahmaputra),20.8,893.0,55.0,345.3,750.0,18.4,0.95,381.4,0.264,0,3,0.3585,0,0.5541,0,0.0,2.64
NH-10 (Siliguri-Gangtok),17.7,2073.7,1.1,2.6,4.9,36.5,0.359,1637.4,0.587,4,1,0.0305,0,0.0314,0,0.0,1.7
NH-27 (East-West Corridor),57.6,1084.5,21.8,167.4,580.8,25.7,0.95,679.4,0.715,4,3,0.8013,0,0.4095,0,0.0,3.47
NH-15 (North Bank Brahmaputra),28.9,511.1,25.9,196.0,645.7,42.3,0.95,727.4,0.688,6,2,0.5995,0,0.4289,1,63.8,3.67
NH-06 (Guwahati-Shillong),49.8,1491.6,9.9,18.6,22.4,20.3,0.353,445.1,0.756,5,3,0.1938,0,0.0722,0,0.0,1.8
NH-15 (North Bank Brahmaputra),25.9,560.6,35.4,196.8,462.3,19.1,0.95,830.9,0.812,1,3,0.4356,0,0.3832,0,0.0,2.64
NH-37 (Silchar-Imphal),44.3,988.7,0.0,0.0,0.1,33.4,0.115,464.7,0.576,4,5,0.1402,0,0.0523,0,0.0,1.36
Guwahati-Jalukbari-Khanapara Urban,47.7,1288.7,22.6,113.5,346.8,30.0,0.95,182.0,0.538,2,2,0.7896,1,0.6163,1,80.7,4.4
NH-06 (Guwahati-Shillong),40.6,1967.3,1.9,3.2,5.8,48.2,0.358,404.0,0.816,3,3,0.1485,0,0.0724,1,11.0,1.78
NH-37 (Silchar-Imphal),35.3,1263.1,38.2,208.8,640.7,48.5,0.95,155.1,0.424,4,3,0.7374,0,0.7251,0,0.0,3.64
NH-37 (Silchar-Imphal),32.7,1649.2,2.5,7.4,14.5,19.7,0.271,3216.4,0.338,5,3,0.1048,0,0.0258,0,0.0,1.56
NH-27 (East-West Corridor),30.0,2186.7,36.4,271.0,557.3,47.5,0.95,2849.2,0.489,1,1,0.6072,1,0.3322,0,0.0,3.26
NH-15 (North Bank Brahmaputra),55.0,593.3,0.5,0.5,1.0,37.6,0.382,552.2,0.468,4,4,0.1991,0,0.0512,0,0.0,1.64
NH-37 (Silchar-Imphal),50.7,858.3,5.7,6.6,11.6,35.1,0.365,1192.7,0.559,4,2,0.1993,0,0.0344,0,0.0,1.92
NH-27 (East-West Corridor),56.5,1080.0,2.4,4.6,5.4,18.8,0.328,489.5,0.397,1,3,0.1698,0,0.0583,0,0.0,1.73
NH-10 (Siliguri-Gangtok),20.3,1130.4,22.5,173.1,486.5,44.6,0.95,1039.6,0.617,3,3,0.3818,0,0.349,0,0.0,2.49
NH-15 (North Bank Brahmaputra),46.4,1110.4,0.8,1.7,2.9,17.4,0.214,1459.6,0.448,1,3,0.1416,0,0.027,0,0.0,1.64
NH-27 (East-West Corridor),55.3,2029.1,11.2,83.4,211.6,26.1,0.95,2496.3,0.771,3,3,0.7709,0,0.1013,0,0.0,3.1
NH-06 (Guwahati-Shillong),22.8,1671.0,4.4,7.5,9.3,18.8,0.337,558.9,0.335,4,2,0.0429,0,0.0559,0,0.0,1.6
NH-27 (East-West Corridor),17.9,1474.6,63.2,346.2,701.4,36.2,0.95,1373.4,0.525,2,3,0.3342,0,0.3293,0,0.0,2.36
Guwahati-Jalukbari-Khanapara Urban,46.9,922.3,0.1,0.1,0.2,40.8,0.229,397.3,0.49,1,1,0.1596,1,0.0764,0,0.0,2.03
NH-10 (Siliguri-Gangtok),39.7,1874.0,0.1,0.2,0.4,50.6,0.222,3861.2,0.592,1,2,0.1306,0,0.0273,0,0.0,1.76
NH-27 (East-West Corridor),51.2,2116.9,0.7,0.9,1.8,44.4,0.131,170.9,0.717,0,4,0.1331,1,0.1205,0,0.0,1.56
NH-10 (Siliguri-Gangtok),21.0,1869.2,2.0,5.0,6.6,53.4,0.151,890.1,0.598,3,4,0.0303,0,0.0348,0,0.0,1.25
NH-15 (North Bank Brahmaputra),49.2,352.9,1.8,3.8,5.2,45.4,0.271,1011.9,0.527,3,4,0.1753,0,0.0325,0,0.0,1.57
NH-27 (East-West Corridor),23.7,1527.3,2.0,3.1,5.9,26.9,0.171,1081.9,0.674,8,3,0.0376,0,0.0311,0,0.0,1.41
NH-37 (Silchar-Imphal),22.0,444.6,20.4,171.6,576.4,36.9,0.95,252.6,0.702,2,4,0.3805,0,0.6192,1,72.2,3.14
NH-37 (Silchar-Imphal),22.1,826.6,16.9,85.2,293.7,33.3,0.95,2381.4,0.598,4,2,0.4156,1,0.1339,0,0.0,2.5
NH-15 (North Bank Brahmaputra),50.0,460.1,21.5,111.8,344.8,37.6,0.95,309.9,0.62,2,3,0.7904,1,0.4936,0,0.0,3.53
NH-06 (Guwahati-Shillong),43.6,1467.0,0.9,1.2,1.6,37.9,0.203,929.9,0.666,4,1,0.1584,0,0.0384,0,0.0,1.99
NH-37 (Silchar-Imphal),37.5,1620.2,6.2,46.2,127.2,43.1,0.761,351.5,0.254,6,4,0.5041,1,0.1179,0,0.0,2.38
Guwahati-Jalukbari-Khanapara Urban,30.4,561.8,0.2,0.4,0.4,18.3,0.363,443.6,0.487,4,3,0.0802,0,0.0627,0,0.0,1.54
NH-37 (Silchar-Imphal),52.7,1060.1,33.1,229.1,736.5,44.9,0.95,782.5,0.618,3,4,0.8035,1,0.394,0,0.0,3.31
Guwahati-Jalukbari-Khanapara Urban,31.9,1194.0,3.4,9.7,15.9,20.7,0.22,581.9,0.498,2,4,0.0775,0,0.0476,0,0.0,1.37
NH-27 (East-West Corridor),50.1,1032.7,2.8,6.4,12.5,16.0,0.181,289.7,0.498,1,3,0.1451,0,0.0875,0,0.0,1.71
NH-15 (North Bank Brahmaputra),33.9,573.9,3.4,9.4,18.4,35.8,0.204,300.0,0.617,4,3,0.1029,0,0.0897,0,0.0,1.62
NH-27 (East-West Corridor),31.2,1125.1,19.7,131.4,387.0,38.3,0.95,583.2,0.622,1,1,0.6156,1,0.4247,0,0.0,3.37
Guwahati-Jalukbari-Khanapara Urban,34.9,1739.7,2.7,7.1,8.8,16.4,0.245,1282.7,0.634,2,3,0.0943,0,0.0292,0,0.0,1.54
NH-06 (Guwahati-Shillong),28.0,481.4,17.0,122.3,321.3,35.6,0.95,1975.9,0.407,0,4,0.5191,0,0.2195,1,44.5,2.84
NH-37 (Silchar-Imphal),47.1,498.3,9.9,14.9,28.3,36.4,0.356,220.3,0.295,6,2,0.2287,1,0.1314,0,0.0,2.08
Guwahati-Jalukbari-Khanapara Urban,36.6,1006.3,85.0,327.7,750.0,17.1,0.95,549.5,0.695,1,5,0.6693,0,0.4428,0,0.0,2.91
NH-37 (Silchar-Imphal),25.0,2092.2,38.3,171.7,435.2,43.5,0.95,234.5,0.416,3,5,0.4826,1,0.6329,0,0.0,2.69
NH-10 (Siliguri-Gangtok),53.7,1586.9,0.7,2.0,3.3,23.4,0.211,163.4,0.404,2,2,0.1662,0,0.1342,0,0.0,1.95
NH-06 (Guwahati-Shillong),31.5,1605.5,7.4,14.2,18.9,46.8,0.415,1017.1,0.388,2,4,0.1013,1,0.0366,0,0.0,1.41
NH-27 (East-West Corridor),38.4,1019.6,17.1,106.0,307.5,27.4,0.95,887.9,0.757,2,1,0.7248,0,0.2596,0,0.0,3.45
Guwahati-Jalukbari-Khanapara Urban,54.0,1448.3,3.2,6.6,8.6,34.1,0.137,292.4,0.588,0,4,0.1395,0,0.0845,0,0.0,1.54
NH-10 (Siliguri-Gangtok),41.8,368.7,2.0,5.0,8.5,50.7,0.17,363.1,0.612,4,3,0.1533,1,0.0764,0,0.0,1.71
NH-15 (North Bank Brahmaputra),20.0,1526.8,28.1,189.5,453.3,47.2,0.95,169.2,0.674,3,4,0.3685,1,0.6988,1,86.8,3.3
Guwahati-Jalukbari-Khanapara Urban,55.4,2039.6,56.0,301.1,750.0,46.3,0.95,1591.2,0.542,7,2,0.8327,1,0.3352,0,0.0,3.61
NH-15 (North Bank Brahmaputra),42.0,1483.3,2.4,5.9,11.1,21.4,0.33,3091.3,0.732,0,4,0.1242,0,0.0248,0,0.0,1.45
Guwahati-Jalukbari-Khanapara Urban,29.4,1966.3,18.6,82.1,219.9,16.9,0.95,266.4,0.335,5,4,0.5825,0,0.3462,1,49.1,3.14
NH-15 (North Bank Brahmaputra),21.0,1689.4,0.8,1.0,1.4,39.2,0.3,360.6,0.355,2,4,0.0327,0,0.0728,0,0.0,1.29
Guwahati-Jalukbari-Khanapara Urban,49.1,573.0,0.8,1.5,2.3,31.4,0.124,1772.4,0.345,3,3,0.1619,0,0.0258,0,0.0,1.68
Guwahati-Jalukbari-Khanapara Urban,41.7,2019.5,27.9,220.7,547.7,51.4,0.95,2238.0,0.626,4,3,0.7882,1,0.3114,1,56.8,3.77
NH-27 (East-West Corridor),37.9,472.9,0.3,0.4,0.8,29.0,0.109,585.3,0.641,1,4,0.0972,0,0.0447,0,0.0,1.41
NH-27 (East-West Corridor),53.4,1337.8,5.8,11.0,16.7,31.4,0.158,191.6,0.465,2,5,0.1591,1,0.1122,0,0.0,1.46
NH-27 (East-West Corridor),48.9,613.0,16.9,76.6,270.8,36.0,0.95,182.2,0.508,6,2,0.8134,1,0.4015,0,0.0,3.64
NH-06 (Guwahati-Shillong),21.5,371.7,25.6,186.5,413.3,46.9,0.95,832.6,0.778,2,2,0.3855,0,0.4033,0,0.0,2.7
NH-15 (North Bank Brahmaputra),28.4,1130.8,16.4,101.6,309.1,25.7,0.95,549.2,0.425,2,4,0.5424,0,0.2849,0,0.0,2.63
NH-27 (East-West Corridor),25.7,895.8,53.7,380.0,750.0,52.7,0.95,173.3,0.603,1,3,0.4804,0,0.7138,0,0.0,3.06
NH-37 (Silchar-Imphal),47.0,1249.1,14.1,136.1,346.1,36.6,0.95,850.2,0.427,4,4,0.8068,1,0.3074,0,0.0,3.23
NH-27 (East-West Corridor),16.4,1417.8,2.0,4.3,5.7,48.6,0.152,159.1,0.747,2,2,0.0215,0,0.1412,0,0.0,1.64
Guwahati-Jalukbari-Khanapara Urban,39.5,430.9,1.4,3.5,4.0,36.0,0.347,1388.6,0.663,3,4,0.1389,0,0.0281,0,0.0,1.48
Guwahati-Jalukbari-Khanapara Urban,47.8,577.6,56.3,321.4,750.0,45.9,0.95,442.7,0.298,2,4,0.8061,0,0.5188,0,0.0,3.44
NH-37 (Silchar-Imphal),52.7,1383.5,2.4,5.7,11.0,17.1,0.374,182.9,0.503,2,3,0.1751,0,0.1256,0,0.0,1.81
NH-10 (Siliguri-Gangtok),29.7,984.9,15.9,93.1,247.9,47.0,0.95,860.1,0.176,4,4,0.6335,0,0.191,0,0.0,2.73
Guwahati-Jalukbari-Khanapara Urban,50.3,1699.0,37.1,216.7,526.5,36.0,0.95,555.6,0.712,4,5,0.7934,1,0.4474,0,0.0,3.19
Guwahati-Jalukbari-Khanapara Urban,19.8,1556.7,0.7,1.4,2.5,33.0,0.13,3063.6,0.88,3,4,0.0226,0,0.0235,0,0.0,1.22
NH-27 (East-West Corridor),51.4,1914.4,74.7,380.0,750.0,19.5,0.95,778.6,0.158,4,2,0.8261,1,0.411,1,107.0,4.35
NH-27 (East-West Corridor),20.5,1631.1,0.2,0.3,0.3,44.7,0.24,407.5,0.293,4,4,0.0344,0,0.065,0,0.0,1.29
Guwahati-Jalukbari-Khanapara Urban,32.1,1145.4,4.6,4.7,7.0,20.2,0.144,1138.8,0.58,3,3,0.0753,0,0.0303,0,0.0,1.5
NH-37 (Silchar-Imphal),49.3,1595.0,49.6,367.2,750.0,22.7,0.95,403.4,0.547,1,2,0.7798,1,0.5566,1,92.9,4.39
Guwahati-Jalukbari-Khanapara Urban,21.4,859.5,0.6,1.5,1.9,20.1,0.274,2026.8,0.476,2,4,0.0296,0,0.0244,0,0.0,1.24
NH-27 (East-West Corridor),24.9,916.7,5.1,9.2,12.7,15.3,0.44,525.6,0.237,3,3,0.0534,0,0.0578,0,0.0,1.47
NH-15 (North Bank Brahmaputra),46.1,1809.6,3.3,9.4,15.4,41.5,0.338,788.6,0.608,0,3,0.158,0,0.042,0,0.0,1.69
NH-27 (East-West Corridor),46.0,1175.9,42.5,245.4,635.1,25.8,0.95,191.5,0.71,3,4,0.7722,1,0.6774,0,0.0,3.52
NH-27 (East-West Corridor),42.6,1827.0,56.9,234.7,717.5,21.0,0.95,594.3,0.88,2,3,0.7376,1,0.4536,1,104.6,4.05
NH-37 (Silchar-Imphal),44.8,1871.5,1.0,51.9,147.6,27.8,0.693,1578.8,0.785,5,4,0.5787,0,0.0406,0,0.0,2.46
Guwahati-Jalukbari-Khanapara Urban,38.3,1936.5,14.0,110.2,353.7,35.0,0.95,1460.5,0.316,1,1,0.7515,1,0.2154,0,0.0,3.47
NH-27 (East-West Corridor),25.8,2045.8,3.5,8.8,14.2,35.1,0.164,353.2,0.548,0,4,0.0391,0,0.0738,0,0.0,1.31
NH-10 (Siliguri-Gangtok),29.9,1147.3,38.0,260.6,558.5,29.7,0.95,355.0,0.657,1,2,0.5663,1,0.588,1,112.9,3.95
NH-15 (North Bank Brahmaputra),22.8,939.9,12.6,108.6,354.4,34.8,0.95,1510.0,0.426,2,2,0.4284,1,0.1936,0,0.0,2.58
NH-27 (East-West Corridor),54.1,1427.1,1.4,3.5,6.4,32.1,0.332,2282.0,0.69,2,2,0.1721,1,0.028,0,0.0,1.86
NH-06 (Guwahati-Shillong),40.1,1036.7,2.4,3.1,4.6,47.9,0.145,230.2,0.677,2,2,0.1281,0,0.1122,1,18.9,1.98
NH-10 (Siliguri-Gangtok),32.2,1462.0,64.3,380.0,750.0,16.2,0.95,628.4,0.773,5,4,0.6349,1,0.4264,0,0.0,2.97
NH-27 (East-West Corridor),34.9,1655.3,29.4,190.8,435.3,49.7,0.95,479.3,0.694,4,3,0.7134,1,0.5102,1,79.6,3.97
NH-06 (Guwahati-Shillong),55.7,1623.5,16.2,109.7,307.5,24.8,0.95,1786.4,0.601,3,2,0.8007,1,0.2031,0,0.0,3.41
NH-37 (Silchar-Imphal),21.6,1042.9,51.0,372.4,716.2,43.9,0.95,219.8,0.435,5,2,0.4496,1,0.6865,1,111.7,3.79
NH-06 (Guwahati-Shillong),40.2,658.7,0.3,0.7,1.2,31.2,0.158,339.7,0.317,3,1,0.1444,0,0.0844,0,0.0,2.0
Guwahati-Jalukbari-Khanapara Urban,36.8,1146.5,56.3,338.8,750.0,26.8,0.95,1267.0,0.589,5,3,0.7387,0,0.3326,1,106.7,3.93
NH-15 (North Bank Brahmaputra),41.3,613.8,0.8,2.0,2.8,39.6,0.349,192.1,0.477,3,3,0.161,0,0.1235,0,0.0,1.78
Guwahati-Jalukbari-Khanapara Urban,15.8,1996.7,1.2,2.0,3.0,45.8,0.226,692.7,0.495,4,2,0.0261,0,0.0461,0,0.0,1.55
NH-37 (Silchar-Imphal),52.5,989.9,52.8,380.0,750.0,33.0,0.95,616.9,0.752,2,4,0.7794,1,0.4378,1,95.7,3.97
NH-37 (Silchar-Imphal),55.1,635.8,3.0,5.8,10.5,33.7,0.297,475.7,0.796,5,4,0.1809,0,0.0582,0,0.0,1.61
NH-37 (Silchar-Imphal),39.3,397.1,34.4,169.3,515.2,17.4,0.95,551.5,0.328,1,1,0.7474,1,0.487,0,0.0,3.73
NH-06 (Guwahati-Shillong),45.0,1544.8,3.1,8.0,15.7,52.0,0.185,753.9,0.512,4,2,0.179,0,0.0444,0,0.0,1.89
NH-06 (Guwahati-Shillong),54.7,1528.3,0.2,0.3,0.4,48.9,0.11,290.8,0.472,2,4,0.1587,0,0.0837,0,0.0,1.58
NH-37 (Silchar-Imphal),45.4,980.1,0.4,0.5,0.8,30.9,0.345,828.9,0.607,3,4,0.1612,0,0.0362,0,0.0,1.54
NH-06 (Guwahati-Shillong),21.6,482.7,1.6,3.6,4.2,45.6,0.194,1459.6,0.142,4,1,0.0414,0,0.0317,0,0.0,1.72
Guwahati-Jalukbari-Khanapara Urban,39.8,1107.8,5.9,15.7,19.4,27.5,0.274,1292.2,0.287,3,5,0.1524,0,0.0287,0,0.0,1.36
NH-27 (East-West Corridor),41.1,925.8,0.2,0.4,0.7,44.2,0.128,283.7,0.529,2,1,0.1369,0,0.0986,1,7.3,2.05
NH-10 (Siliguri-Gangtok),33.2,1602.7,21.9,93.4,307.2,35.7,0.95,279.3,0.692,3,3,0.6588,1,0.4409,0,0.0,3.19
NH-37 (Silchar-Imphal),46.7,1470.7,0.3,0.4,0.6,33.4,0.286,399.8,0.564,8,1,0.1865,0,0.0763,0,0.0,2.09
Guwahati-Jalukbari-Khanapara Urban,55.2,1024.5,2.0,5.8,10.6,17.3,0.301,508.4,0.671,3,5,0.1606,0,0.0505,0,0.0,1.4
NH-06 (Guwahati-Shillong),54.8,753.1,19.3,138.1,430.3,53.6,0.95,570.0,0.586,3,3,0.8162,1,0.4219,0,0.0,3.51
NH-10 (Siliguri-Gangtok),34.4,2177.9,26.4,193.7,529.1,48.5,0.95,1060.8,0.78,3,3,0.6878,1,0.356,0,0.0,3.17
NH-37 (Silchar-Imphal),19.9,1189.9,0.1,0.4,0.5,46.7,0.218,196.7,0.817,5,2,0.0302,0,0.1244,0,0.0,1.64
NH-06 (Guwahati-Shillong),57.3,1623.3,35.2,273.9,750.0,27.2,0.95,178.2,0.413,2,2,0.807,0,0.7115,1,99.8,4.6
NH-06 (Guwahati-Shillong),51.1,610.0,23.8,142.0,394.2,26.6,0.95,547.9,0.709,4,4,0.7925,0,0.422,0,0.0,3.31
NH-10 (Siliguri-Gangtok),20.4,1248.3,2.0,4.4,7.0,37.9,0.353,1105.7,0.641,2,5,0.0292,0,0.0297,0,0.0,1.09
NH-06 (Guwahati-Shillong),54.6,400.9,2.3,3.8,5.1,48.8,0.118,322.0,0.88,4,5,0.1526,0,0.0749,0,0.0,1.41
NH-10 (Siliguri-Gangtok),52.4,1285.1,50.2,351.3,750.0,52.4,0.95,970.7,0.406,4,4,0.8264,1,0.3627,0,0.0,3.33
Guwahati-Jalukbari-Khanapara Urban,37.3,2133.4,20.9,190.1,532.8,25.8,0.95,390.7,0.529,2,4,0.7142,1,0.5299,0,0.0,3.25
NH-37 (Silchar-Imphal),40.4,1060.8,12.4,93.3,320.3,39.3,0.95,1887.8,0.364,4,5,0.7768,1,0.1232,0,0.0,2.83
NH-06 (Guwahati-Shillong),32.2,422.1,2.5,3.3,5.8,44.0,0.19,1958.3,0.375,3,1,0.095,0,0.0297,0,0.0,1.84
NH-27 (East-West Corridor),17.4,407.3,1.5,4.1,7.1,24.1,0.387,432.2,0.619,5,2,0.0297,0,0.0695,0,0.0,1.58
NH-10 (Siliguri-Gangtok),29.4,1067.8,6.5,73.3,257.9,31.3,0.95,359.1,0.587,6,1,0.5987,1,0.2069,1,29.1,3.34
Guwahati-Jalukbari-Khanapara Urban,49.5,646.0,3.7,7.7,11.4,22.5,0.16,573.9,0.647,5,3,0.1652,1,0.0498,0,0.0,1.71
NH-15 (North Bank Brahmaputra),15.2,393.2,3.4,6.9,8.0,43.0,0.401,370.1,0.644,3,5,0.0248,0,0.0721,0,0.0,1.13
NH-27 (East-West Corridor),29.3,1749.0,23.9,176.2,514.7,49.6,0.95,1042.7,0.508,1,3,0.5792,0,0.3529,0,0.0,2.92
NH-37 (Silchar-Imphal),32.1,1198.3,1.8,2.9,3.6,50.1,0.251,1549.3,0.506,5,3,0.1012,1,0.0286,0,0.0,1.55
Guwahati-Jalukbari-Khanapara Urban,38.1,885.1,27.8,166.2,555.8,41.8,0.95,1044.5,0.375,3,4,0.7558,1,0.3356,0,0.0,3.14
NH-10 (Siliguri-Gangtok),54.6,2015.2,17.5,76.6,176.5,28.9,0.733,1541.4,0.424,3,5,0.7298,1,0.0991,0,0.0,2.7
Guwahati-Jalukbari-Khanapara Urban,29.9,564.9,0.7,1.8,2.5,41.4,0.298,554.7,0.54,4,4,0.0766,0,0.0505,0,0.0,1.37
NH-15 (North Bank Brahmaputra),29.9,2118.4,9.3,81.6,259.4,49.6,0.95,286.0,0.585,1,5,0.5616,1,0.2616,0,0.0,2.49
Guwahati-Jalukbari-Khanapara Urban,46.7,930.8,0.5,0.6,0.7,40.0,0.3,1221.4,0.678,3,2,0.1681,0,0.0323,0,0.0,1.85
Guwahati-Jalukbari-Khanapara Urban,34.4,1993.5,39.6,202.4,481.3,31.5,0.95,507.6,0.66,4,3,0.694,0,0.4921,0,0.0,3.31
NH-37 (Silchar-Imphal),24.7,1465.4,0.6,1.3,2.6,51.8,0.322,1040.0,0.83,3,3,0.0434,0,0.0342,0,0.0,1.43
NH-27 (East-West Corridor),34.5,1879.4,0.4,1.2,1.9,48.4,0.149,402.5,0.375,2,2,0.1037,0,0.0717,0,0.0,1.75
Guwahati-Jalukbari-Khanapara Urban,21.1,2170.4,20.3,169.2,371.7,50.3,0.95,217.8,0.508,3,2,0.4148,0,0.6743,0,0.0,3.03
NH-06 (Guwahati-Shillong),22.6,883.6,0.5,0.6,1.1,51.1,0.245,4073.1,0.391,4,5,0.0393,0,0.0236,0,0.0,1.11
Guwahati-Jalukbari-Khanapara Urban,36.4,2128.1,20.8,178.1,485.2,30.8,0.95,285.9,0.78,4,3,0.7145,0,0.6086,1,84.6,4.11
Guwahati-Jalukbari-Khanapara Urban,33.0,1070.5,0.6,0.9,1.6,49.4,0.327,3716.8,0.46,2,3,0.1009,0,0.0267,0,0.0,1.55
NH-37 (Silchar-Imphal),54.3,1063.2,2.5,7.3,11.6,37.8,0.174,3177.6,0.758,2,2,0.1578,0,0.0273,0,0.0,1.82
NH-37 (Silchar-Imphal),30.6,979.7,1.7,1.8,2.1,16.5,0.267,1413.2,0.812,2,5,0.0592,0,0.025,0,0.0,1.16
NH-37 (Silchar-Imphal),40.0,1351.6,8.6,20.1,23.7,40.4,0.435,1011.7,0.624,2,3,0.1675,0,0.0403,0,0.0,1.71
NH-15 (North Bank Brahmaputra),42.2,635.2,18.4,40.9,78.0,33.8,0.42,839.8,0.603,4,1,0.3134,0,0.0747,0,0.0,2.36
NH-37 (Silchar-Imphal),15.6,1374.4,20.6,134.0,299.2,26.0,0.95,1758.5,0.557,0,2,0.2829,0,0.2716,1,56.1,2.76
Guwahati-Jalukbari-Khanapara Urban,43.5,1352.2,47.4,279.6,693.5,53.8,0.95,423.4,0.493,4,5,0.7987,1,0.5191,0,0.0,3.27
Guwahati-Jalukbari-Khanapara Urban,22.7,1759.5,29.3,202.8,449.1,17.2,0.95,654.4,0.471,3,5,0.3992,1,0.4018,1,70.6,2.81
NH-10 (Siliguri-Gangtok),56.3,1892.3,22.5,160.4,339.1,52.8,0.95,922.8,0.523,3,3,0.8199,1,0.362,1,49.2,3.83
NH-37 (Silchar-Imphal),21.4,1164.8,6.3,7.5,13.7,21.4,0.254,573.7,0.878,3,3,0.0283,0,0.0517,0,0.0,1.41
NH-10 (Siliguri-Gangtok),32.8,909.3,62.8,380.0,750.0,30.1,0.95,596.2,0.362,2,5,0.6527,1,0.4306,0,0.0,2.86
NH-27 (East-West Corridor),18.7,829.8,1.5,1.8,3.0,31.7,0.196,470.7,0.587,6,4,0.0269,0,0.056,0,0.0,1.26
NH-37 (Silchar-Imphal),57.9,710.1,24.9,193.5,681.7,44.2,0.95,814.5,0.678,3,5,0.7994,1,0.369,1,73.3,3.67
NH-15 (North Bank Brahmaputra),36.6,456.6,1.6,2.9,3.9,23.6,0.161,1670.8,0.499,2,3,0.1039,0,0.0262,0,0.0,1.55
NH-15 (North Bank Brahmaputra),40.6,983.5,47.6,352.8,750.0,54.4,0.95,330.0,0.625,4,5,0.7749,0,0.5756,1,91.2,3.95
NH-27 (East-West Corridor),17.9,850.0,31.0,214.3,516.9,45.0,0.95,2329.7,0.279,4,3,0.3853,0,0.3081,0,0.0,2.45
NH-15 (North Bank Brahmaputra),47.2,2137.9,68.3,380.0,750.0,46.6,0.95,1084.6,0.789,3,3,0.7897,1,0.3577,1,109.2,4.07
NH-06 (Guwahati-Shillong),24.0,1381.8,3.6,51.2,215.8,19.3,0.825,1536.5,0.754,4,1,0.3428,1,0.0507,0,0.0,2.4
Guwahati-Jalukbari-Khanapara Urban,53.6,992.5,15.6,89.8,258.1,34.1,0.95,799.9,0.532,4,3,0.8078,1,0.1907,0,0.0,3.27
Guwahati-Jalukbari-Khanapara Urban,23.8,1423.9,36.4,272.7,691.4,52.8,0.95,1359.5,0.392,5,4,0.4977,1,0.3247,0,0.0,2.57
NH-10 (Siliguri-Gangtok),23.2,607.5,0.8,1.0,1.5,25.8,0.136,163.1,0.693,3,3,0.0312,0,0.1261,0,0.0,1.49
Guwahati-Jalukbari-Khanapara Urban,16.6,1171.5,1.2,3.3,5.5,20.8,0.121,1514.7,0.343,4,3,0.0233,0,0.0264,0,0.0,1.38
NH-27 (East-West Corridor),35.3,1508.5,1.3,1.5,2.7,34.4,0.123,182.8,0.369,1,3,0.0961,0,0.1197,0,0.0,1.63
Guwahati-Jalukbari-Khanapara Urban,39.3,1254.5,0.7,1.9,3.4,52.2,0.396,1915.2,0.54,0,5,0.1337,0,0.0255,0,0.0,1.32
NH-37 (Silchar-Imphal),17.8,1093.3,1.0,2.5,3.4,34.5,0.336,4008.9,0.823,5,3,0.0275,0,0.0262,0,0.0,1.39
NH-06 (Guwahati-Shillong),48.3,2188.6,1.8,4.3,6.8,31.2,0.405,428.6,0.665,1,2,0.1675,0,0.0714,0,0.0,1.89
NH-10 (Siliguri-Gangtok),34.5,1978.6,1.7,4.9,5.9,41.0,0.154,338.9,0.434,4,1,0.1131,0,0.0874,0,0.0,1.94
NH-10 (Siliguri-Gangtok),37.5,1503.3,8.9,76.5,170.7,52.5,0.84,1309.8,0.247,2,4,0.6891,1,0.0879,0,0.0,2.75
NH-10 (Siliguri-Gangtok),34.0,1403.3,83.7,380.0,750.0,17.0,0.95,383.4,0.557,6,3,0.6914,0,0.5523,1,142.5,4.04
NH-37 (Silchar-Imphal),32.2,1498.2,0.8,1.1,1.6,21.1,0.113,1755.3,0.595,3,1,0.0767,0,0.0281,0,0.0,1.8
Guwahati-Jalukbari-Khanapara Urban,39.1,722.4,1.9,2.8,3.5,20.3,0.252,236.8,0.537,2,3,0.1226,0,0.1026,0,0.0,1.67
NH-37 (Silchar-Imphal),21.7,1081.0,0.3,0.5,0.5,18.4,0.296,257.7,0.875,3,5,0.0271,0,0.0871,0,0.0,1.15
NH-27 (East-West Corridor),22.8,423.0,0.6,1.3,2.0,27.1,0.126,3246.4,0.526,3,5,0.0304,0,0.022,0,0.0,1.09
NH-15 (North Bank Brahmaputra),52.1,1229.8,78.0,380.0,750.0,24.2,0.95,1046.3,0.139,1,1,0.8121,1,0.3781,0,0.0,3.76
Guwahati-Jalukbari-Khanapara Urban,55.7,1354.6,0.2,0.3,0.5,36.9,0.129,1651.3,0.477,5,2,0.1827,0,0.0277,0,0.0,1.88
NH-37 (Silchar-Imphal),31.1,771.3,51.1,266.3,630.7,28.1,0.95,463.6,0.632,0,1,0.5896,1,0.5404,1,104.2,4.11
NH-27 (East-West Corridor),26.6,2133.5,1.3,46.3,181.7,31.2,0.847,1052.8,0.62,2,4,0.326,0,0.0469,0,0.0,1.91
NH-27 (East-West Corridor),42.7,2032.5,17.2,114.1,374.2,52.7,0.95,871.6,0.518,3,1,0.8003,1,0.2988,0,0.0,3.66
NH-37 (Silchar-Imphal),32.6,1686.0,2.1,4.3,6.2,21.2,0.294,889.4,0.488,2,1,0.0903,0,0.0399,0,0.0,1.84
NH-37 (Silchar-Imphal),16.1,1336.8,18.1,119.3,350.0,30.5,0.95,1067.9,0.19,2,2,0.3407,1,0.2723,1,46.5,2.82
NH-06 (Guwahati-Shillong),21.7,1959.4,1.1,2.0,2.3,25.3,0.207,835.2,0.565,4,5,0.0306,0,0.0329,0,0.0,1.1
NH-37 (Silchar-Imphal),45.8,591.7,4.9,12.6,15.1,37.0,0.267,598.4,0.489,4,4,0.1793,0,0.0495,0,0.0,1.59
NH-10 (Siliguri-Gangtok),43.3,1812.4,3.1,3.6,5.3,44.5,0.25,408.3,0.595,3,3,0.1574,0,0.0698,0,0.0,1.72
Guwahati-Jalukbari-Khanapara Urban,16.2,580.9,0.7,2.1,3.5,47.7,0.224,1320.8,0.638,3,4,0.0231,0,0.0281,0,0.0,1.23
NH-27 (East-West Corridor),24.5,1819.3,5.2,9.5,10.7,35.6,0.364,355.2,0.773,3,4,0.0431,0,0.0783,0,0.0,1.32
NH-10 (Siliguri-Gangtok),24.9,860.2,0.8,1.3,2.1,49.2,0.149,1093.0,0.378,2,4,0.0418,0,0.03,0,0.0,1.27
NH-15 (North Bank Brahmaputra),43.9,1972.6,38.6,223.0,637.1,46.4,0.95,362.6,0.317,4,1,0.8205,1,0.6029,0,0.0,4.0
NH-10 (Siliguri-Gangtok),15.8,2096.5,79.8,380.0,750.0,21.3,0.95,935.4,0.447,6,3,0.3385,1,0.3677,0,0.0,2.41
NH-27 (East-West Corridor),19.5,625.3,4.1,9.3,14.7,24.8,0.366,1249.7,0.418,3,4,0.0316,0,0.0299,0,0.0,1.25
NH-15 (North Bank Brahmaputra),49.4,1205.9,1.3,1.3,2.1,41.9,0.372,347.5,0.401,0,3,0.172,0,0.081,0,0.0,1.76
Guwahati-Jalukbari-Khanapara Urban,22.7,2164.8,6.2,65.4,224.0,54.0,0.95,199.5,0.81,0,1,0.3541,1,0.2703,0,0.0,2.65
NH-06 (Guwahati-Shillong),43.1,1244.3,2.2,3.7,6.6,30.0,0.258,262.3,0.577,5,2,0.1676,0,0.1022,0,0.0,1.92
NH-06 (Guwahati-Shillong),25.2,1947.6,70.6,332.3,750.0,24.2,0.95,895.1,0.88,5,5,0.4542,0,0.3509,1,107.1,3.02
NH-15 (North Bank Brahmaputra),19.3,1439.2,20.2,133.7,428.6,49.8,0.95,1664.7,0.549,2,4,0.3577,0,0.2597,0,0.0,2.19
NH-10 (Siliguri-Gangtok),25.5,1044.4,1.3,2.6,4.4,23.0,0.17,186.8,0.339,2,4,0.0412,0,0.1122,0,0.0,1.35
NH-10 (Siliguri-Gangtok),46.1,878.7,4.9,12.1,15.5,42.9,0.389,1209.9,0.405,4,4,0.2031,0,0.032,1,14.0,1.73
NH-37 (Silchar-Imphal),51.8,726.0,0.0,0.0,0.0,16.4,0.314,484.0,0.734,1,2,0.1486,0,0.0601,0,0.0,1.84
NH-06 (Guwahati-Shillong),50.7,1759.3,3.1,8.8,12.1,15.8,0.379,670.9,0.346,2,1,0.1903,0,0.0507,0,0.0,2.07
NH-06 (Guwahati-Shillong),32.1,1065.1,0.1,0.2,0.3,33.1,0.231,2264.5,0.65,6,3,0.0883,0,0.0256,0,0.0,1.52
Guwahati-Jalukbari-Khanapara Urban,43.7,1295.9,46.3,319.5,750.0,41.3,0.95,472.7,0.486,2,3,0.7834,1,0.515,0,0.0,3.53
NH-37 (Silchar-Imphal),23.8,1260.8,2.0,4.6,5.7,20.7,0.15,650.9,0.383,4,4,0.0377,0,0.0415,0,0.0,1.27
NH-27 (East-West Corridor),27.6,1418.0,2.3,6.3,8.1,45.6,0.333,161.0,0.8,5,2,0.0659,0,0.1467,0,0.0,1.74
NH-27 (East-West Corridor),53.5,1951.3,78.0,380.0,750.0,20.1,0.95,218.1,0.444,1,2,0.7901,1,0.6785,1,144.0,4.53
Guwahati-Jalukbari-Khanapara Urban,15.6,2164.4,1.1,2.7,4.5,36.3,0.268,389.4,0.401,2,1,0.0248,0,0.0787,0,0.0,1.73
NH-27 (East-West Corridor),18.7,1104.0,1.8,2.5,4.2,27.3,0.368,172.6,0.536,5,3,0.0317,0,0.1303,0,0.0,1.5
NH-06 (Guwahati-Shillong),23.9,1880.9,0.1,0.4,0.6,45.1,0.334,948.4,0.459,4,2,0.0484,0,0.0375,0,0.0,1.59
NH-10 (Siliguri-Gangtok),16.1,1764.4,0.3,0.8,1.6,47.2,0.266,594.7,0.88,1,2,0.0207,0,0.0526,0,0.0,1.55
NH-37 (Silchar-Imphal),22.8,1411.0,44.7,201.4,517.5,17.6,0.95,785.5,0.741,3,2,0.398,0,0.407,0,0.0,2.73
NH-27 (East-West Corridor),40.1,2118.7,1.5,3.1,4.9,22.7,0.25,303.6,0.444,7,2,0.154,0,0.0897,0,0.0,1.88
NH-27 (East-West Corridor),33.1,720.9,31.7,225.1,704.4,50.7,0.95,430.7,0.464,5,2,0.7168,1,0.5527,0,0.0,3.57
NH-27 (East-West Corridor),53.4,552.1,1.5,2.9,5.7,31.6,0.165,1022.1,0.186,0,3,0.1595,1,0.0322,0,0.0,1.68
NH-27 (East-West Corridor),50.2,1929.8,4.9,14.5,24.5,34.1,0.376,2838.9,0.575,1,3,0.1814,1,0.0285,0,0.0,1.73
NH-10 (Siliguri-Gangtok),29.7,1162.4,0.0,0.0,0.1,21.7,0.308,191.4,0.416,5,1,0.0817,1,0.13,0,0.0,1.91
NH-10 (Siliguri-Gangtok),26.2,1916.9,27.7,163.0,338.0,54.8,0.95,1918.6,0.566,4,3,0.5349,1,0.3048,1,46.0,3.12
NH-15 (North Bank Brahmaputra),31.3,2002.2,0.2,0.2,0.3,51.9,0.238,838.1,0.196,1,4,0.0839,0,0.0362,0,0.0,1.37
Guwahati-Jalukbari-Khanapara Urban,40.4,465.5,0.0,0.0,0.0,15.1,0.399,813.9,0.545,3,1,0.1511,0,0.0422,0,0.0,1.97
NH-06 (Guwahati-Shillong),26.5,1984.4,43.3,232.3,673.0,37.0,0.95,705.0,0.856,2,5,0.464,0,0.3982,0,0.0,2.42
NH-27 (East-West Corridor),41.8,1179.4,1.1,1.6,2.7,49.9,0.306,207.5,0.56,1,2,0.1507,0,0.1241,0,0.0,1.9
Guwahati-Jalukbari-Khanapara Urban,32.6,1294.3,3.2,5.8,8.7,32.2,0.427,225.3,0.411,6,1,0.1223,0,0.126,0,0.0,1.99
NH-06 (Guwahati-Shillong),38.7,1509.2,26.1,113.8,362.9,32.5,0.95,884.9,0.546,1,2,0.7336,0,0.3134,0,0.0,3.37
NH-10 (Siliguri-Gangtok),33.8,2063.8,2.0,5.0,7.4,30.2,0.26,483.6,0.538,1,1,0.0943,0,0.0653,0,0.0,1.87
NH-27 (East-West Corridor),27.7,385.4,37.6,229.9,727.6,16.2,0.95,2143.7,0.88,4,3,0.5079,0,0.2998,0,0.0,2.71
NH-10 (Siliguri-Gangtok),55.8,1232.2,0.5,0.8,0.9,46.6,0.356,567.5,0.49,3,2,0.2011,0,0.0559,0,0.0,1.95
NH-15 (North Bank Brahmaputra),47.8,1622.3,8.0,51.0,211.5,33.3,0.95,273.7,0.333,2,4,0.7341,0,0.1613,0,0.0,2.92
NH-27 (East-West Corridor),21.0,1687.0,24.8,158.2,487.2,36.2,0.95,1153.4,0.554,2,4,0.3732,1,0.315,1,35.8,2.55
NH-10 (Siliguri-Gangtok),52.3,1631.2,3.6,9.4,15.6,25.2,0.384,427.8,0.585,5,3,0.203,0,0.0687,0,0.0,1.81
Guwahati-Jalukbari-Khanapara Urban,36.0,598.7,16.6,158.1,478.2,46.4,0.95,746.3,0.651,5,3,0.7395,0,0.3859,0,0.0,3.31
Guwahati-Jalukbari-Khanapara Urban,53.5,903.9,10.6,97.2,371.4,46.7,0.95,1107.4,0.686,3,3,0.8048,1,0.1632,0,0.0,3.23
NH-10 (Siliguri-Gangtok),49.4,1013.6,3.2,3.8,7.3,37.1,0.272,1994.2,0.88,0,2,0.1419,0,0.0285,0,0.0,1.79
NH-10 (Siliguri-Gangtok),33.3,1838.2,0.5,0.5,0.7,51.2,0.401,1406.9,0.443,1,2,0.1073,1,0.032,0,0.0,1.72
NH-37 (Silchar-Imphal),16.0,865.7,39.9,197.2,556.6,19.6,0.95,1052.5,0.426,1,3,0.2965,1,0.3482,1,68.1,2.81
NH-27 (East-West Corridor),26.6,739.8,7.1,51.2,168.0,46.5,0.846,1060.6,0.216,1,1,0.3726,1,0.0664,0,0.0,2.49
NH-37 (Silchar-Imphal),38.3,2121.3,0.0,0.0,0.1,37.3,0.297,2483.9,0.669,0,2,0.1154,0,0.0275,0,0.0,1.73
NH-10 (Siliguri-Gangtok),42.2,366.4,57.1,380.0,750.0,24.2,0.95,430.6,0.39,1,3,0.7608,1,0.529,1,99.4,4.17
Guwahati-Jalukbari-Khanapara Urban,26.1,2196.0,2.1,4.2,7.5,20.3,0.367,150.9,0.711,3,3,0.0482,0,0.1395,1,9.2,1.61
NH-27 (East-West Corridor),21.0,1602.1,7.6,87.9,225.7,27.0,0.95,403.9,0.462,5,2,0.4021,0,0.2436,0,0.0,2.58
Guwahati-Jalukbari-Khanapara Urban,50.9,1882.7,18.0,120.7,339.7,49.3,0.95,346.6,0.861,4,1,0.8098,1,0.5129,1,57.0,4.32
NH-10 (Siliguri-Gangtok),57.3,895.0,18.9,129.4,355.0,46.5,0.95,1017.4,0.292,0,1,0.8136,1,0.3218,1,34.4,3.97
NH-37 (Silchar-Imphal),37.6,376.5,1.9,3.1,4.2,40.8,0.237,953.5,0.734,1,1,0.1147,0,0.0387,0,0.0,1.89
NH-27 (East-West Corridor),22.4,1715.1,30.0,196.6,508.5,18.6,0.95,870.1,0.713,2,3,0.375,1,0.3741,1,72.3,3.04
NH-15 (North Bank Brahmaputra),26.7,1893.2,0.0,0.1,0.1,53.2,0.264,163.1,0.645,3,3,0.0537,0,0.1351,0,0.0,1.55
NH-37 (Silchar-Imphal),15.8,1719.9,3.1,4.3,8.5,27.2,0.232,1193.9,0.349,2,2,0.0236,0,0.032,0,0.0,1.53
NH-27 (East-West Corridor),54.3,614.3,0.2,0.4,0.6,39.3,0.232,462.7,0.646,0,2,0.1518,0,0.0637,0,0.0,1.85
NH-15 (North Bank Brahmaputra),20.1,1743.8,64.7,380.0,750.0,47.1,0.95,1025.0,0.573,4,3,0.3951,1,0.3653,1,105.8,3.21
NH-15 (North Bank Brahmaputra),39.8,1772.5,1.7,2.5,4.4,20.3,0.368,800.6,0.221,2,1,0.157,0,0.0433,0,0.0,1.99
Guwahati-Jalukbari-Khanapara Urban,26.8,1568.3,1.9,4.2,5.7,41.1,0.242,485.7,0.83,6,2,0.0548,0,0.0625,0,0.0,1.63
NH-06 (Guwahati-Shillong),38.8,1767.3,17.5,111.3,343.1,16.3,0.95,265.6,0.488,3,3,0.7402,0,0.4927,0,0.0,3.42
NH-27 (East-West Corridor),43.0,1915.0,8.2,79.5,213.3,19.1,0.95,229.3,0.817,4,1,0.7487,1,0.3129,0,0.0,3.56
NH-10 (Siliguri-Gangtok),50.7,1485.2,10.8,77.0,247.9,43.9,0.932,1574.7,0.538,3,4,0.7901,1,0.0903,0,0.0,2.98
NH-27 (East-West Corridor),23.9,513.9,43.4,286.7,663.4,21.2,0.95,2154.7,0.727,2,4,0.4018,0,0.291,0,0.0,2.32
NH-15 (North Bank Brahmaputra),15.5,1252.1,0.6,0.8,0.9,32.7,0.314,989.4,0.395,2,3,0.0239,0,0.0339,0,0.0,1.39
NH-10 (Siliguri-Gangtok),20.9,493.7,28.2,154.6,454.6,24.9,0.95,237.3,0.589,5,2,0.4046,1,0.6476,0,0.0,2.98
NH-06 (Guwahati-Shillong),53.7,1104.0,34.4,147.9,388.7,31.8,0.95,561.4,0.576,0,2,0.7818,0,0.4662,0,0.0,3.63
NH-06 (Guwahati-Shillong),52.6,1103.1,2.3,4.5,5.8,18.1,0.154,1194.3,0.492,1,2,0.1473,0,0.0308,0,0.0,1.8
Guwahati-Jalukbari-Khanapara Urban,40.7,472.1,2.3,4.9,8.6,45.2,0.427,1360.7,0.394,3,2,0.1798,0,0.0329,0,0.0,1.88
Guwahati-Jalukbari-Khanapara Urban,40.8,995.3,0.5,1.0,1.7,18.2,0.332,250.6,0.08,3,3,0.1635,1,0.0991,1,10.6,1.84
NH-06 (Guwahati-Shillong),43.6,555.3,1.5,4.3,6.6,48.5,0.216,150.0,0.398,1,2,0.1567,0,0.1476,0,0.0,1.94
NH-27 (East-West Corridor),22.5,1845.2,27.9,206.8,483.8,41.5,0.95,1146.2,0.676,2,5,0.391,0,0.322,1,43.1,2.5
NH-15 (North Bank Brahmaputra),54.3,2103.2,42.1,215.2,526.8,31.7,0.95,502.8,0.299,6,5,0.8251,1,0.4684,0,0.0,3.28
NH-27 (East-West Corridor),33.0,483.8,17.8,126.4,381.6,49.7,0.95,384.9,0.336,4,4,0.7022,1,0.4647,1,63.7,3.63
Guwahati-Jalukbari-Khanapara Urban,31.5,2117.0,0.1,0.1,0.1,22.4,0.182,160.4,0.292,1,4,0.0709,0,0.1216,0,0.0,1.43
NH-27 (East-West Corridor),37.3,1316.8,0.1,0.4,0.5,25.6,0.119,771.7,0.588,2,2,0.1041,0,0.0395,0,0.0,1.72
NH-27 (East-West Corridor),17.0,904.2,35.2,231.9,585.2,20.5,0.95,1673.9,0.389,3,4,0.3266,1,0.2983,0,0.0,2.16
NH-27 (East-West Corridor),22.2,492.2,2.7,6.9,9.5,30.3,0.398,2679.1,0.77,2,1,0.0358,0,0.0303,0,0.0,1.71
NH-27 (East-West Corridor),46.7,1276.2,54.4,274.6,750.0,54.5,0.95,817.3,0.682,3,5,0.7914,1,0.3785,1,95.0,3.79
NH-10 (Siliguri-Gangtok),18.6,1819.9,1.9,4.9,9.7,21.4,0.151,728.0,0.586,1,4,0.0208,0,0.0381,0,0.0,1.23
Guwahati-Jalukbari-Khanapara Urban,40.9,1658.1,22.0,100.6,357.3,48.2,0.95,221.1,0.605,3,2,0.7776,1,0.5404,0,0.0,3.7
NH-06 (Guwahati-Shillong),25.6,442.9,1.2,2.2,3.4,41.1,0.236,786.8,0.413,3,4,0.0478,0,0.0375,0,0.0,1.29
NH-06 (Guwahati-Shillong),31.7,484.9,0.5,0.7,1.3,15.6,0.194,532.4,0.413,1,1,0.0738,0,0.0566,0,0.0,1.82
NH-10 (Siliguri-Gangtok),27.4,1095.3,4.0,5.8,9.3,52.8,0.153,897.4,0.678,1,3,0.0489,0,0.0369,0,0.0,1.44
Guwahati-Jalukbari-Khanapara Urban,30.3,896.3,23.1,172.6,462.9,53.8,0.95,543.8,0.714,5,5,0.6251,1,0.4474,0,0.0,2.82
NH-15 (North Bank Brahmaputra),45.9,779.9,10.7,100.0,282.6,52.0,0.95,369.9,0.676,3,2,0.7971,1,0.3514,1,46.2,3.9
NH-10 (Siliguri-Gangtok),27.8,869.9,1.7,4.0,6.6,35.1,0.142,229.8,0.465,4,4,0.0562,0,0.0998,0,0.0,1.37
Guwahati-Jalukbari-Khanapara Urban,39.4,1836.4,34.8,146.3,339.0,23.8,0.95,452.6,0.48,6,3,0.7701,1,0.4979,0,0.0,3.49
NH-10 (Siliguri-Gangtok),35.5,2069.1,68.2,380.0,750.0,30.7,0.95,231.3,0.382,2,3,0.7089,1,0.6608,0,0.0,3.51
NH-27 (East-West Corridor),43.5,1099.4,22.7,191.4,644.2,39.6,0.95,305.7,0.688,4,4,0.7821,0,0.5912,1,85.7,4.1
NH-10 (Siliguri-Gangtok),55.3,2026.3,20.2,140.2,473.4,30.2,0.95,3645.2,0.197,2,5,0.8077,1,0.2405,0,0.0,3.02
NH-10 (Siliguri-Gangtok),46.5,944.8,0.1,0.1,0.2,43.3,0.141,619.7,0.153,3,2,0.1773,0,0.0487,1,5.0,1.93
NH-37 (Silchar-Imphal),24.2,1231.4,2.4,5.9,10.3,46.8,0.242,757.2,0.189,6,2,0.0551,0,0.0441,0,0.0,1.61
Guwahati-Jalukbari-Khanapara Urban,16.3,768.2,21.0,105.8,275.5,23.4,0.95,1804.8,0.164,0,3,0.3086,0,0.2023,0,0.0,2.18
NH-27 (East-West Corridor),26.3,1534.9,27.5,173.9,572.4,31.2,0.95,4485.3,0.794,7,3,0.5071,0,0.2926,1,55.9,3.12
NH-10 (Siliguri-Gangtok),40.6,2161.1,20.5,133.9,443.9,53.3,0.95,849.2,0.692,3,3,0.7699,1,0.3405,1,54.2,3.74
NH-27 (East-West Corridor),17.2,1466.5,20.6,175.4,434.4,25.0,0.95,1489.1,0.334,2,4,0.3259,1,0.2949,0,0.0,2.16
NH-15 (North Bank Brahmaputra),36.3,1012.0,0.1,0.2,0.3,28.9,0.397,466.7,0.531,4,4,0.1291,0,0.0585,0,0.0,1.49
Guwahati-Jalukbari-Khanapara Urban,40.7,1548.5,23.9,175.5,425.9,16.4,0.95,441.9,0.814,3,3,0.7351,1,0.5071,1,84.8,4.06
NH-06 (Guwahati-Shillong),29.4,577.4,0.7,1.6,2.3,28.3,0.305,562.3,0.64,3,1,0.0691,0,0.0569,0,0.0,1.81
NH-37 (Silchar-Imphal),48.1,1994.0,20.1,163.2,488.5,29.8,0.95,1043.0,0.88,2,2,0.7707,1,0.347,0,0.0,3.49
NH-37 (Silchar-Imphal),19.6,1280.7,1.4,1.9,3.0,19.0,0.34,1067.0,0.529,4,3,0.0302,0,0.0321,0,0.0,1.4
Guwahati-Jalukbari-Khanapara Urban,18.2,1181.3,19.7,173.6,582.9,15.1,0.95,452.9,0.432,2,5,0.3163,0,0.4697,1,60.0,2.61
NH-37 (Silchar-Imphal),46.3,1433.8,0.7,1.1,1.9,38.0,0.331,264.4,0.355,2,3,0.1753,0,0.0985,0,0.0,1.78
NH-06 (Guwahati-Shillong),36.3,1505.9,5.4,15.2,20.7,27.1,0.427,950.6,0.554,4,3,0.1441,0,0.0385,0,0.0,1.66
NH-27 (East-West Corridor),44.6,482.8,0.7,1.0,1.2,15.7,0.2,259.9,0.718,0,4,0.116,1,0.0887,0,0.0,1.49
NH-10 (Siliguri-Gangtok),33.7,1612.8,3.0,35.1,112.1,49.4,0.748,841.1,0.568,3,2,0.3051,0,0.0553,0,0.0,2.18
Guwahati-Jalukbari-Khanapara Urban,25.6,797.6,12.3,93.7,306.0,38.4,0.95,1095.8,0.486,3,2,0.5013,1,0.1659,0,0.0,2.72
NH-15 (North Bank Brahmaputra),50.2,1670.8,1.6,1.9,3.4,21.8,0.275,1114.8,0.776,4,3,0.1613,1,0.031,0,0.0,1.69
NH-15 (North Bank Brahmaputra),49.4,1871.7,5.4,63.2,217.9,49.6,0.95,1270.2,0.645,2,5,0.7518,0,0.0599,0,0.0,2.71
Guwahati-Jalukbari-Khanapara Urban,44.9,1837.3,15.6,86.4,275.8,25.1,0.95,1800.0,0.53,0,4,0.7454,1,0.1219,0,0.0,2.91
NH-37 (Silchar-Imphal),26.7,1372.1,4.1,5.4,7.3,24.1,0.321,704.5,0.412,1,4,0.0493,0,0.0415,0,0.0,1.3
NH-10 (Siliguri-Gangtok),40.4,1312.3,2.8,6.9,11.8,50.8,0.304,1198.2,0.504,1,3,0.1471,1,0.0325,0,0.0,1.66
NH-37 (Silchar-Imphal),30.5,614.3,15.3,109.7,358.6,22.2,0.95,922.3,0.635,2,3,0.5822,1,0.2363,0,0.0,2.81
NH-37 (Silchar-Imphal),18.9,1784.4,42.2,307.1,750.0,50.2,0.95,315.3,0.41,2,2,0.3763,1,0.6223,1,97.4,3.57
NH-27 (East-West Corridor),54.4,852.1,0.0,0.1,0.2,47.1,0.296,170.8,0.328,2,4,0.1858,0,0.1253,0,0.0,1.68
NH-27 (East-West Corridor),20.9,1268.9,37.5,151.5,410.7,27.4,0.95,417.9,0.464,3,3,0.3874,0,0.5233,0,0.0,2.67
NH-37 (Silchar-Imphal),55.9,875.9,4.0,5.4,10.7,16.4,0.196,618.2,0.541,2,2,0.1586,1,0.0489,0,0.0,1.85
NH-06 (Guwahati-Shillong),34.2,597.6,1.8,3.4,6.3,18.3,0.239,918.0,0.795,8,2,0.0986,0,0.0362,0,0.0,1.7
Guwahati-Jalukbari-Khanapara Urban,23.0,1514.7,0.5,1.4,2.5,19.4,0.35,1667.5,0.341,6,3,0.0437,0,0.0271,1,5.0,1.46
NH-15 (North Bank Brahmaputra),38.3,450.5,0.2,0.3,0.6,50.6,0.139,324.8,0.591,3,4,0.1212,0,0.0775,0,0.0,1.49
NH-06 (Guwahati-Shillong),52.5,1735.0,31.7,253.7,750.0,31.2,0.95,257.3,0.5,3,1,0.8128,1,0.6658,1,99.8,4.72
Guwahati-Jalukbari-Khanapara Urban,46.5,937.5,18.2,164.0,414.4,16.3,0.95,2797.9,0.509,3,4,0.7794,1,0.2661,0,0.0,3.13
NH-10 (Siliguri-Gangtok),49.7,350.2,0.4,0.9,1.6,37.3,0.379,241.5,0.827,2,4,0.1601,1,0.1011,1,5.0,1.64
NH-10 (Siliguri-Gangtok),43.3,1295.6,0.1,0.1,0.2,23.3,0.352,670.8,0.565,2,4,0.1467,0,0.042,0,0.0,1.51
NH-06 (Guwahati-Shillong),44.8,436.7,30.9,228.7,519.0,24.4,0.95,854.7,0.386,2,4,0.7779,1,0.3697,0,0.0,3.23
NH-37 (Silchar-Imphal),51.5,860.9,42.6,237.4,692.9,21.4,0.95,773.6,0.71,5,2,0.8059,1,0.4126,1,78.2,4.22
NH-15 (North Bank Brahmaputra),25.7,1657.9,17.1,136.5,453.6,45.5,0.95,222.0,0.697,2,5,0.4662,1,0.5875,1,90.5,3.28
NH-37 (Silchar-Imphal),36.0,466.0,16.2,127.1,303.3,15.0,0.95,197.0,0.37,5,2,0.7394,0,0.6086,1,83.8,4.31
NH-10 (Siliguri-Gangtok),24.5,1902.8,1.9,5.6,9.1,32.6,0.392,239.2,0.335,3,2,0.0518,0,0.1137,0,0.0,1.68
NH-37 (Silchar-Imphal),57.5,357.1,42.6,208.8,585.0,18.5,0.95,854.7,0.624,5,3,0.8096,1,0.3797,0,0.0,3.46
NH-27 (East-West Corridor),55.6,806.6,2.3,5.6,10.8,37.1,0.168,778.8,0.544,1,3,0.1564,0,0.0394,0,0.0,1.68
NH-10 (Siliguri-Gangtok),16.7,1720.7,8.3,20.3,26.8,28.8,0.297,363.0,0.465,3,5,0.0275,0,0.0774,1,5.0,1.17
Guwahati-Jalukbari-Khanapara Urban,45.3,935.1,4.7,11.2,18.1,16.1,0.181,962.4,0.74,2,3,0.1363,0,0.0343,0,0.0,1.63
NH-15 (North Bank Brahmaputra),54.8,538.5,4.1,6.0,9.2,33.4,0.353,1522.1,0.443,3,2,0.1984,0,0.0309,0,0.0,1.92
Guwahati-Jalukbari-Khanapara Urban,22.8,1016.4,14.0,130.9,424.6,37.8,0.95,184.0,0.626,1,5,0.3843,0,0.592,1,89.8,3.11
NH-37 (Silchar-Imphal),39.4,850.2,10.0,99.3,250.4,24.9,0.95,701.5,0.761,4,3,0.7384,1,0.2088,0,0.0,3.13
Guwahati-Jalukbari-Khanapara Urban,54.4,1909.0,3.8,5.2,9.1,45.6,0.286,1085.2,0.489,2,3,0.1829,0,0.0336,0,0.0,1.74
Guwahati-Jalukbari-Khanapara Urban,16.5,929.7,2.3,5.3,7.7,29.8,0.138,382.6,0.221,3,3,0.0244,0,0.0701,0,0.0,1.42
NH-06 (Guwahati-Shillong),45.0,1809.5,0.6,1.1,1.4,45.0,0.182,444.3,0.477,1,4,0.1437,0,0.0596,0,0.0,1.53
NH-06 (Guwahati-Shillong),27.8,2000.0,6.2,10.9,13.0,38.2,0.196,910.8,0.584,3,2,0.0591,0,0.0393,0,0.0,1.62
Guwahati-Jalukbari-Khanapara Urban,54.7,1152.6,13.9,84.5,217.1,49.8,0.95,1975.7,0.731,2,1,0.7912,1,0.1315,0,0.0,3.47
NH-10 (Siliguri-Gangtok),56.8,2033.4,49.7,363.4,750.0,36.9,0.95,1478.3,0.456,6,3,0.8288,1,0.3241,1,87.5,4.1
NH-15 (North Bank Brahmaputra),55.6,1048.0,10.0,70.9,248.3,22.4,0.95,850.0,0.86,0,5,0.7264,1,0.094,0,0.0,2.69
Guwahati-Jalukbari-Khanapara Urban,35.4,2133.5,12.1,72.6,291.4,47.9,0.95,1198.1,0.316,1,2,0.7119,1,0.1044,0,0.0,3.12
NH-15 (North Bank Brahmaputra),52.1,515.2,27.4,170.6,400.1,46.3,0.95,513.1,0.58,2,2,0.8058,1,0.4996,1,70.9,4.25
NH-27 (East-West Corridor),51.3,1621.0,0.2,0.5,0.8,53.9,0.186,969.5,0.507,4,4,0.1795,0,0.0326,0,0.0,1.58
NH-10 (Siliguri-Gangtok),28.7,1263.6,2.7,7.9,12.9,18.7,0.179,652.2,0.792,2,4,0.0498,0,0.0423,0,0.0,1.3
NH-15 (North Bank Brahmaputra),50.6,1067.2,3.2,3.9,4.8,38.6,0.14,318.5,0.285,6,3,0.1892,0,0.0829,0,0.0,1.8
NH-27 (East-West Corridor),16.6,1520.5,12.4,86.7,258.6,34.7,0.95,1117.8,0.627,7,4,0.3284,0,0.1301,0,0.0,2.0
NH-15 (North Bank Brahmaputra),40.6,1652.1,14.1,93.6,261.0,41.8,0.95,800.4,0.506,4,2,0.781,1,0.2071,0,0.0,3.37
NH-27 (East-West Corridor),24.9,358.1,2.3,6.1,6.8,54.2,0.194,505.3,0.825,2,3,0.0395,0,0.0585,0,0.0,1.44
NH-37 (Silchar-Imphal),20.2,658.9,0.0,0.1,0.1,36.3,0.23,2088.3,0.401,0,3,0.0263,0,0.0259,0,0.0,1.38
NH-06 (Guwahati-Shillong),18.3,1669.1,0.7,1.1,2.2,42.4,0.116,166.9,0.625,0,2,0.021,0,0.1334,0,0.0,1.63
NH-37 (Silchar-Imphal),44.9,1582.8,21.3,149.0,314.6,28.9,0.95,453.6,0.399,5,2,0.8129,0,0.497,0,0.0,3.73
NH-15 (North Bank Brahmaputra),29.6,2137.2,3.6,8.8,13.4,27.0,0.408,196.9,0.584,4,2,0.0822,0,0.1311,0,0.0,1.76
NH-27 (East-West Corridor),46.2,1757.9,40.9,172.6,514.4,28.4,0.95,1313.8,0.484,2,1,0.7923,1,0.3492,1,67.2,4.19
NH-37 (Silchar-Imphal),17.8,2108.9,27.4,148.2,517.0,16.5,0.95,1118.8,0.481,4,4,0.3362,0,0.3064,0,0.0,2.19
NH-37 (Silchar-Imphal),28.6,1649.7,0.9,1.1,2.0,26.4,0.202,472.0,0.192,3,4,0.0632,0,0.0551,0,0.0,1.34
NH-10 (Siliguri-Gangtok),38.2,901.4,85.0,366.6,750.0,21.9,0.95,1050.8,0.625,5,3,0.7489,1,0.3516,0,0.0,3.3
NH-37 (Silchar-Imphal),49.0,544.9,69.5,380.0,750.0,33.3,0.95,553.3,0.355,3,2,0.8131,1,0.4889,1,116.1,4.4
NH-10 (Siliguri-Gangtok),28.7,1796.4,5.7,12.2,20.4,33.4,0.2,1279.3,0.349,3,3,0.0685,0,0.031,0,0.0,1.48
NH-37 (Silchar-Imphal),41.9,1541.7,7.9,43.7,161.4,45.6,0.912,634.4,0.27,3,5,0.6179,1,0.0718,0,0.0,2.43
NH-15 (North Bank Brahmaputra),53.1,439.1,0.4,0.6,1.2,35.1,0.318,575.2,0.36,7,3,0.2059,1,0.051,0,0.0,1.8
NH-37 (Silchar-Imphal),41.5,1016.1,0.4,0.6,1.0,33.5,0.391,2333.4,0.64,4,4,0.1581,0,0.0254,0,0.0,1.52
NH-27 (East-West Corridor),25.0,2120.1,34.8,249.6,699.2,24.3,0.95,381.1,0.631,4,2,0.4767,0,0.5697,0,0.0,3.06
NH-27 (East-West Corridor),16.0,1275.7,10.2,61.7,267.6,49.1,0.95,252.7,0.669,7,1,0.3361,0,0.2429,0,0.0,2.58
Guwahati-Jalukbari-Khanapara Urban,52.4,1150.5,24.3,126.1,387.4,18.6,0.95,852.7,0.365,1,1,0.7963,1,0.346,0,0.0,3.69
Guwahati-Jalukbari-Khanapara Urban,15.9,1196.7,12.6,100.3,391.0,54.3,0.95,2937.4,0.589,1,3,0.3127,1,0.1548,0,0.0,2.14
NH-10 (Siliguri-Gangtok),52.6,736.4,20.6,124.6,443.7,34.0,0.95,529.6,0.439,5,4,0.8215,1,0.3923,1,44.3,3.68
NH-27 (East-West Corridor),37.7,1032.1,25.3,103.5,399.5,22.4,0.95,201.2,0.722,4,4,0.7227,0,0.55,0,0.0,3.28
Guwahati-Jalukbari-Khanapara Urban,55.4,1034.2,38.3,243.2,573.5,29.2,0.95,481.6,0.627,3,4,0.7952,0,0.4913,1,75.6,3.95
NH-15 (North Bank Brahmaputra),49.3,446.9,25.4,141.7,339.8,15.6,0.95,714.1,0.432,5,5,0.8023,0,0.3526,0,0.0,3.11
NH-37 (Silchar-Imphal),57.9,1770.0,1.4,3.2,4.6,21.7,0.267,291.3,0.737,5,1,0.1833,0,0.0975,0,0.0,2.1
NH-27 (East-West Corridor),30.1,1120.5,42.5,282.5,750.0,28.4,0.95,1008.6,0.641,9,4,0.608,1,0.3473,1,59.0,3.27
NH-15 (North Bank Brahmaputra),48.0,1871.0,0.3,0.4,0.6,37.2,0.392,5000.0,0.3,3,4,0.1922,1,0.0252,0,0.0,1.6
NH-15 (North Bank Brahmaputra),32.3,1923.1,0.9,1.4,1.8,20.2,0.355,630.8,0.249,5,2,0.1093,0,0.0491,0,0.0,1.74
NH-37 (Silchar-Imphal),35.6,742.2,5.4,6.1,9.2,42.0,0.392,500.5,0.307,5,4,0.1479,1,0.0587,0,0.0,1.53
NH-37 (Silchar-Imphal),42.0,1566.1,29.9,175.6,390.7,48.8,0.95,559.6,0.847,3,3,0.7662,0,0.4708,1,71.3,3.99
NH-15 (North Bank Brahmaputra),52.6,1223.7,1.0,1.0,2.0,37.9,0.314,247.9,0.367,5,3,0.2066,0,0.1029,0,0.0,1.86
NH-10 (Siliguri-Gangtok),57.3,1978.3,2.4,3.5,6.1,26.9,0.245,1868.3,0.88,1,2,0.1462,0,0.0279,0,0.0,1.8
NH-27 (East-West Corridor),48.0,749.1,10.7,71.6,239.2,19.9,0.95,578.7,0.358,3,3,0.7807,0,0.1412,0,0.0,3.16
NH-37 (Silchar-Imphal),33.0,1604.0,2.5,4.1,6.6,15.6,0.39,541.9,0.339,3,2,0.105,1,0.0567,0,0.0,1.74
NH-10 (Siliguri-Gangtok),33.1,1474.3,34.4,216.1,429.0,44.3,0.95,1012.3,0.708,6,1,0.6989,1,0.3896,0,0.0,3.52
NH-06 (Guwahati-Shillong),46.7,896.3,1.5,1.9,3.7,40.1,0.317,616.8,0.717,3,4,0.1623,0,0.0464,0,0.0,1.55
NH-06 (Guwahati-Shillong),25.3,602.7,1.4,3.0,5.6,34.1,0.37,985.8,0.65,3,3,0.0477,0,0.0349,0,0.0,1.44
NH-37 (Silchar-Imphal),19.8,1555.5,0.4,0.7,1.4,19.1,0.213,200.7,0.672,4,3,0.0262,0,0.1121,0,0.0,1.47
NH-37 (Silchar-Imphal),30.2,1716.4,70.3,380.0,750.0,23.3,0.95,1494.4,0.406,5,3,0.6324,1,0.3181,0,0.0,3.01
NH-06 (Guwahati-Shillong),27.4,933.9,1.8,4.4,5.5,47.6,0.365,2407.5,0.7,2,4,0.0563,0,0.0262,1,20.3,1.45
Guwahati-Jalukbari-Khanapara Urban,27.7,1542.9,24.3,208.7,684.1,34.2,0.95,987.0,0.593,1,2,0.5218,0,0.3743,0,0.0,2.97
NH-10 (Siliguri-Gangtok),25.0,1081.0,0.1,0.1,0.2,53.5,0.112,2623.2,0.484,1,3,0.0392,0,0.0255,0,0.0,1.41
NH-37 (Silchar-Imphal),16.8,1669.4,1.6,3.2,6.1,55.0,0.226,281.4,0.567,2,4,0.024,0,0.0905,0,0.0,1.29
NH-06 (Guwahati-Shillong),15.8,718.5,1.8,2.7,5.3,47.0,0.237,669.2,0.741,1,2,0.0211,0,0.0479,0,0.0,1.54
NH-06 (Guwahati-Shillong),57.5,1996.9,0.5,1.3,2.0,25.3,0.153,886.7,0.621,0,3,0.1371,0,0.0344,0,0.0,1.64
NH-06 (Guwahati-Shillong),33.4,881.7,18.7,118.1,357.7,24.2,0.95,847.3,0.162,3,3,0.6952,1,0.2879,0,0.0,3.11
NH-06 (Guwahati-Shillong),31.5,1030.4,50.2,354.7,750.0,25.1,0.95,560.6,0.71,1,3,0.5912,1,0.4687,1,86.7,3.71
NH-06 (Guwahati-Shillong),44.2,457.5,16.0,84.9,278.9,54.5,0.95,480.1,0.697,2,4,0.7716,1,0.2456,1,51.3,3.48
NH-06 (Guwahati-Shillong),24.4,556.3,1.9,3.9,6.0,28.4,0.254,258.5,0.482,1,5,0.0362,0,0.0888,0,0.0,1.17
NH-37 (Silchar-Imphal),55.8,1304.3,3.7,6.2,12.2,43.3,0.354,547.7,0.571,3,4,0.1914,1,0.0534,0,0.0,1.62
NH-15 (North Bank Brahmaputra),48.8,845.0,0.7,0.8,1.6,53.4,0.151,292.0,0.57,0,2,0.1486,0,0.094,1,28.4,2.08
NH-15 (North Bank Brahmaputra),18.8,1895.6,39.8,281.8,750.0,47.8,0.95,1210.5,0.194,2,2,0.3905,1,0.3578,0,0.0,2.66
NH-10 (Siliguri-Gangtok),33.0,377.2,2.7,7.4,8.5,38.9,0.271,337.4,0.478,0,3,0.0867,1,0.0825,0,0.0,1.57
NH-06 (Guwahati-Shillong),52.8,1051.3,32.6,234.4,590.5,21.8,0.95,198.3,0.485,5,4,0.812,1,0.6699,1,87.8,4.26
NH-06 (Guwahati-Shillong),55.6,974.1,0.2,0.4,0.8,22.0,0.296,793.0,0.521,3,3,0.173,0,0.0383,0,0.0,1.72
NH-15 (North Bank Brahmaputra),35.1,385.8,0.6,1.1,1.2,34.7,0.174,873.5,0.455,1,5,0.0914,0,0.032,0,0.0,1.23
NH-06 (Guwahati-Shillong),41.4,580.1,6.3,14.5,19.0,53.1,0.414,1794.0,0.669,3,1,0.1856,0,0.0348,0,0.0,2.04
NH-06 (Guwahati-Shillong),22.2,1115.2,0.7,1.9,3.6,51.2,0.284,838.3,0.404,4,2,0.0422,0,0.0408,0,0.0,1.58
NH-06 (Guwahati-Shillong),57.6,1261.8,7.5,60.5,222.1,21.6,0.95,489.1,0.714,5,2,0.7758,0,0.1266,0,0.0,3.28
NH-27 (East-West Corridor),25.0,1097.9,0.4,0.8,0.9,26.5,0.131,1449.7,0.661,1,4,0.0328,0,0.0255,0,0.0,1.25
NH-27 (East-West Corridor),55.5,1332.2,34.6,166.1,571.3,38.6,0.95,771.7,0.795,4,3,0.8039,0,0.3984,0,0.0,3.46
NH-06 (Guwahati-Shillong),42.9,1451.0,0.6,1.8,3.5,34.1,0.199,216.1,0.862,2,1,0.1333,0,0.1204,0,0.0,2.01
NH-06 (Guwahati-Shillong),41.1,368.4,41.0,223.0,750.0,19.8,0.95,817.5,0.863,7,4,0.7521,1,0.3757,0,0.0,3.18
Guwahati-Jalukbari-Khanapara Urban,37.0,1208.6,1.1,1.1,2.2,29.8,0.392,2058.9,0.337,3,3,0.1399,0,0.027,0,0.0,1.63
Guwahati-Jalukbari-Khanapara Urban,24.9,2132.5,25.0,154.2,512.0,53.2,0.95,553.8,0.612,6,2,0.5174,1,0.473,1,76.9,3.63
NH-10 (Siliguri-Gangtok),22.6,1310.2,42.6,288.9,724.9,53.1,0.95,431.2,0.421,3,2,0.4556,1,0.5549,1,93.8,3.68
NH-27 (East-West Corridor),24.5,1603.5,36.3,182.7,512.2,37.4,0.95,273.9,0.88,4,5,0.4366,0,0.6023,0,0.0,2.56
NH-37 (Silchar-Imphal),23.0,926.9,3.4,6.0,8.9,40.4,0.387,281.4,0.661,1,5,0.0354,0,0.089,0,0.0,1.17
NH-10 (Siliguri-Gangtok),48.5,1781.9,9.0,95.5,332.5,23.9,0.95,603.6,0.805,0,1,0.7567,1,0.2283,1,26.2,3.69
NH-10 (Siliguri-Gangtok),30.1,1779.9,3.2,9.0,13.5,44.7,0.204,874.4,0.628,7,2,0.0813,0,0.0398,1,14.8,1.78
NH-06 (Guwahati-Shillong),17.5,1314.4,0.2,0.6,1.1,17.1,0.179,217.2,0.08,4,3,0.0272,0,0.1051,0,0.0,1.46
NH-06 (Guwahati-Shillong),56.7,2155.6,3.2,8.3,15.9,23.8,0.371,2395.0,0.409,1,4,0.178,1,0.0257,1,16.0,1.69
NH-37 (Silchar-Imphal),53.0,582.3,0.3,0.4,0.5,15.2,0.189,1275.6,0.427,2,3,0.1536,0,0.0279,0,0.0,1.67
Guwahati-Jalukbari-Khanapara Urban,54.9,381.4,23.4,185.9,531.4,30.4,0.95,856.7,0.48,2,3,0.7999,1,0.3774,0,0.0,3.43
NH-06 (Guwahati-Shillong),57.8,1774.8,5.9,7.1,13.6,49.0,0.317,1560.3,0.615,3,4,0.19,1,0.0286,0,0.0,1.6
NH-27 (East-West Corridor),22.5,1843.2,35.1,205.7,668.3,54.3,0.95,216.9,0.64,3,5,0.4171,1,0.655,1,110.4,3.24
NH-37 (Silchar-Imphal),32.0,572.4,10.3,85.3,293.7,41.7,0.95,668.3,0.08,3,4,0.6797,1,0.1635,0,0.0,2.81
NH-15 (North Bank Brahmaputra),47.6,841.3,4.2,9.7,14.6,44.8,0.184,945.6,0.507,0,1,0.1582,0,0.04,0,0.0,1.99
NH-37 (Silchar-Imphal),44.9,382.5,20.6,110.1,362.6,25.5,0.95,1561.3,0.463,1,4,0.7652,1,0.2089,0,0.0,3.04
NH-06 (Guwahati-Shillong),21.6,892.6,1.9,4.8,7.2,35.8,0.186,1374.0,0.799,1,1,0.0278,0,0.0319,0,0.0,1.69
NH-37 (Silchar-Imphal),50.1,1780.3,35.9,220.6,634.3,44.5,0.95,409.6,0.657,3,3,0.8016,0,0.5482,0,0.0,3.61
Guwahati-Jalukbari-Khanapara Urban,24.7,1308.2,2.8,3.1,5.6,34.9,0.274,2412.6,0.517,3,3,0.0439,0,0.0264,0,0.0,1.42
NH-06 (Guwahati-Shillong),24.6,994.0,35.5,228.3,750.0,18.5,0.95,256.2,0.59,2,4,0.428,1,0.6238,0,0.0,2.71
Guwahati-Jalukbari-Khanapara Urban,38.1,1037.7,46.5,329.8,750.0,44.6,0.95,1814.4,0.246,1,1,0.7614,1,0.3402,0,0.0,3.61
Guwahati-Jalukbari-Khanapara Urban,40.5,352.5,24.6,172.7,391.3,23.8,0.95,2980.7,0.669,3,4,0.7444,1,0.2777,0,0.0,3.06
NH-15 (North Bank Brahmaputra),39.9,904.6,0.8,2.5,4.4,18.9,0.262,306.0,0.479,3,4,0.1325,0,0.0802,0,0.0,1.52
NH-27 (East-West Corridor),18.9,1545.9,0.3,0.6,0.9,34.1,0.183,1174.3,0.405,1,1,0.0256,0,0.0332,0,0.0,1.69
NH-06 (Guwahati-Shillong),52.7,2152.3,0.8,1.8,3.0,18.0,0.237,182.9,0.787,1,2,0.1414,0,0.1255,1,7.9,1.94
NH-27 (East-West Corridor),26.4,1917.1,0.9,1.8,3.1,40.2,0.242,565.9,0.599,1,1,0.0477,0,0.0569,0,0.0,1.76
NH-27 (East-West Corridor),20.6,393.7,6.7,17.1,19.1,40.6,0.245,731.0,0.43,4,4,0.0361,0,0.0438,0,0.0,1.27
NH-37 (Silchar-Imphal),53.2,2012.3,33.1,267.8,750.0,25.3,0.95,845.2,0.441,6,2,0.8242,1,0.3984,1,63.9,4.14
NH-10 (Siliguri-Gangtok),56.1,1798.9,1.5,3.5,7.0,53.6,0.415,2348.3,0.616,0,1,0.1889,0,0.0313,0,0.0,2.05
NH-06 (Guwahati-Shillong),52.1,1793.7,6.9,20.8,34.8,48.0,0.392,1042.4,0.602,2,2,0.2179,0,0.0413,0,0.0,1.97
Guwahati-Jalukbari-Khanapara Urban,49.8,1197.3,10.5,49.6,153.3,19.4,0.86,675.1,0.555,3,3,0.6229,0,0.082,0,0.0,2.75
NH-15 (North Bank Brahmaputra),43.2,1086.3,10.9,54.4,154.3,44.9,0.628,1477.2,0.333,3,3,0.6179,1,0.0571,0,0.0,2.72
NH-37 (Silchar-Imphal),38.7,910.4,4.7,12.3,15.8,29.1,0.153,2555.2,0.36,4,2,0.1435,1,0.0279,0,0.0,1.79
NH-27 (East-West Corridor),18.7,471.5,1.0,1.8,2.7,45.0,0.265,167.9,0.415,4,5,0.0296,0,0.1203,0,0.0,1.18
NH-15 (North Bank Brahmaputra),32.6,772.2,0.5,1.0,1.3,47.0,0.352,3387.4,0.515,0,4,0.0862,0,0.0254,0,0.0,1.36
NH-27 (East-West Corridor),31.0,806.2,0.5,1.6,1.9,21.1,0.29,222.1,0.543,4,2,0.0818,0,0.1127,0,0.0,1.74
NH-06 (Guwahati-Shillong),26.2,1245.5,52.9,323.8,750.0,41.5,0.95,1497.3,0.521,5,3,0.5385,1,0.3251,0,0.0,2.81
NH-37 (Silchar-Imphal),46.1,1732.8,1.4,2.3,3.8,49.5,0.155,413.2,0.529,2,3,0.1541,0,0.0673,1,5.0,1.74
NH-15 (North Bank Brahmaputra),36.3,1226.5,27.9,159.1,404.8,27.9,0.95,263.4,0.88,7,4,0.7086,1,0.6066,0,0.0,3.31
NH-15 (North Bank Brahmaputra),18.5,457.0,40.6,227.2,578.1,18.2,0.95,613.6,0.703,5,3,0.3456,0,0.4448,0,0.0,2.5
Guwahati-Jalukbari-Khanapara Urban,24.5,2121.9,19.3,142.2,332.1,16.1,0.95,976.2,0.764,1,3,0.4008,0,0.3153,0,0.0,2.49
NH-27 (East-West Corridor),44.4,2094.0,0.1,0.2,0.2,19.4,0.225,533.7,0.634,3,3,0.1419,0,0.0516,0,0.0,1.66
NH-37 (Silchar-Imphal),18.3,1802.6,1.5,2.3,2.9,15.2,0.131,194.9,0.563,5,4,0.0237,0,0.1069,0,0.0,1.31
Guwahati-Jalukbari-Khanapara Urban,51.6,2184.0,39.5,235.1,498.2,28.1,0.95,882.0,0.624,2,3,0.7868,1,0.3793,0,0.0,3.41
NH-37 (Silchar-Imphal),36.3,1357.3,2.0,3.1,4.7,27.0,0.329,2011.5,0.591,4,4,0.1212,0,0.0254,0,0.0,1.44
NH-27 (East-West Corridor),35.7,2131.1,1.6,3.7,5.2,19.4,0.214,536.6,0.695,3,1,0.1038,0,0.0576,0,0.0,1.89
NH-27 (East-West Corridor),40.5,489.9,1.8,4.7,8.6,41.0,0.223,345.0,0.374,0,5,0.1272,1,0.0717,0,0.0,1.35
Guwahati-Jalukbari-Khanapara Urban,50.5,1026.5,0.7,1.9,2.9,54.7,0.264,617.5,0.68,6,4,0.1875,0,0.0467,0,0.0,1.61
NH-37 (Silchar-Imphal),30.0,767.0,4.3,45.5,137.8,51.0,0.709,189.7,0.58,6,4,0.3444,0,0.174,0,0.0,2.08
NH-27 (East-West Corridor),44.2,712.3,3.5,4.2,5.7,25.1,0.259,1524.0,0.225,5,2,0.1871,0,0.0294,0,0.0,1.89
NH-37 (Silchar-Imphal),39.3,610.5,12.5,14.5,28.6,45.8,0.351,1550.5,0.565,4,2,0.1738,0,0.0351,0,0.0,1.87
NH-06 (Guwahati-Shillong),26.5,1501.5,3.6,5.9,11.6,52.5,0.153,859.4,0.315,4,5,0.0555,0,0.0342,0,0.0,1.16
Guwahati-Jalukbari-Khanapara Urban,52.8,1795.4,36.2,160.3,422.8,51.3,0.95,498.5,0.454,1,5,0.7968,1,0.4692,1,72.6,3.76
NH-10 (Siliguri-Gangtok),49.3,1419.9,76.9,286.2,750.0,50.4,0.95,1436.7,0.521,7,2,0.8298,1,0.3436,1,111.8,4.29
Guwahati-Jalukbari-Khanapara Urban,43.3,621.9,8.1,65.3,181.9,46.5,0.936,797.2,0.279,1,3,0.7286,1,0.095,0,0.0,3.0
NH-27 (East-West Corridor),51.6,1850.6,5.6,11.7,18.0,26.7,0.246,1548.6,0.54,3,2,0.1793,0,0.0306,0,0.0,1.87
NH-37 (Silchar-Imphal),52.3,1526.5,0.5,0.8,1.1,18.3,0.307,948.6,0.562,5,2,0.186,0,0.0356,0,0.0,1.89
NH-15 (North Bank Brahmaputra),45.5,1068.1,0.6,1.2,1.8,34.5,0.205,1377.5,0.686,2,2,0.1455,0,0.0298,0,0.0,1.8
Guwahati-Jalukbari-Khanapara Urban,51.0,1597.1,16.0,68.9,227.1,17.2,0.914,880.2,0.468,4,1,0.7839,1,0.1267,0,0.0,3.45
NH-10 (Siliguri-Gangtok),45.0,830.8,29.2,145.1,430.5,54.9,0.95,577.7,0.599,3,3,0.7991,0,0.4484,0,0.0,3.5
NH-06 (Guwahati-Shillong),44.2,988.6,32.3,172.2,483.6,29.3,0.95,2685.0,0.533,5,2,0.8037,1,0.3062,0,0.0,3.52
NH-27 (East-West Corridor),41.6,2047.3,0.1,0.3,0.6,53.3,0.36,773.2,0.475,4,5,0.1705,0,0.0377,0,0.0,1.41
NH-37 (Silchar-Imphal),47.4,887.4,9.0,76.5,248.8,45.9,0.95,893.3,0.249,3,3,0.8075,1,0.1138,0,0.0,3.19
NH-06 (Guwahati-Shillong),21.8,1219.5,1.6,4.5,7.8,31.5,0.353,349.3,0.53,4,3,0.038,0,0.0797,0,0.0,1.46
NH-27 (East-West Corridor),52.9,1996.8,43.7,312.8,750.0,19.7,0.95,936.1,0.684,3,5,0.7791,1,0.3422,0,0.0,3.05
Guwahati-Jalukbari-Khanapara Urban,52.5,1659.3,0.8,2.0,2.7,24.5,0.305,828.2,0.382,1,3,0.1668,0,0.0376,1,5.0,1.74
Guwahati-Jalukbari-Khanapara Urban,16.3,465.1,56.3,354.2,750.0,41.9,0.95,313.5,0.511,4,2,0.3505,0,0.62,1,107.1,3.51
NH-10 (Siliguri-Gangtok),50.5,622.5,1.2,1.5,2.2,48.2,0.114,199.1,0.537,1,3,0.1495,0,0.1158,0,0.0,1.74
NH-15 (North Bank Brahmaputra),20.5,364.5,0.8,2.2,3.5,54.2,0.356,891.8,0.748,3,3,0.0331,1,0.0381,0,0.0,1.41
NH-06 (Guwahati-Shillong),29.4,1517.2,54.4,282.5,684.8,20.3,0.95,1304.1,0.555,0,4,0.5295,0,0.3156,0,0.0,2.63
Guwahati-Jalukbari-Khanapara Urban,47.0,1178.2,3.0,5.1,6.0,21.2,0.384,742.9,0.602,5,4,0.1815,1,0.04,0,0.0,1.59
NH-10 (Siliguri-Gangtok),21.9,598.4,24.7,181.8,539.5,16.7,0.95,355.7,0.548,1,3,0.3659,1,0.5596,1,87.8,3.32
NH-37 (Silchar-Imphal),50.2,2122.2,26.9,127.8,373.0,25.4,0.95,1028.5,0.461,5,3,0.8158,1,0.3078,1,67.1,3.9
NH-37 (Silchar-Imphal),50.8,1329.9,28.3,140.6,351.7,47.8,0.95,216.8,0.346,1,3,0.806,1,0.6491,1,90.4,4.39
NH-06 (Guwahati-Shillong),36.8,797.5,3.7,5.6,9.1,22.9,0.224,616.5,0.499,2,3,0.1115,0,0.0474,0,0.0,1.59
NH-37 (Silchar-Imphal),15.3,1276.1,0.1,0.3,0.3,36.9,0.242,292.7,0.621,9,1,0.0256,1,0.0978,0,0.0,1.75
Guwahati-Jalukbari-Khanapara Urban,27.3,1607.3,8.6,86.6,325.8,32.9,0.95,313.1,0.572,4,5,0.5268,1,0.2596,0,0.0,2.42
NH-37 (Silchar-Imphal),41.5,491.0,1.6,3.8,6.9,28.0,0.255,330.8,0.816,5,4,0.1423,1,0.0768,0,0.0,1.54
Guwahati-Jalukbari-Khanapara Urban,57.2,858.2,31.9,237.2,656.4,39.7,0.95,541.1,0.72,0,3,0.7769,1,0.4824,1,79.2,4.08
NH-10 (Siliguri-Gangtok),42.2,1842.9,0.5,0.8,1.4,35.1,0.23,192.0,0.773,4,3,0.1429,0,0.1188,0,0.0,1.73
Guwahati-Jalukbari-Khanapara Urban,26.2,1200.4,2.7,7.0,13.7,28.4,0.236,555.7,0.184,2,2,0.0538,0,0.0551,0,0.0,1.62
Guwahati-Jalukbari-Khanapara Urban,42.3,1361.2,2.1,3.1,3.9,42.6,0.152,723.5,0.834,3,3,0.132,0,0.0416,0,0.0,1.63
NH-06 (Guwahati-Shillong),38.2,1150.7,5.1,12.2,18.1,26.2,0.363,678.2,0.598,2,4,0.1319,0,0.0449,0,0.0,1.48
NH-37 (Silchar-Imphal),48.5,431.2,0.4,0.9,1.5,40.7,0.13,536.0,0.624,3,3,0.1532,0,0.0521,0,0.0,1.69
Guwahati-Jalukbari-Khanapara Urban,19.6,656.6,39.2,172.5,490.7,53.3,0.95,1611.8,0.711,2,3,0.3586,0,0.32,0,0.0,2.41
NH-06 (Guwahati-Shillong),47.7,1174.3,45.9,266.1,750.0,44.2,0.95,275.6,0.554,3,3,0.8026,1,0.6339,0,0.0,3.69
NH-06 (Guwahati-Shillong),38.3,737.0,1.7,2.0,2.9,31.7,0.318,713.7,0.357,2,4,0.1329,0,0.0407,0,0.0,1.48
NH-06 (Guwahati-Shillong),56.4,442.5,16.0,103.4,315.0,44.9,0.95,201.2,0.811,1,4,0.7772,1,0.5008,0,0.0,3.36
NH-27 (East-West Corridor),29.7,1910.8,1.0,1.2,1.4,47.4,0.392,209.1,0.412,6,4,0.0896,0,0.114,0,0.0,1.46
NH-06 (Guwahati-Shillong),42.2,2165.2,21.6,110.6,309.6,28.0,0.95,832.4,0.373,2,2,0.7764,1,0.2945,0,0.0,3.45
NH-06 (Guwahati-Shillong),55.1,1817.3,85.0,343.3,750.0,43.2,0.95,817.8,0.508,5,3,0.8289,1,0.3993,0,0.0,3.52
Guwahati-Jalukbari-Khanapara Urban,19.4,1929.5,44.2,281.3,611.6,32.4,0.95,1833.2,0.481,3,4,0.3608,1,0.2997,0,0.0,2.24
NH-06 (Guwahati-Shillong),55.3,797.7,0.5,1.4,2.4,47.7,0.232,802.9,0.551,3,3,0.1795,0,0.0391,0,0.0,1.73
NH-06 (Guwahati-Shillong),44.6,2127.2,2.7,3.8,4.3,26.8,0.251,2720.9,0.532,4,4,0.1585,0,0.0244,0,0.0,1.52
NH-27 (East-West Corridor),17.9,714.3,0.1,0.3,0.3,52.5,0.362,189.9,0.792,3,4,0.0268,0,0.1206,0,0.0,1.33
NH-27 (East-West Corridor),27.9,2110.1,24.5,180.5,369.1,38.0,0.95,232.5,0.633,4,2,0.5645,1,0.6659,0,0.0,3.35
NH-06 (Guwahati-Shillong),45.5,2190.4,3.6,10.1,16.5,29.1,0.396,186.1,0.396,1,2,0.1775,0,0.1363,0,0.0,1.98
NH-06 (Guwahati-Shillong),17.9,1666.7,17.4,110.4,288.7,31.8,0.95,313.9,0.42,3,3,0.3476,0,0.4602,0,0.0,2.52
Guwahati-Jalukbari-Khanapara Urban,40.0,2165.1,0.3,0.8,1.0,28.9,0.242,773.4,0.48,4,2,0.1467,0,0.041,1,17.0,1.94
Guwahati-Jalukbari-Khanapara Urban,29.9,1403.6,28.7,194.7,511.3,20.8,0.95,979.8,0.481,5,5,0.6032,1,0.3318,1,68.6,3.17
NH-27 (East-West Corridor),41.7,830.2,0.0,0.1,0.1,17.7,0.282,187.3,0.457,3,2,0.1477,0,0.1241,0,0.0,1.9
Guwahati-Jalukbari-Khanapara Urban,17.0,1158.4,3.8,7.6,9.6,27.9,0.335,2484.6,0.352,2,3,0.0267,0,0.027,0,0.0,1.39
NH-37 (Silchar-Imphal),52.5,1448.1,2.6,7.4,11.7,33.3,0.187,1627.0,0.602,3,5,0.1593,1,0.0248,0,0.0,1.38
NH-15 (North Bank Brahmaputra),56.9,485.2,1.5,2.7,4.1,29.5,0.283,431.5,0.468,2,2,0.1771,0,0.0682,0,0.0,1.91
NH-10 (Siliguri-Gangtok),56.7,1501.3,2.6,2.8,3.9,15.6,0.253,214.3,0.379,5,3,0.1884,1,0.1094,0,0.0,1.82
NH-27 (East-West Corridor),47.2,2165.2,31.0,182.0,575.9,38.2,0.95,299.0,0.637,6,2,0.8126,1,0.6217,1,102.2,4.53
NH-27 (East-West Corridor),20.6,701.7,1.5,3.2,4.6,20.8,0.279,258.6,0.703,6,4,0.0302,0,0.0923,0,0.0,1.31
Guwahati-Jalukbari-Khanapara Urban,47.6,1816.3,0.7,1.8,2.6,23.4,0.237,255.3,0.506,4,2,0.17,0,0.1015,0,0.0,1.92
NH-10 (Siliguri-Gangtok),16.1,2029.6,23.6,142.7,361.2,19.8,0.95,734.8,0.871,2,2,0.2807,0,0.3847,0,0.0,2.45
NH-10 (Siliguri-Gangtok),16.0,2095.8,3.9,8.7,13.8,35.8,0.293,375.7,0.88,1,5,0.0195,0,0.0691,0,0.0,1.11
NH-06 (Guwahati-Shillong),28.9,2126.3,20.6,125.8,423.8,18.8,0.95,504.7,0.639,4,2,0.5698,0,0.4251,1,67.3,3.63
NH-27 (East-West Corridor),36.0,1314.7,16.6,110.1,281.2,25.3,0.95,3795.5,0.466,1,4,0.6878,1,0.1818,0,0.0,2.84
NH-06 (Guwahati-Shillong),48.1,2158.0,0.9,1.0,1.2,33.1,0.115,1072.4,0.598,2,2,0.145,0,0.0325,0,0.0,1.8
Guwahati-Jalukbari-Khanapara Urban,44.4,1751.0,4.6,12.4,15.3,21.7,0.35,2530.4,0.33,4,2,0.1914,0,0.029,0,0.0,1.9
NH-10 (Siliguri-Gangtok),34.2,649.1,0.8,0.9,1.1,32.8,0.285,273.0,0.393,2,4,0.1005,0,0.0897,0,0.0,1.46
NH-06 (Guwahati-Shillong),26.8,1232.3,16.3,131.9,482.0,28.7,0.95,535.2,0.247,1,1,0.5275,1,0.4287,1,51.4,3.57
NH-10 (Siliguri-Gangtok),57.9,1678.9,14.5,125.6,473.0,49.4,0.95,797.3,0.437,5,2,0.8406,1,0.3221,0,0.0,3.62
NH-15 (North Bank Brahmaputra),33.3,807.6,39.1,251.2,750.0,46.8,0.95,213.9,0.328,4,4,0.7065,1,0.6682,1,108.7,4.04
NH-06 (Guwahati-Shillong),34.4,1535.1,56.2,351.3,750.0,54.7,0.95,153.4,0.662,4,3,0.7125,1,0.7301,1,108.8,4.27
NH-06 (Guwahati-Shillong),22.0,1583.2,0.0,0.0,0.1,36.2,0.237,1038.0,0.415,2,4,0.0325,0,0.0307,0,0.0,1.25
NH-10 (Siliguri-Gangtok),49.2,651.0,40.0,156.9,366.3,38.0,0.95,971.4,0.6,2,1,0.7991,1,0.3849,0,0.0,3.74
Guwahati-Jalukbari-Khanapara Urban,44.8,1395.4,49.1,266.9,750.0,52.9,0.95,573.2,0.685,1,4,0.771,1,0.4626,1,97.0,3.98
NH-15 (North Bank Brahmaputra),24.5,1777.5,66.9,370.2,750.0,31.0,0.95,688.1,0.761,1,2,0.4225,1,0.4404,0,0.0,2.82
NH-37 (Silchar-Imphal),18.5,1273.0,34.6,170.6,516.8,37.2,0.95,579.5,0.486,3,4,0.3525,1,0.445,0,0.0,2.37
NH-37 (Silchar-Imphal),44.3,372.4,19.7,160.0,536.9,30.2,0.95,169.4,0.606,1,3,0.7618,0,0.6862,0,0.0,3.66
NH-27 (East-West Corridor),43.1,366.7,1.3,3.0,4.5,36.8,0.28,476.8,0.612,4,4,0.158,0,0.0572,0,0.0,1.55
NH-15 (North Bank Brahmaputra),26.8,1010.5,1.9,5.3,6.0,18.2,0.288,305.9,0.779,5,2,0.0529,0,0.0901,0,0.0,1.66
NH-37 (Silchar-Imphal),55.9,2063.5,0.3,1.0,1.3,46.4,0.37,232.9,0.691,0,3,0.1661,0,0.1102,0,0.0,1.77
NH-15 (North Bank Brahmaputra),21.5,773.1,3.0,8.4,16.0,54.4,0.216,2662.1,0.785,3,4,0.032,1,0.0259,0,0.0,1.25
NH-10 (Siliguri-Gangtok),33.6,1523.6,19.4,141.4,468.2,17.6,0.95,881.8,0.25,4,5,0.687,1,0.3061,0,0.0,2.81
NH-27 (East-West Corridor),55.6,760.8,0.5,1.3,2.5,47.0,0.291,1193.5,0.43,2,2,0.189,0,0.033,0,0.0,1.9
NH-37 (Silchar-Imphal),33.0,945.1,2.4,29.0,81.2,24.7,0.6,453.1,0.736,5,4,0.1823,0,0.072,0,0.0,1.62
NH-15 (North Bank Brahmaputra),42.5,1918.9,1.1,3.0,5.5,22.9,0.347,549.6,0.655,5,1,0.1701,0,0.0584,1,11.0,2.11
NH-37 (Silchar-Imphal),32.1,1698.4,5.1,8.2,15.4,42.7,0.187,366.3,0.527,1,3,0.0803,0,0.0772,0,0.0,1.55
NH-06 (Guwahati-Shillong),26.8,526.5,36.0,262.6,741.8,16.8,0.95,231.6,0.465,3,5,0.4972,1,0.6299,0,0.0,2.72
NH-06 (Guwahati-Shillong),57.3,1143.1,39.7,220.9,559.7,33.5,0.95,307.8,0.692,3,5,0.7914,0,0.5803,0,0.0,3.32
NH-37 (Silchar-Imphal),32.6,404.0,0.9,2.0,2.5,15.1,0.215,1427.7,0.194,2,2,0.0888,0,0.0286,0,0.0,1.67
NH-15 (North Bank Brahmaputra),53.4,1239.6,0.8,1.5,1.7,37.2,0.107,1055.4,0.693,6,2,0.1685,0,0.0329,0,0.0,1.85
NH-15 (North Bank Brahmaputra),24.9,1575.5,0.6,1.2,1.6,33.5,0.165,783.4,0.566,0,2,0.0355,0,0.0402,0,0.0,1.57
NH-15 (North Bank Brahmaputra),24.2,569.2,1.6,3.3,6.1,51.6,0.411,665.6,0.462,2,3,0.0483,0,0.0481,0,0.0,1.45
NH-27 (East-West Corridor),16.3,884.4,3.3,5.6,7.4,43.8,0.218,2195.3,0.64,6,1,0.0274,0,0.0299,0,0.0,1.69
NH-10 (Siliguri-Gangtok),43.0,1086.0,0.7,1.9,2.5,20.0,0.293,210.4,0.481,0,3,0.1337,0,0.1114,0,0.0,1.7
NH-15 (North Bank Brahmaputra),30.8,2051.1,29.8,210.8,578.7,29.2,0.95,413.5,0.555,2,1,0.6162,0,0.5647,0,0.0,3.51
NH-37 (Silchar-Imphal),52.2,2187.5,25.2,134.6,303.0,52.3,0.95,494.5,0.542,3,2,0.8187,1,0.4759,0,0.0,3.72
NH-10 (Siliguri-Gangtok),35.3,433.1,16.2,112.2,295.7,44.0,0.95,1370.2,0.684,5,5,0.715,1,0.2008,0,0.0,2.77
NH-15 (North Bank Brahmaputra),56.6,1757.9,20.6,116.1,300.1,38.8,0.95,4065.8,0.579,0,3,0.7832,1,0.2227,0,0.0,3.24
NH-27 (East-West Corridor),23.0,1037.7,1.5,3.4,6.3,37.4,0.372,370.3,0.206,0,1,0.0417,0,0.0847,0,0.0,1.78
Guwahati-Jalukbari-Khanapara Urban,52.4,1076.0,37.4,193.9,671.8,30.9,0.95,1809.1,0.299,4,3,0.8229,1,0.3085,0,0.0,3.42
NH-27 (East-West Corridor),48.4,1745.4,0.7,1.8,3.0,38.4,0.117,1570.5,0.355,1,5,0.1439,0,0.0241,0,0.0,1.34
Guwahati-Jalukbari-Khanapara Urban,48.1,2049.1,28.7,183.4,563.1,45.9,0.95,353.6,0.632,6,3,0.8158,0,0.576,1,80.3,4.27
NH-06 (Guwahati-Shillong),51.3,2109.2,0.2,0.2,0.4,20.1,0.187,557.8,0.65,4,3,0.1571,0,0.0492,1,5.0,1.73
NH-10 (Siliguri-Gangtok),47.7,1417.7,4.1,8.4,11.7,53.8,0.248,571.7,0.851,2,5,0.1527,0,0.0489,0,0.0,1.38
NH-06 (Guwahati-Shillong),41.9,1010.7,41.6,200.6,642.4,24.6,0.95,3211.4,0.367,1,3,0.7607,1,0.2979,0,0.0,3.27
NH-10 (Siliguri-Gangtok),20.6,1807.0,6.1,62.6,212.5,32.9,0.918,309.6,0.786,2,4,0.2904,0,0.1666,0,0.0,1.95
NH-27 (East-West Corridor),16.4,814.4,41.4,199.7,651.5,15.9,0.95,1434.2,0.201,5,3,0.3587,0,0.3162,1,58.3,2.84
NH-37 (Silchar-Imphal),54.6,1393.5,39.7,200.1,498.3,37.0,0.95,475.4,0.553,2,5,0.7917,1,0.4826,0,0.0,3.22
NH-37 (Silchar-Imphal),41.5,1013.4,3.6,5.6,6.7,30.3,0.273,1200.0,0.594,1,3,0.1342,0,0.031,0,0.0,1.63
Guwahati-Jalukbari-Khanapara Urban,49.3,1564.8,2.3,3.0,4.4,25.0,0.243,585.8,0.593,3,5,0.1539,0,0.0443,0,0.0,1.38
NH-37 (Silchar-Imphal),35.7,794.7,0.1,0.2,0.4,54.4,0.194,840.9,0.494,4,3,0.1219,1,0.0378,0,0.0,1.61
NH-10 (Siliguri-Gangtok),20.0,704.4,27.1,230.6,584.1,32.1,0.95,1580.0,0.571,0,4,0.3292,0,0.3053,0,0.0,2.18
NH-37 (Silchar-Imphal),20.4,2048.7,34.9,211.5,531.6,31.6,0.95,1454.4,0.328,6,3,0.4182,1,0.3215,1,68.9,3.05
NH-06 (Guwahati-Shillong),44.5,538.3,2.2,3.2,5.4,33.5,0.325,1760.5,0.706,5,5,0.1649,0,0.0249,0,0.0,1.39
NH-15 (North Bank Brahmaputra),33.5,1286.0,15.7,76.4,288.4,19.6,0.95,199.2,0.595,3,3,0.6513,1,0.3562,0,0.0,3.09
NH-37 (Silchar-Imphal),23.6,758.6,20.1,128.2,327.8,30.7,0.95,1092.3,0.615,5,1,0.4695,1,0.3083,1,50.9,3.32
NH-06 (Guwahati-Shillong),36.1,422.0,2.2,6.3,7.8,28.5,0.131,270.6,0.5,2,1,0.1069,1,0.1021,0,0.0,1.94
Guwahati-Jalukbari-Khanapara Urban,17.8,416.6,8.2,87.4,289.2,33.6,0.95,580.0,0.491,5,4,0.3554,0,0.1749,1,25.1,2.29
Guwahati-Jalukbari-Khanapara Urban,40.0,674.2,54.3,380.0,750.0,49.3,0.95,786.3,0.644,0,1,0.7474,0,0.4354,0,0.0,3.68
NH-27 (East-West Corridor),26.6,1953.5,57.4,317.9,628.2,22.7,0.95,562.3,0.836,3,4,0.4712,0,0.4535,0,0.0,2.64
NH-27 (East-West Corridor),49.3,872.6,4.9,14.5,27.9,39.3,0.434,736.5,0.299,3,2,0.2284,0,0.0491,0,0.0,2.0
NH-27 (East-West Corridor),28.3,2108.3,0.0,0.0,0.1,16.5,0.251,4680.0,0.29,3,3,0.0611,0,0.0246,0,0.0,1.46
NH-06 (Guwahati-Shillong),34.6,1426.0,0.9,2.4,3.8,27.7,0.123,266.2,0.598,3,2,0.0933,0,0.0965,1,8.9,1.82
NH-27 (East-West Corridor),15.5,1157.7,2.6,4.6,5.7,33.9,0.373,1050.3,0.49,4,2,0.028,0,0.0358,0,0.0,1.55
Guwahati-Jalukbari-Khanapara Urban,18.1,1423.2,40.2,309.4,669.6,18.0,0.95,553.3,0.572,2,3,0.3176,1,0.4684,0,0.0,2.46
NH-37 (Silchar-Imphal),31.9,1305.9,0.1,0.1,0.1,36.8,0.123,264.2,0.546,7,4,0.0821,0,0.0886,0,0.0,1.42
NH-06 (Guwahati-Shillong),35.6,1753.7,27.9,171.2,492.9,27.4,0.95,288.3,0.662,2,2,0.6934,1,0.6199,1,94.1,4.26
NH-27 (East-West Corridor),40.8,872.6,2.1,2.8,5.4,54.7,0.333,2535.0,0.498,2,2,0.1613,0,0.029,0,0.0,1.83
NH-27 (East-West Corridor),27.5,1003.1,6.7,14.4,27.3,40.2,0.49,1843.6,0.333,3,2,0.0823,0,0.0329,0,0.0,1.66
Guwahati-Jalukbari-Khanapara Urban,44.9,2004.1,1.6,3.4,5.7,24.8,0.382,2050.5,0.408,8,4,0.1867,0,0.0255,0,0.0,1.59
NH-37 (Silchar-Imphal),52.0,2100.9,38.2,218.4,452.4,19.1,0.95,3967.2,0.521,1,3,0.7788,1,0.2961,1,68.6,3.82
NH-10 (Siliguri-Gangtok),48.5,2001.2,17.6,141.4,420.6,16.6,0.95,336.9,0.324,1,3,0.7831,1,0.5265,1,51.7,3.93
NH-37 (Silchar-Imphal),16.7,1126.0,0.6,1.7,3.2,18.6,0.31,501.3,0.543,5,5,0.025,0,0.0505,0,0.0,1.11
NH-27 (East-West Corridor),35.7,1793.7,55.9,363.8,750.0,42.2,0.95,1035.0,0.561,3,4,0.7135,1,0.3496,0,0.0,3.07
NH-27 (East-West Corridor),19.5,1231.2,0.6,1.3,1.5,49.2,0.275,679.0,0.486,1,5,0.0268,0,0.0407,0,0.0,1.1
NH-37 (Silchar-Imphal),25.4,1270.4,1.2,3.4,6.7,21.3,0.21,583.6,0.588,3,3,0.0417,0,0.0484,0,0.0,1.44
NH-37 (Silchar-Imphal),57.4,728.7,0.4,0.9,1.2,31.1,0.305,504.3,0.259,4,2,0.2065,0,0.0595,1,5.0,2.0
Guwahati-Jalukbari-Khanapara Urban,21.1,1443.6,0.2,0.2,0.3,29.2,0.32,870.7,0.378,3,4,0.0334,0,0.0346,0,0.0,1.26
NH-10 (Siliguri-Gangtok),36.5,694.4,16.7,115.0,366.0,40.8,0.95,835.7,0.344,4,2,0.7566,1,0.2898,1,16.4,3.52
NH-06 (Guwahati-Shillong),41.6,963.4,4.5,6.1,8.6,22.3,0.278,290.9,0.708,5,3,0.1511,0,0.091,0,0.0,1.72
NH-06 (Guwahati-Shillong),45.2,1931.8,5.5,14.0,19.0,53.1,0.229,660.5,0.88,2,3,0.1552,0,0.0495,0,0.0,1.69
NH-10 (Siliguri-Gangtok),39.1,733.1,1.9,5.6,9.3,44.1,0.294,795.0,0.391,4,2,0.1617,0,0.0427,0,0.0,1.85
Guwahati-Jalukbari-Khanapara Urban,15.4,481.6,32.2,230.2,519.7,53.2,0.95,825.7,0.508,7,1,0.3702,0,0.427,1,61.9,3.3
NH-37 (Silchar-Imphal),29.0,477.7,2.7,5.1,5.8,26.1,0.141,338.7,0.425,5,2,0.0685,0,0.0813,0,0.0,1.68
NH-27 (East-West Corridor),37.3,2090.5,22.4,175.2,556.1,38.5,0.95,1234.7,0.59,2,4,0.7196,1,0.316,1,72.0,3.59
NH-10 (Siliguri-Gangtok),18.8,1287.8,2.2,3.5,4.2,44.3,0.317,170.4,0.44,2,1,0.0308,0,0.1468,0,0.0,1.81
Guwahati-Jalukbari-Khanapara Urban,30.1,1107.4,3.0,7.8,8.7,43.4,0.324,500.6,0.601,4,1,0.0863,0,0.0668,0,0.0,1.86
NH-15 (North Bank Brahmaputra),16.4,1850.1,31.6,154.1,527.8,15.9,0.95,1362.1,0.67,5,4,0.3167,0,0.2955,1,71.3,2.67
NH-10 (Siliguri-Gangtok),18.4,1896.3,6.1,6.8,12.9,54.9,0.257,813.9,0.33,2,2,0.0311,1,0.0436,0,0.0,1.56
NH-27 (East-West Corridor),32.1,964.6,13.6,102.0,256.7,52.1,0.95,392.1,0.599,3,5,0.6438,0,0.3336,1,56.8,3.17
NH-06 (Guwahati-Shillong),20.7,1633.2,2.4,3.2,4.6,19.8,0.239,1099.8,0.227,3,3,0.0321,0,0.0311,0,0.0,1.4
NH-37 (Silchar-Imphal),39.4,1776.6,32.1,211.7,568.6,36.7,0.95,820.3,0.504,4,4,0.765,1,0.381,0,0.0,3.21
Guwahati-Jalukbari-Khanapara Urban,44.6,1561.1,5.2,9.1,17.4,27.6,0.312,1422.7,0.492,1,2,0.1596,0,0.0315,0,0.0,1.83
NH-06 (Guwahati-Shillong),49.4,630.5,37.0,269.5,719.7,50.2,0.95,1212.5,0.509,3,1,0.8197,1,0.371,0,0.0,3.77
NH-27 (East-West Corridor),23.6,1970.4,4.7,5.4,8.2,42.9,0.193,903.5,0.494,2,5,0.0358,0,0.033,0,0.0,1.11
NH-10 (Siliguri-Gangtok),22.2,1347.3,0.7,1.3,2.4,23.9,0.238,685.8,0.461,3,5,0.0319,0,0.0383,0,0.0,1.11
Guwahati-Jalukbari-Khanapara Urban,19.5,872.6,0.3,0.7,1.2,16.4,0.255,264.3,0.502,6,4,0.0286,0,0.0886,0,0.0,1.3
NH-15 (North Bank Brahmaputra),42.4,1136.7,3.5,6.9,13.3,26.7,0.195,392.3,0.593,4,4,0.1452,0,0.0666,0,0.0,1.54
Guwahati-Jalukbari-Khanapara Urban,45.4,419.5,0.0,0.0,0.0,16.5,0.311,584.5,0.598,5,1,0.1738,0,0.0537,0,0.0,2.04
NH-06 (Guwahati-Shillong),16.4,586.6,3.6,7.7,11.6,20.7,0.156,881.6,0.571,4,4,0.022,0,0.0337,0,0.0,1.23
NH-06 (Guwahati-Shillong),55.3,1766.3,23.2,133.4,344.1,40.4,0.95,726.8,0.447,4,3,0.8231,1,0.3685,0,0.0,3.48
NH-27 (East-West Corridor),17.2,350.0,21.2,142.7,359.3,44.8,0.95,421.9,0.744,5,3,0.3507,0,0.4989,1,56.0,2.99
NH-15 (North Bank Brahmaputra),38.3,1120.6,34.2,228.7,668.5,33.7,0.95,155.2,0.825,6,3,0.7454,0,0.7203,1,105.4,4.33
NH-06 (Guwahati-Shillong),45.5,1316.6,63.3,380.0,749.0,39.0,0.95,698.5,0.318,2,2,0.8024,1,0.4409,0,0.0,3.65
Guwahati-Jalukbari-Khanapara Urban,52.5,451.1,0.9,2.4,4.4,21.2,0.243,419.1,0.58,4,4,0.1663,0,0.0615,0,0.0,1.58
NH-15 (North Bank Brahmaputra),45.7,2150.2,0.1,0.2,0.2,27.7,0.346,1211.2,0.466,3,2,0.174,0,0.032,0,0.0,1.86
NH-37 (Silchar-Imphal),49.5,768.3,3.5,9.7,13.3,43.5,0.267,169.4,0.717,2,3,0.1662,0,0.1361,0,0.0,1.8
NH-27 (East-West Corridor),29.6,912.8,32.7,211.5,466.5,29.6,0.95,853.2,0.548,3,2,0.5931,1,0.3969,0,0.0,3.15
NH-27 (East-West Corridor),50.0,912.3,0.9,2.3,3.7,29.0,0.365,2420.6,0.56,1,4,0.1614,1,0.0251,0,0.0,1.53
NH-37 (Silchar-Imphal),18.4,776.3,1.8,2.1,2.8,22.8,0.167,303.3,0.639,2,2,0.0224,0,0.0879,0,0.0,1.59
NH-27 (East-West Corridor),53.5,352.7,5.5,59.2,184.9,38.8,0.763,660.4,0.496,4,2,0.7317,1,0.0914,0,0.0,3.15
NH-15 (North Bank Brahmaputra),38.5,1699.3,0.4,0.7,0.9,47.4,0.176,226.7,0.852,5,1,0.134,1,0.1181,0,0.0,2.01
NH-27 (East-West Corridor),50.1,2138.7,49.5,350.1,737.6,33.8,0.95,936.1,0.642,5,2,0.8153,1,0.3856,0,0.0,3.63
NH-06 (Guwahati-Shillong),34.4,764.9,31.5,210.1,520.9,19.6,0.95,789.8,0.718,1,2,0.6516,0,0.4061,1,64.8,3.77
NH-27 (East-West Corridor),42.7,1576.6,4.0,6.2,8.9,48.5,0.167,568.5,0.51,3,2,0.1573,0,0.0551,0,0.0,1.85
Guwahati-Jalukbari-Khanapara Urban,37.6,1722.5,0.1,0.2,0.2,17.9,0.26,739.5,0.528,6,2,0.1323,0,0.0417,0,0.0,1.78
NH-06 (Guwahati-Shillong),46.5,1919.6,7.5,19.1,30.2,33.9,0.375,1965.1,0.696,1,1,0.1822,0,0.0342,0,0.0,2.03
NH-10 (Siliguri-Gangtok),18.5,1131.9,27.9,188.4,564.3,25.4,0.95,324.8,0.678,5,5,0.3432,1,0.56,1,96.9,2.98
Guwahati-Jalukbari-Khanapara Urban,17.6,910.4,0.2,0.4,0.7,52.5,0.267,168.3,0.325,7,1,0.034,1,0.1458,1,14.8,1.93
NH-10 (Siliguri-Gangtok),25.6,951.8,22.9,203.9,524.1,44.5,0.95,1732.5,0.573,3,4,0.4921,1,0.3026,1,61.4,2.99
NH-15 (North Bank Brahmaputra),21.9,1668.3,10.4,56.7,185.8,37.7,0.912,838.5,0.635,4,3,0.3128,0,0.0821,1,32.7,2.31
NH-06 (Guwahati-Shillong),52.5,1861.0,1.8,4.4,8.1,41.7,0.404,1920.6,0.527,4,3,0.2065,0,0.0283,0,0.0,1.78
Guwahati-Jalukbari-Khanapara Urban,24.4,686.0,3.8,4.1,6.4,36.3,0.331,876.9,0.618,1,1,0.0418,0,0.042,0,0.0,1.73
NH-06 (Guwahati-Shillong),57.0,1036.2,25.9,224.9,738.2,20.9,0.95,1479.3,0.534,3,2,0.804,1,0.3279,0,0.0,3.54
NH-15 (North Bank Brahmaputra),29.5,2018.6,3.2,9.1,14.2,43.4,0.21,599.2,0.146,1,4,0.0716,0,0.048,0,0.0,1.36
NH-10 (Siliguri-Gangtok),22.8,1842.4,7.3,67.9,235.2,34.7,0.887,1258.6,0.314,3,3,0.4009,0,0.0735,0,0.0,2.25
NH-37 (Silchar-Imphal),49.0,2172.0,0.3,1.0,1.4,40.4,0.132,2103.9,0.725,4,3,0.1558,0,0.0255,0,0.0,1.67
NH-15 (North Bank Brahmaputra),43.3,1745.4,20.2,137.0,366.2,16.8,0.95,829.1,0.506,3,3,0.7718,1,0.3342,1,39.9,3.63
NH-15 (North Bank Brahmaputra),36.4,1077.4,43.8,216.8,601.1,20.7,0.95,309.5,0.584,4,3,0.7202,1,0.5998,0,0.0,3.48
NH-15 (North Bank Brahmaputra),38.9,1442.7,35.6,250.9,640.0,38.6,0.95,400.5,0.549,2,4,0.7401,1,0.5382,1,77.8,3.89
NH-27 (East-West Corridor),45.9,1572.9,4.0,10.3,18.0,33.4,0.276,327.2,0.401,1,4,0.161,0,0.0814,0,0.0,1.58
NH-15 (North Bank Brahmaputra),24.8,495.1,1.6,2.8,4.0,24.1,0.211,376.8,0.466,5,2,0.0466,0,0.0746,0,0.0,1.63
NH-37 (Silchar-Imphal),57.8,1357.3,17.8,107.6,385.5,24.6,0.95,442.7,0.609,1,4,0.7774,0,0.3598,1,53.6,3.62
NH-15 (North Bank Brahmaputra),56.9,1662.2,1.2,2.6,3.4,40.3,0.273,798.0,0.628,7,3,0.1927,0,0.0395,0,0.0,1.76
NH-37 (Silchar-Imphal),43.0,659.5,3.4,8.0,9.4,17.4,0.315,859.4,0.88,2,3,0.1333,0,0.0375,0,0.0,1.63
NH-06 (Guwahati-Shillong),23.6,1794.2,41.7,204.9,436.1,32.4,0.95,594.8,0.464,3,4,0.4406,1,0.4437,0,0.0,2.56
NH-06 (Guwahati-Shillong),44.2,1430.0,1.3,3.0,3.8,35.9,0.264,914.5,0.851,2,3,0.1394,0,0.0356,0,0.0,1.64
NH-27 (East-West Corridor),18.1,2111.6,3.9,10.8,12.1,27.3,0.143,218.1,0.395,4,4,0.0262,0,0.1058,0,0.0,1.31
NH-37 (Silchar-Imphal),16.3,428.5,0.3,0.3,0.5,47.8,0.121,223.5,0.638,5,3,0.024,0,0.1068,0,0.0,1.46
NH-15 (North Bank Brahmaputra),26.1,840.9,40.5,251.3,735.3,17.3,0.95,300.8,0.582,5,3,0.5068,1,0.6048,0,0.0,3.01
Guwahati-Jalukbari-Khanapara Urban,34.9,1462.9,32.2,227.6,560.9,49.6,0.95,734.0,0.527,3,4,0.7104,1,0.4081,0,0.0,3.12
NH-06 (Guwahati-Shillong),52.3,898.6,2.5,7.0,14.0,43.9,0.378,342.6,0.549,2,1,0.1981,1,0.0929,0,0.0,2.13
NH-15 (North Bank Brahmaputra),46.3,1671.7,3.4,10.1,12.8,32.9,0.175,416.5,0.438,5,3,0.1786,1,0.0677,0,0.0,1.76
NH-37 (Silchar-Imphal),46.9,1754.2,1.6,2.7,3.5,52.0,0.16,559.1,0.713,1,1,0.1496,0,0.0578,0,0.0,1.99
NH-10 (Siliguri-Gangtok),33.3,539.7,21.6,159.4,402.7,43.1,0.95,1486.5,0.398,4,2,0.7081,1,0.3166,0,0.0,3.32
NH-15 (North Bank Brahmaputra),29.9,1300.6,1.6,3.8,4.7,52.2,0.188,161.2,0.607,1,3,0.0644,0,0.1354,0,0.0,1.58
NH-06 (Guwahati-Shillong),31.0,1291.4,14.8,98.3,302.2,33.9,0.95,988.4,0.686,2,2,0.603,1,0.2015,1,43.3,3.3
NH-27 (East-West Corridor),57.5,1033.2,1.7,3.3,4.8,33.1,0.375,1034.2,0.799,3,2,0.1811,0,0.0358,0,0.0,1.88
NH-37 (Silchar-Imphal),16.7,2075.9,29.1,138.0,314.7,36.2,0.95,1432.2,0.725,6,5,0.3274,0,0.2743,1,52.8,2.39
NH-06 (Guwahati-Shillong),52.3,1880.9,1.2,2.3,4.2,17.6,0.217,2309.5,0.653,2,3,0.148,1,0.025,0,0.0,1.65
NH-27 (East-West Corridor),39.9,1639.8,6.8,62.6,210.6,51.3,0.819,166.3,0.435,1,3,0.6947,0,0.2584,0,0.0,3.08
NH-27 (East-West Corridor),33.9,1671.5,0.3,0.3,0.6,41.7,0.203,283.6,0.409,6,3,0.1111,1,0.0907,0,0.0,1.63
NH-10 (Siliguri-Gangtok),46.2,1204.2,0.8,0.8,1.0,39.7,0.216,1888.4,0.345,3,1,0.1774,0,0.0294,0,0.0,2.02
NH-27 (East-West Corridor),35.9,2053.8,26.1,125.6,348.1,52.1,0.95,640.8,0.328,1,4,0.721,1,0.3794,1,65.5,3.6
NH-06 (Guwahati-Shillong),52.6,1635.0,25.9,191.4,493.2,54.7,0.95,815.2,0.55,3,3,0.8169,1,0.3987,1,71.5,4.03
NH-06 (Guwahati-Shillong),53.7,1698.6,2.8,4.0,6.6,21.5,0.322,1020.2,0.419,5,3,0.1978,0,0.0333,0,0.0,1.77
NH-15 (North Bank Brahmaputra),33.1,1944.1,22.1,131.0,335.8,45.0,0.95,1059.2,0.766,1,1,0.6511,0,0.3284,0,0.0,3.36
Guwahati-Jalukbari-Khanapara Urban,26.9,857.0,19.3,97.2,242.6,38.2,0.95,2297.5,0.446,1,2,0.5074,1,0.1795,0,0.0,2.74
NH-37 (Silchar-Imphal),40.5,1843.1,24.6,132.6,442.5,33.4,0.95,4783.9,0.567,3,5,0.7534,1,0.2402,0,0.0,2.9
NH-37 (Silchar-Imphal),54.2,711.2,0.3,0.8,1.1,54.1,0.374,1168.8,0.502,2,2,0.1984,1,0.0344,0,0.0,1.92
NH-10 (Siliguri-Gangtok),24.1,988.9,1.9,4.5,6.9,49.0,0.362,420.9,0.297,5,2,0.0572,0,0.0739,0,0.0,1.65
NH-37 (Silchar-Imphal),41.8,970.9,1.9,2.0,3.3,42.9,0.156,1844.6,0.746,5,2,0.149,0,0.0279,0,0.0,1.81
NH-27 (East-West Corridor),42.2,2160.3,0.5,0.8,1.6,30.3,0.288,190.4,0.675,2,5,0.1324,0,0.1092,1,19.4,1.54
NH-06 (Guwahati-Shillong),46.5,1934.6,41.8,234.3,750.0,41.6,0.95,360.2,0.696,1,4,0.7683,1,0.5634,1,114.2,4.07
NH-27 (East-West Corridor),20.7,1647.2,4.0,9.8,14.0,36.3,0.405,1971.4,0.657,2,5,0.0316,1,0.0259,0,0.0,1.1
NH-37 (Silchar-Imphal),45.8,1695.1,0.4,0.6,0.9,25.0,0.295,386.8,0.413,5,5,0.1733,0,0.0635,0,0.0,1.44
NH-15 (North Bank Brahmaputra),54.1,1389.8,10.6,78.8,273.7,33.0,0.95,349.4,0.417,4,5,0.8047,0,0.2207,1,47.6,3.35
NH-15 (North Bank Brahmaputra),22.7,2102.1,24.3,169.2,415.8,23.5,0.95,268.9,0.631,3,3,0.4052,0,0.616,1,96.6,3.48
Guwahati-Jalukbari-Khanapara Urban,25.2,1268.1,0.1,0.2,0.2,35.0,0.292,1717.8,0.828,6,3,0.0459,0,0.0271,0,0.0,1.43
NH-37 (Silchar-Imphal),56.8,1054.0,7.8,9.3,15.1,43.8,0.424,704.6,0.619,5,4,0.218,0,0.0459,0,0.0,1.67
NH-10 (Siliguri-Gangtok),22.8,651.6,31.1,227.8,660.7,16.5,0.95,1048.9,0.726,3,2,0.3977,1,0.3607,0,0.0,2.68
NH-06 (Guwahati-Shillong),51.7,1804.5,1.3,2.5,3.7,45.6,0.22,368.6,0.455,5,1,0.2026,0,0.0828,0,0.0,2.13
NH-27 (East-West Corridor),36.2,1708.7,59.6,330.4,629.0,15.8,0.95,1285.2,0.748,1,2,0.674,1,0.3389,0,0.0,3.27
NH-37 (Silchar-Imphal),25.6,1061.1,61.5,380.0,750.0,35.7,0.95,1291.7,0.474,2,4,0.4795,1,0.3225,0,0.0,2.52
NH-06 (Guwahati-Shillong),52.4,396.6,0.2,0.5,0.5,37.9,0.241,449.9,0.593,5,2,0.1882,0,0.0653,0,0.0,1.93
NH-15 (North Bank Brahmaputra),34.1,1902.1,26.4,185.4,577.8,45.4,0.95,573.0,0.484,1,4,0.6764,1,0.4519,0,0.0,3.09
NH-27 (East-West Corridor),37.1,371.1,41.7,258.3,611.9,45.4,0.95,338.3,0.71,1,4,0.7049,1,0.5792,1,88.9,3.94
NH-37 (Silchar-Imphal),30.4,1651.8,0.4,0.4,0.6,31.7,0.282,3152.7,0.712,3,1,0.074,0,0.0284,0,0.0,1.79
NH-37 (Silchar-Imphal),40.5,2145.0,23.9,122.5,331.1,17.7,0.95,979.9,0.284,7,1,0.7943,1,0.3166,0,0.0,3.66
NH-15 (North Bank Brahmaputra),22.0,1159.7,44.3,213.8,508.6,42.7,0.95,2331.1,0.789,3,2,0.4025,0,0.3198,0,0.0,2.65
NH-37 (Silchar-Imphal),31.8,784.7,33.0,198.1,461.5,35.4,0.95,439.2,0.88,3,3,0.6174,0,0.526,0,0.0,3.18
NH-10 (Siliguri-Gangtok),56.7,1654.0,31.9,194.0,467.2,28.3,0.95,1368.2,0.486,4,3,0.8149,0,0.3228,1,56.1,3.83
NH-10 (Siliguri-Gangtok),26.1,1861.7,2.1,6.2,6.9,24.4,0.241,1311.5,0.527,4,3,0.0499,0,0.0292,0,0.0,1.44
NH-27 (East-West Corridor),43.2,1360.9,1.8,3.9,4.8,19.8,0.151,1091.2,0.773,1,4,0.1145,0,0.0289,0,0.0,1.43
NH-27 (East-West Corridor),29.0,2139.0,0.4,0.5,0.8,26.8,0.151,2846.7,0.562,3,2,0.0588,0,0.0259,0,0.0,1.61
NH-06 (Guwahati-Shillong),48.3,445.6,1.8,3.3,5.3,33.3,0.315,550.1,0.549,4,4,0.1776,0,0.0508,0,0.0,1.59
Guwahati-Jalukbari-Khanapara Urban,20.6,1283.9,0.1,0.1,0.1,34.1,0.344,262.1,0.88,5,3,0.0319,0,0.0984,0,0.0,1.47
NH-06 (Guwahati-Shillong),56.7,1679.1,37.2,243.9,514.5,38.3,0.95,1041.1,0.306,2,4,0.8116,1,0.3467,0,0.0,3.28
NH-15 (North Bank Brahmaputra),34.5,1945.9,18.4,119.9,371.4,29.5,0.95,1195.4,0.408,1,3,0.6796,1,0.2527,0,0.0,3.05
Guwahati-Jalukbari-Khanapara Urban,25.2,681.6,25.5,196.8,489.9,51.8,0.95,834.6,0.625,3,3,0.4892,1,0.3943,0,0.0,2.77
NH-37 (Silchar-Imphal),18.2,1830.0,15.3,94.5,303.2,34.8,0.95,335.4,0.258,3,1,0.3773,0,0.3842,0,0.0,2.81
NH-37 (Silchar-Imphal),22.3,1372.5,25.2,209.2,711.3,31.9,0.95,711.7,0.483,2,1,0.4173,1,0.4438,1,84.4,3.59
NH-06 (Guwahati-Shillong),37.4,1083.6,7.9,21.3,38.0,16.9,0.227,449.4,0.481,4,3,0.143,0,0.0688,0,0.0,1.68
NH-10 (Siliguri-Gangtok),29.5,593.7,20.5,131.2,293.5,39.0,0.95,596.1,0.723,2,3,0.5653,1,0.3961,0,0.0,2.94
NH-10 (Siliguri-Gangtok),50.6,1950.8,3.0,8.1,11.8,39.1,0.182,979.0,0.675,0,1,0.1504,0,0.0383,0,0.0,1.97
NH-27 (East-West Corridor),33.5,641.0,8.0,82.1,176.2,38.3,0.89,1243.9,0.247,4,4,0.6577,1,0.0972,0,0.0,2.69
NH-27 (East-West Corridor),25.7,923.1,77.1,380.0,750.0,50.5,0.95,361.4,0.425,4,5,0.519,0,0.5538,1,127.7,3.37
NH-06 (Guwahati-Shillong),41.5,886.6,2.6,7.7,10.9,45.5,0.31,565.8,0.426,2,3,0.1611,0,0.0542,0,0.0,1.71
NH-10 (Siliguri-Gangtok),45.4,1962.1,26.4,222.2,565.3,49.7,0.95,400.9,0.511,3,1,0.8099,1,0.5812,0,0.0,3.96
NH-37 (Silchar-Imphal),22.2,1594.5,0.1,0.2,0.3,17.4,0.147,327.1,0.352,3,4,0.0306,0,0.073,0,0.0,1.29
NH-15 (North Bank Brahmaputra),22.2,1823.9,3.6,9.8,18.6,27.7,0.395,1373.7,0.631,3,2,0.0392,0,0.0324,0,0.0,1.57
NH-37 (Silchar-Imphal),16.6,813.4,20.2,135.1,387.2,27.7,0.95,2069.7,0.425,3,4,0.3253,1,0.2473,0,0.0,2.11
NH-10 (Siliguri-Gangtok),46.7,1506.0,3.4,6.2,7.0,41.3,0.4,519.9,0.656,0,3,0.1601,1,0.0591,0,0.0,1.71
NH-06 (Guwahati-Shillong),43.5,1407.7,0.8,1.0,1.9,32.9,0.167,1263.1,0.549,6,1,0.1638,0,0.0321,0,0.0,1.99
NH-27 (East-West Corridor),35.4,1890.7,53.4,371.4,750.0,46.1,0.95,1968.4,0.375,4,2,0.7455,1,0.3259,1,94.8,4.09
NH-06 (Guwahati-Shillong),51.3,2026.3,18.7,93.9,302.5,30.4,0.95,1647.3,0.8,2,3,0.7746,1,0.165,0,0.0,3.17
NH-10 (Siliguri-Gangtok),49.6,372.5,58.2,360.8,750.0,23.9,0.95,311.5,0.805,3,4,0.7743,1,0.5877,1,116.8,4.11
NH-06 (Guwahati-Shillong),40.2,1596.9,8.6,79.0,233.6,26.6,0.95,2654.2,0.602,1,2,0.7213,1,0.0886,0,0.0,3.12
NH-10 (Siliguri-Gangtok),52.3,445.9,4.0,4.9,6.5,22.3,0.319,528.2,0.507,1,2,0.1664,0,0.0581,0,0.0,1.87
NH-06 (Guwahati-Shillong),23.9,1365.4,3.2,3.5,4.4,22.9,0.324,481.5,0.36,3,1,0.0448,0,0.0658,0,0.0,1.76
Guwahati-Jalukbari-Khanapara Urban,19.8,882.1,57.7,380.0,750.0,23.7,0.95,201.6,0.743,1,3,0.3216,0,0.6808,1,108.5,3.36
NH-37 (Silchar-Imphal),26.6,917.5,39.3,248.0,649.0,15.6,0.95,682.7,0.698,2,3,0.4708,1,0.4216,1,85.1,3.39
Guwahati-Jalukbari-Khanapara Urban,17.5,1003.0,0.1,0.2,0.3,43.6,0.229,242.3,0.403,5,5,0.028,0,0.0933,1,13.4,1.25
NH-10 (Siliguri-Gangtok),37.8,1499.4,25.0,176.0,507.9,31.0,0.95,378.6,0.426,5,4,0.7602,1,0.5366,1,93.8,4.03
NH-37 (Silchar-Imphal),55.3,968.0,20.0,122.3,349.2,15.9,0.95,454.9,0.632,3,4,0.7856,1,0.4099,0,0.0,3.28
Guwahati-Jalukbari-Khanapara Urban,16.7,1705.5,16.3,105.1,282.4,29.8,0.95,1473.7,0.338,5,2,0.366,0,0.1995,1,37.4,2.73
NH-15 (North Bank Brahmaputra),20.3,1098.4,35.9,184.6,627.1,51.2,0.95,1816.7,0.437,3,2,0.4075,0,0.3265,0,0.0,2.67
NH-06 (Guwahati-Shillong),34.4,476.5,3.8,10.5,16.3,35.4,0.414,438.2,0.363,10,3,0.1404,0,0.0694,0,0.0,1.68
NH-06 (Guwahati-Shillong),55.2,1800.0,24.0,138.8,455.5,54.5,0.95,1715.5,0.368,2,1,0.8281,0,0.3083,0,0.0,3.73
NH-37 (Silchar-Imphal),28.6,878.7,28.4,211.2,529.9,36.6,0.95,1707.2,0.42,1,4,0.5489,1,0.302,0,0.0,2.66
NH-10 (Siliguri-Gangtok),36.8,1150.6,0.4,0.5,0.6,53.5,0.242,1307.3,0.713,1,4,0.1075,0,0.0285,0,0.0,1.41
NH-15 (North Bank Brahmaputra),16.8,1618.1,32.8,184.1,413.6,23.1,0.95,276.9,0.234,4,1,0.3669,0,0.6441,1,89.0,3.71
Guwahati-Jalukbari-Khanapara Urban,21.4,965.0,4.0,6.7,10.8,26.6,0.143,1087.8,0.628,2,4,0.0266,0,0.0299,0,0.0,1.24
NH-10 (Siliguri-Gangtok),57.4,454.7,1.5,4.3,6.5,43.0,0.349,2470.7,0.596,8,1,0.216,0,0.0302,0,0.0,2.11
NH-06 (Guwahati-Shillong),56.5,1041.8,35.4,233.3,480.6,54.5,0.95,1067.9,0.724,2,1,0.8105,0,0.3874,1,65.1,4.25
NH-27 (East-West Corridor),15.2,2097.2,3.7,8.9,12.1,48.0,0.183,472.3,0.596,2,1,0.0232,0,0.0689,0,0.0,1.72
NH-27 (East-West Corridor),55.9,1537.2,2.6,5.8,7.9,37.1,0.395,705.4,0.482,2,3,0.1926,1,0.0452,0,0.0,1.77
NH-10 (Siliguri-Gangtok),42.5,1592.2,2.3,44.2,207.3,18.4,0.95,980.1,0.403,4,4,0.6899,1,0.0487,0,0.0,2.72
NH-06 (Guwahati-Shillong),52.3,1519.7,0.2,0.6,0.9,29.6,0.266,721.6,0.728,0,2,0.1452,0,0.0435,0,0.0,1.81
NH-06 (Guwahati-Shillong),34.6,718.1,0.6,1.1,1.4,18.5,0.187,252.2,0.639,2,4,0.0845,0,0.0908,0,0.0,1.43
NH-27 (East-West Corridor),37.2,1123.9,0.1,0.2,0.3,27.5,0.163,449.2,0.461,1,2,0.1067,0,0.0629,0,0.0,1.75
NH-27 (East-West Corridor),36.0,1739.2,0.0,0.0,0.0,25.4,0.247,1447.2,0.714,5,5,0.1087,0,0.0248,0,0.0,1.26
NH-15 (North Bank Brahmaputra),43.7,537.5,50.9,349.0,750.0,30.5,0.95,1731.0,0.47,3,4,0.7811,1,0.3014,1,88.8,3.83
Guwahati-Jalukbari-Khanapara Urban,21.0,864.0,8.4,75.4,219.3,48.5,0.95,268.2,0.55,3,4,0.3666,0,0.2483,0,0.0,2.2
Guwahati-Jalukbari-Khanapara Urban,16.3,861.2,17.8,165.7,516.2,21.0,0.95,2585.7,0.441,4,3,0.3319,1,0.2798,1,38.1,2.59
NH-27 (East-West Corridor),28.2,1149.2,22.9,113.2,242.4,27.2,0.95,469.0,0.646,1,2,0.5182,1,0.4203,1,53.4,3.41
NH-10 (Siliguri-Gangtok),45.3,2163.7,1.8,4.1,4.6,25.4,0.354,1018.5,0.371,2,1,0.1761,0,0.0374,0,0.0,2.02
NH-15 (North Bank Brahmaputra),23.7,474.9,36.1,262.6,727.4,26.8,0.95,1264.9,0.496,3,3,0.4408,1,0.3325,0,0.0,2.6
NH-37 (Silchar-Imphal),44.0,1309.6,46.4,302.3,750.0,29.4,0.95,1486.8,0.432,4,3,0.7962,1,0.3208,0,0.0,3.37
NH-06 (Guwahati-Shillong),56.7,681.8,42.4,185.7,549.1,24.8,0.95,2481.3,0.597,2,4,0.7865,1,0.2875,0,0.0,3.17
NH-06 (Guwahati-Shillong),19.0,2145.8,23.9,123.4,424.6,52.7,0.95,450.2,0.62,3,2,0.3744,0,0.4723,1,57.6,3.17
NH-06 (Guwahati-Shillong),43.9,559.6,44.5,310.9,750.0,31.8,0.95,1714.4,0.351,2,3,0.7858,1,0.3138,1,79.4,3.94
Guwahati-Jalukbari-Khanapara Urban,34.1,1096.7,24.0,104.0,322.7,19.6,0.95,263.0,0.623,4,4,0.6729,1,0.4925,0,0.0,3.12
NH-27 (East-West Corridor),52.3,1715.1,5.9,7.2,12.9,33.7,0.243,1126.7,0.284,1,2,0.178,0,0.0343,0,0.0,1.88
NH-15 (North Bank Brahmaputra),22.6,1653.4,8.6,77.8,239.0,22.4,0.947,1233.8,0.88,3,4,0.3548,1,0.0895,0,0.0,2.02
NH-15 (North Bank Brahmaputra),44.8,1132.0,0.2,0.3,0.3,23.6,0.356,1055.9,0.458,4,3,0.1741,1,0.0324,0,0.0,1.72
Guwahati-Jalukbari-Khanapara Urban,51.0,991.1,2.2,3.0,4.1,26.4,0.409,382.6,0.739,6,2,0.1941,0,0.0779,1,5.0,1.99
NH-27 (East-West Corridor),55.6,1085.6,2.1,4.9,7.6,20.0,0.13,1801.1,0.586,2,2,0.1505,0,0.027,0,0.0,1.81
NH-10 (Siliguri-Gangtok),44.4,838.9,0.5,0.9,1.2,43.8,0.131,298.0,0.594,2,2,0.1436,0,0.0906,0,0.0,1.86
Guwahati-Jalukbari-Khanapara Urban,36.4,729.9,2.8,5.9,7.6,46.7,0.275,194.1,0.34,1,2,0.1257,0,0.1304,0,0.0,1.86
NH-27 (East-West Corridor),41.6,1243.6,0.2,0.2,0.4,30.8,0.203,1161.2,0.702,3,3,0.1325,0,0.03,0,0.0,1.62
NH-10 (Siliguri-Gangtok),52.4,846.8,37.4,272.0,750.0,42.6,0.95,666.2,0.559,4,5,0.8088,0,0.4123,0,0.0,3.19
Guwahati-Jalukbari-Khanapara Urban,39.5,881.8,19.5,118.5,380.5,30.6,0.95,1662.9,0.635,4,5,0.7483,1,0.2139,0,0.0,2.86
NH-06 (Guwahati-Shillong),16.3,1565.0,22.9,132.8,437.8,21.6,0.95,536.8,0.534,6,2,0.342,0,0.4345,0,0.0,2.63
NH-10 (Siliguri-Gangtok),55.0,2141.8,2.8,3.2,5.3,30.9,0.281,297.4,0.573,4,4,0.179,0,0.0849,0,0.0,1.63
Guwahati-Jalukbari-Khanapara Urban,44.6,1466.7,46.4,202.2,471.9,37.3,0.95,1598.5,0.39,3,5,0.7901,1,0.2953,0,0.0,3.03
NH-27 (East-West Corridor),44.1,492.4,53.3,298.3,750.0,16.6,0.95,786.9,0.522,2,2,0.77,1,0.4078,1,90.0,4.22
NH-06 (Guwahati-Shillong),24.3,489.8,0.4,0.8,1.1,41.2,0.246,317.8,0.474,3,5,0.0407,0,0.076,0,0.0,1.16
NH-27 (East-West Corridor),43.3,2110.1,78.7,380.0,750.0,44.7,0.95,1169.5,0.423,5,5,0.8039,1,0.324,0,0.0,3.09
NH-37 (Silchar-Imphal),31.9,900.0,14.3,104.7,376.3,49.4,0.95,722.5,0.574,3,4,0.6512,1,0.2469,0,0.0,2.83
NH-37 (Silchar-Imphal),43.0,520.3,3.7,10.7,20.8,19.1,0.2,891.7,0.615,3,3,0.1442,1,0.036,0,0.0,1.65
Guwahati-Jalukbari-Khanapara Urban,19.6,1458.2,85.0,380.0,750.0,15.0,0.95,644.3,0.595,3,3,0.3442,1,0.4338,1,111.2,3.16
NH-10 (Siliguri-Gangtok),43.3,1503.8,5.8,71.0,230.3,17.9,0.95,1561.5,0.532,4,3,0.7571,1,0.0688,0,0.0,3.03
NH-15 (North Bank Brahmaputra),58.0,1549.7,0.5,0.7,0.9,52.0,0.266,1565.5,0.624,1,5,0.1618,0,0.0256,0,0.0,1.38
NH-10 (Siliguri-Gangtok),17.1,844.7,0.9,1.1,1.3,45.6,0.352,1138.6,0.594,1,1,0.026,0,0.0361,0,0.0,1.69
Guwahati-Jalukbari-Khanapara Urban,57.0,378.0,1.3,2.7,5.2,48.4,0.202,239.1,0.568,0,5,0.1502,0,0.0953,0,0.0,1.42
Guwahati-Jalukbari-Khanapara Urban,32.5,2135.3,1.9,3.0,4.7,35.7,0.149,1610.4,0.58,2,1,0.0822,0,0.0299,0,0.0,1.81
NH-15 (North Bank Brahmaputra),52.4,814.2,2.2,4.5,8.6,36.1,0.203,1039.4,0.763,3,1,0.1663,0,0.0364,0,0.0,2.0
NH-06 (Guwahati-Shillong),48.6,1600.6,1.6,2.3,2.6,26.9,0.302,1105.3,0.333,5,5,0.1871,0,0.0286,0,0.0,1.44
NH-27 (East-West Corridor),39.4,1657.3,0.9,2.3,4.5,48.7,0.376,510.8,0.493,2,4,0.1481,0,0.0561,0,0.0,1.53
NH-15 (North Bank Brahmaputra),46.8,1478.5,56.3,301.4,656.8,48.2,0.95,1841.4,0.611,2,3,0.7915,0,0.3172,0,0.0,3.36
NH-27 (East-West Corridor),52.8,928.9,0.2,0.3,0.3,30.7,0.159,1183.9,0.265,2,5,0.1591,0,0.0265,0,0.0,1.38
NH-37 (Silchar-Imphal),32.4,851.5,1.3,3.4,5.8,28.2,0.311,245.6,0.799,4,4,0.0852,0,0.0977,1,5.0,1.47
NH-37 (Silchar-Imphal),29.1,1455.7,3.0,8.2,14.9,44.5,0.209,569.1,0.596,5,5,0.0699,0,0.0475,0,0.0,1.2
Guwahati-Jalukbari-Khanapara Urban,43.7,1952.3,0.1,0.4,0.4,16.0,0.273,1889.9,0.722,2,3,0.1332,0,0.0257,0,0.0,1.62
NH-10 (Siliguri-Gangtok),49.7,2101.5,2.4,4.1,8.2,49.4,0.158,188.7,0.752,3,5,0.1524,0,0.1116,0,0.0,1.45
NH-10 (Siliguri-Gangtok),47.8,545.9,3.4,8.6,14.9,32.8,0.393,2753.9,0.624,2,4,0.1722,0,0.0262,0,0.0,1.55
NH-06 (Guwahati-Shillong),49.3,636.4,2.2,3.2,4.4,32.7,0.356,1059.5,0.148,1,5,0.1786,0,0.0301,0,0.0,1.42
NH-37 (Silchar-Imphal),33.7,2097.8,20.0,129.8,420.3,41.8,0.95,948.4,0.577,1,2,0.6693,1,0.3219,1,52.1,3.63
NH-06 (Guwahati-Shillong),50.2,1712.6,46.5,306.9,750.0,40.8,0.95,402.4,0.588,2,3,0.7952,1,0.5519,0,0.0,3.6
NH-27 (East-West Corridor),20.2,1983.5,0.8,2.1,2.7,25.6,0.193,378.9,0.354,4,4,0.0298,0,0.0667,0,0.0,1.28
Guwahati-Jalukbari-Khanapara Urban,38.4,724.9,0.5,0.8,1.2,52.7,0.145,2428.7,0.228,2,3,0.135,0,0.0259,0,0.0,1.62
NH-10 (Siliguri-Gangtok),15.2,1437.0,68.5,287.5,750.0,54.5,0.95,433.4,0.633,2,4,0.3096,0,0.5276,0,0.0,2.35
NH-37 (Silchar-Imphal),29.0,1647.1,20.4,184.2,433.8,36.0,0.95,1345.1,0.325,3,5,0.5841,0,0.2982,1,83.7,3.21
NH-37 (Silchar-Imphal),30.8,1608.2,0.7,1.0,1.5,37.5,0.366,549.5,0.88,2,4,0.07,0,0.0513,0,0.0,1.35
NH-15 (North Bank Brahmaputra),32.0,1105.1,16.3,111.0,333.6,37.2,0.95,270.0,0.597,2,2,0.6398,0,0.5041,0,0.0,3.36
Guwahati-Jalukbari-Khanapara Urban,44.9,378.5,65.6,380.0,750.0,34.4,0.95,158.6,0.793,0,1,0.7557,1,0.74,1,132.6,4.67
Guwahati-Jalukbari-Khanapara Urban,31.7,1428.4,0.7,2.0,2.6,52.8,0.317,778.7,0.556,1,2,0.0867,0,0.0436,0,0.0,1.68
NH-15 (North Bank Brahmaputra),34.3,818.2,12.5,84.4,239.8,24.8,0.95,3126.4,0.685,4,4,0.6638,0,0.1018,0,0.0,2.71
NH-37 (Silchar-Imphal),25.2,1183.0,5.7,38.8,190.9,19.3,0.855,518.5,0.56,2,1,0.2912,0,0.089,1,25.3,2.52
NH-37 (Silchar-Imphal),31.0,2121.5,19.7,128.5,440.8,52.2,0.95,503.5,0.731,2,2,0.6221,0,0.4438,1,70.8,3.79
NH-10 (Siliguri-Gangtok),24.8,1088.2,1.5,1.7,3.3,23.5,0.151,487.4,0.183,1,2,0.04,0,0.0586,0,0.0,1.6
NH-10 (Siliguri-Gangtok),18.1,1903.6,4.5,5.4,10.7,45.0,0.358,738.1,0.71,1,4,0.0252,0,0.042,0,0.0,1.25
Guwahati-Jalukbari-Khanapara Urban,40.9,698.8,0.9,1.5,2.9,23.2,0.176,614.8,0.67,3,1,0.1316,0,0.0507,0,0.0,1.94
NH-27 (East-West Corridor),43.7,1594.1,3.9,6.6,9.9,53.4,0.314,1845.6,0.522,1,1,0.1698,0,0.0321,0,0.0,2.01
NH-27 (East-West Corridor),41.6,2157.5,16.6,120.0,287.4,46.6,0.95,713.4,0.476,2,3,0.7754,1,0.3214,0,0.0,3.32
Guwahati-Jalukbari-Khanapara Urban,34.9,538.5,10.7,96.2,266.7,51.7,0.95,717.0,0.496,1,2,0.699,1,0.2151,1,41.4,3.51
Guwahati-Jalukbari-Khanapara Urban,31.3,365.4,55.3,234.9,685.2,53.0,0.95,269.1,0.601,3,2,0.6514,1,0.6544,1,106.8,4.21
NH-06 (Guwahati-Shillong),52.1,1152.1,29.6,156.1,475.1,18.4,0.95,3397.5,0.769,3,2,0.7851,1,0.2932,0,0.0,3.47
NH-27 (East-West Corridor),37.3,521.4,3.0,5.2,5.7,32.3,0.213,380.1,0.454,3,3,0.1239,1,0.0724,0,0.0,1.64
NH-37 (Silchar-Imphal),35.6,1734.5,29.0,214.3,674.6,40.9,0.95,211.0,0.244,3,1,0.7482,1,0.7013,0,0.0,3.94
NH-06 (Guwahati-Shillong),16.1,2041.9,7.7,81.5,303.5,47.1,0.95,1020.5,0.88,3,5,0.2923,0,0.1022,0,0.0,1.74
NH-06 (Guwahati-Shillong),29.7,1152.9,0.7,1.4,2.0,24.7,0.398,873.8,0.671,6,2,0.0797,0,0.039,0,0.0,1.66
NH-15 (North Bank Brahmaputra),31.3,828.6,15.9,101.9,347.3,51.6,0.95,579.1,0.48,7,5,0.6643,1,0.2716,0,0.0,2.73
Guwahati-Jalukbari-Khanapara Urban,32.1,1153.6,4.0,8.0,14.7,23.8,0.435,588.8,0.764,3,4,0.0895,0,0.05,0,0.0,1.4
NH-10 (Siliguri-Gangtok),39.9,1688.4,11.2,107.6,296.9,49.6,0.95,1379.9,0.718,2,4,0.7448,1,0.1767,0,0.0,2.96
NH-06 (Guwahati-Shillong),37.9,366.8,1.0,2.8,5.4,35.5,0.122,324.2,0.639,4,2,0.1214,0,0.084,0,0.0,1.8
Guwahati-Jalukbari-Khanapara Urban,41.1,1440.5,3.7,7.2,10.9,35.6,0.195,1523.0,0.464,3,4,0.1435,1,0.0269,0,0.0,1.49
NH-06 (Guwahati-Shillong),47.9,1484.6,13.8,99.6,253.6,30.0,0.95,987.0,0.67,7,4,0.7947,1,0.1828,0,0.0,3.08
NH-15 (North Bank Brahmaputra),50.0,1529.7,10.4,94.0,342.0,19.1,0.95,584.4,0.746,3,3,0.7779,1,0.2147,0,0.0,3.22
NH-10 (Siliguri-Gangtok),45.9,797.7,0.5,1.1,2.0,28.9,0.186,640.0,0.24,4,3,0.1723,0,0.0446,0,0.0,1.72
Guwahati-Jalukbari-Khanapara Urban,56.1,1671.0,0.7,1.5,2.9,32.1,0.301,387.3,0.59,1,2,0.1664,0,0.075,0,0.0,1.89
NH-10 (Siliguri-Gangtok),15.8,519.1,1.4,3.4,4.3,34.2,0.315,1265.8,0.604,2,3,0.0229,0,0.0303,0,0.0,1.38
NH-10 (Siliguri-Gangtok),23.4,718.7,10.8,103.1,328.7,44.6,0.95,725.4,0.598,4,2,0.4603,0,0.2387,0,0.0,2.7
NH-37 (Silchar-Imphal),15.3,1973.3,14.5,110.7,252.1,29.1,0.95,459.5,0.558,3,5,0.2956,0,0.3344,0,0.0,1.98
NH-10 (Siliguri-Gangtok),42.8,1716.6,18.7,156.8,356.1,31.3,0.95,875.2,0.763,0,4,0.7306,0,0.3413,1,54.2,3.5
NH-10 (Siliguri-Gangtok),53.6,375.4,0.8,1.0,1.8,51.2,0.121,4515.7,0.512,4,1,0.1838,0,0.0282,0,0.0,2.03
NH-10 (Siliguri-Gangtok),25.5,809.5,30.1,155.9,472.9,45.1,0.95,607.1,0.549,2,3,0.4846,0,0.4424,1,77.2,3.38
NH-27 (East-West Corridor),54.9,746.7,2.9,3.8,4.3,15.9,0.146,2177.5,0.607,1,3,0.1385,0,0.0249,0,0.0,1.63
NH-37 (Silchar-Imphal),17.6,851.0,8.3,63.6,213.9,47.5,0.927,488.5,0.518,3,1,0.3124,0,0.1478,0,0.0,2.43
NH-27 (East-West Corridor),55.2,808.0,1.4,3.0,5.5,54.6,0.409,195.0,0.301,3,4,0.2175,0,0.1218,0,0.0,1.75
NH-10 (Siliguri-Gangtok),30.1,465.7,2.1,3.6,5.7,52.6,0.225,332.8,0.589,2,2,0.0732,0,0.0873,0,0.0,1.7
NH-27 (East-West Corridor),19.4,1199.0,22.8,162.2,466.3,48.4,0.95,584.0,0.591,4,3,0.3836,0,0.4492,0,0.0,2.59
Guwahati-Jalukbari-Khanapara Urban,35.9,1705.6,2.5,5.4,10.4,40.2,0.379,348.4,0.484,4,3,0.1372,0,0.0821,0,0.0,1.68
NH-15 (North Bank Brahmaputra),26.0,1472.5,32.2,170.2,453.6,26.1,0.95,150.2,0.526,1,3,0.4695,0,0.7146,1,119.3,3.72
NH-15 (North Bank Brahmaputra),27.2,1594.8,28.8,180.5,615.1,41.2,0.95,2122.1,0.08,4,3,0.5911,0,0.3035,0,0.0,2.9
NH-15 (North Bank Brahmaputra),28.2,500.1,9.1,23.7,33.6,42.8,0.46,1635.7,0.768,5,4,0.086,0,0.033,0,0.0,1.37
NH-27 (East-West Corridor),49.5,2110.3,1.3,2.7,5.1,26.3,0.268,1234.7,0.712,9,2,0.1762,0,0.0314,0,0.0,1.87
Guwahati-Jalukbari-Khanapara Urban,38.2,1901.2,9.4,95.3,283.5,25.2,0.95,297.0,0.309,3,3,0.7491,1,0.3374,0,0.0,3.28
NH-06 (Guwahati-Shillong),28.4,1839.4,9.0,66.2,195.8,30.9,0.932,252.6,0.428,4,4,0.5077,1,0.2174,0,0.0,2.48
NH-37 (Silchar-Imphal),41.2,1872.5,1.2,2.0,3.9,40.6,0.172,206.0,0.811,4,2,0.1383,0,0.1192,0,0.0,1.87
NH-15 (North Bank Brahmaputra),45.8,2075.5,0.8,1.2,2.1,26.7,0.124,1180.0,0.342,5,1,0.173,1,0.0323,0,0.0,2.01
NH-27 (East-West Corridor),26.7,1356.9,11.8,96.4,295.7,37.2,0.95,2263.9,0.636,6,4,0.5279,0,0.1319,0,0.0,2.44
NH-06 (Guwahati-Shillong),32.8,720.5,29.1,133.5,341.7,51.0,0.95,600.4,0.461,6,3,0.7056,1,0.4252,0,0.0,3.27
NH-10 (Siliguri-Gangtok),20.2,1491.0,0.2,0.4,0.6,26.8,0.255,251.5,0.624,6,4,0.03,0,0.0934,0,0.0,1.31
Guwahati-Jalukbari-Khanapara Urban,22.8,1724.3,0.1,0.2,0.2,53.6,0.283,724.6,0.559,3,2,0.0402,0,0.0454,0,0.0,1.58
NH-15 (North Bank Brahmaputra),44.3,1715.1,47.5,220.2,588.9,33.9,0.95,493.2,0.499,4,4,0.7926,1,0.4877,0,0.0,3.38
NH-27 (East-West Corridor),22.8,1314.7,19.1,129.6,457.4,19.0,0.95,525.8,0.62,6,1,0.44,0,0.433,0,0.0,3.0
NH-06 (Guwahati-Shillong),37.6,476.6,20.3,157.6,361.6,17.2,0.95,926.9,0.461,3,5,0.7203,1,0.318,0,0.0,2.9
NH-15 (North Bank Brahmaputra),45.5,1036.6,47.8,268.5,737.6,28.5,0.95,1164.7,0.229,4,4,0.8085,1,0.3298,1,87.2,3.91
NH-06 (Guwahati-Shillong),19.6,2053.4,9.6,80.9,332.5,25.4,0.95,243.8,0.383,0,3,0.3327,1,0.3002,1,34.3,2.59
NH-37 (Silchar-Imphal),39.4,1431.2,0.7,0.9,1.7,48.7,0.193,179.0,0.361,3,3,0.1441,0,0.1256,0,0.0,1.74
NH-10 (Siliguri-Gangtok),26.0,1345.9,61.9,380.0,750.0,44.5,0.95,4288.1,0.261,1,3,0.5109,0,0.3068,0,0.0,2.73
NH-37 (Silchar-Imphal),56.4,847.4,0.2,0.3,0.5,50.4,0.273,361.9,0.616,5,2,0.2019,1,0.0809,0,0.0,1.97
NH-27 (East-West Corridor),35.8,1031.6,24.9,215.1,455.2,38.6,0.95,194.3,0.519,2,3,0.7103,1,0.6897,1,82.9,4.17
NH-10 (Siliguri-Gangtok),49.7,2006.4,0.1,0.2,0.4,32.4,0.32,318.5,0.614,5,3,0.1858,0,0.0839,0,0.0,1.79
NH-27 (East-West Corridor),38.7,1583.0,1.6,4.8,9.5,25.8,0.344,181.8,0.644,3,5,0.1283,0,0.1147,0,0.0,1.4
Guwahati-Jalukbari-Khanapara Urban,16.9,1806.7,15.4,86.1,317.9,38.3,0.95,547.8,0.686,1,4,0.2928,1,0.2203,0,0.0,2.01
NH-27 (East-West Corridor),42.2,1190.5,21.4,136.6,362.9,39.7,0.95,1447.2,0.623,3,3,0.7749,1,0.2816,0,0.0,3.28
NH-15 (North Bank Brahmaputra),55.9,1516.0,0.9,2.2,4.4,30.7,0.187,483.9,0.374,1,4,0.1572,1,0.0543,0,0.0,1.55
NH-10 (Siliguri-Gangtok),40.9,809.5,13.9,82.5,196.3,52.5,0.95,619.9,0.654,4,1,0.7669,0,0.2095,0,0.0,3.49
NH-27 (East-West Corridor),50.2,1655.1,3.7,5.8,6.8,40.6,0.223,1050.6,0.59,3,3,0.1704,0,0.0334,0,0.0,1.71
NH-37 (Silchar-Imphal),53.0,1141.1,3.0,4.8,7.8,48.5,0.399,718.9,0.88,5,3,0.1991,0,0.0454,0,0.0,1.78
NH-06 (Guwahati-Shillong),24.8,1168.7,57.8,344.3,750.0,39.8,0.95,1731.2,0.551,1,5,0.4382,0,0.2936,1,84.7,2.89
NH-27 (East-West Corridor),24.1,1551.2,0.9,1.3,1.6,27.7,0.127,1758.1,0.619,7,3,0.0383,0,0.0257,0,0.0,1.41
NH-10 (Siliguri-Gangtok),41.3,2082.1,15.2,88.0,278.9,44.5,0.95,158.0,0.533,3,1,0.7814,1,0.4941,0,0.0,3.81
NH-37 (Silchar-Imphal),32.7,468.4,1.0,2.1,3.5,24.2,0.262,1354.2,0.559,3,1,0.0912,0,0.0316,0,0.0,1.83
NH-15 (North Bank Brahmaputra),51.1,1875.8,51.6,283.7,750.0,38.9,0.95,644.0,0.547,4,4,0.8096,1,0.4311,0,0.0,3.36
NH-10 (Siliguri-Gangtok),53.7,890.9,8.9,79.9,256.2,31.1,0.95,3746.4,0.472,2,2,0.7941,1,0.0915,0,0.0,3.29
Guwahati-Jalukbari-Khanapara Urban,30.2,1171.3,1.8,2.9,4.7,21.0,0.136,678.1,0.582,4,4,0.0642,0,0.0398,0,0.0,1.33
NH-06 (Guwahati-Shillong),25.2,390.5,7.6,22.4,30.6,31.5,0.29,3617.9,0.662,2,3,0.049,0,0.0298,0,0.0,1.44
NH-37 (Silchar-Imphal),48.6,906.9,55.7,273.9,679.6,27.4,0.95,1273.8,0.474,1,2,0.7858,0,0.3444,0,0.0,3.52
NH-06 (Guwahati-Shillong),26.8,1279.9,43.4,239.3,682.3,19.5,0.95,378.7,0.7,2,4,0.4738,0,0.5424,1,84.5,3.36
NH-27 (East-West Corridor),50.4,453.9,1.0,1.3,2.5,48.0,0.154,768.4,0.679,2,3,0.1533,0,0.0397,0,0.0,1.68
NH-06 (Guwahati-Shillong),33.2,1258.5,1.4,2.1,2.4,34.9,0.262,4026.3,0.392,3,4,0.0975,0,0.0244,0,0.0,1.39
NH-27 (East-West Corridor),43.7,2065.2,0.9,1.8,2.7,28.9,0.254,1708.9,0.377,1,4,0.1438,0,0.0254,0,0.0,1.49
NH-15 (North Bank Brahmaputra),19.1,545.0,8.5,22.9,29.2,35.2,0.448,232.0,0.631,5,4,0.0396,0,0.1224,0,0.0,1.36
NH-37 (Silchar-Imphal),41.8,1764.2,2.5,3.4,5.3,45.2,0.209,1130.4,0.444,1,4,0.1385,1,0.0302,0,0.0,1.48
NH-10 (Siliguri-Gangtok),34.4,1107.9,1.2,1.4,2.7,15.7,0.244,489.2,0.362,2,4,0.0946,0,0.0532,0,0.0,1.41
NH-37 (Silchar-Imphal),40.2,1562.1,9.4,81.4,260.2,36.9,0.95,155.6,0.859,5,4,0.7484,1,0.364,0,0.0,3.16
NH-10 (Siliguri-Gangtok),22.2,831.4,12.7,86.8,344.8,34.2,0.95,563.3,0.376,3,5,0.4121,0,0.1931,0,0.0,2.1
NH-15 (North Bank Brahmaputra),46.7,645.1,65.7,288.6,750.0,50.7,0.95,364.0,0.276,4,1,0.8334,1,0.6049,0,0.0,4.03
NH-10 (Siliguri-Gangtok),52.1,646.9,35.4,213.1,500.4,37.2,0.95,1516.8,0.409,2,5,0.7976,0,0.298,0,0.0,3.05
NH-06 (Guwahati-Shillong),24.3,480.4,13.6,89.3,253.3,20.5,0.95,479.2,0.592,5,2,0.4611,0,0.2587,0,0.0,2.72
NH-10 (Siliguri-Gangtok),19.1,693.4,30.9,172.0,511.0,30.5,0.95,1556.0,0.563,2,2,0.3483,0,0.3217,0,0.0,2.53
Guwahati-Jalukbari-Khanapara Urban,16.0,1578.8,30.5,194.5,622.1,39.8,0.95,150.5,0.88,3,4,0.2963,0,0.7126,1,111.0,3.18
Guwahati-Jalukbari-Khanapara Urban,42.6,1981.1,22.2,145.9,339.6,16.8,0.95,444.3,0.412,0,3,0.7466,0,0.4806,0,0.0,3.42
NH-06 (Guwahati-Shillong),41.1,1856.1,30.3,222.5,637.8,50.4,0.95,370.8,0.593,5,3,0.7943,1,0.573,1,95.7,4.29
NH-06 (Guwahati-Shillong),38.5,1617.5,5.8,7.3,10.6,17.7,0.268,362.8,0.753,4,2,0.128,1,0.0802,0,0.0,1.81
NH-37 (Silchar-Imphal),25.0,554.3,42.6,217.3,462.1,16.2,0.95,206.5,0.431,2,2,0.4601,1,0.6848,1,113.9,3.82
Guwahati-Jalukbari-Khanapara Urban,31.8,885.0,36.4,259.1,531.5,15.1,0.95,315.7,0.677,1,1,0.6029,1,0.6196,0,0.0,3.54
NH-15 (North Bank Brahmaputra),40.6,923.1,13.4,122.0,323.8,42.3,0.95,798.7,0.22,3,2,0.794,0,0.3038,0,0.0,3.5
Guwahati-Jalukbari-Khanapara Urban,36.4,812.4,9.3,79.8,209.6,33.2,0.915,425.5,0.867,4,3,0.677,1,0.2033,1,38.4,3.28
NH-10 (Siliguri-Gangtok),57.5,1302.8,24.8,190.6,439.0,19.1,0.95,582.2,0.729,6,4,0.8003,1,0.4374,0,0.0,3.34
NH-37 (Silchar-Imphal),20.9,1340.8,43.2,324.1,728.3,49.2,0.95,528.4,0.427,3,4,0.4052,0,0.4795,0,0.0,2.52
NH-37 (Silchar-Imphal),44.9,1010.2,2.2,4.2,7.5,23.1,0.126,1819.4,0.699,3,3,0.1353,0,0.0257,0,0.0,1.62
NH-37 (Silchar-Imphal),32.4,1004.5,18.7,108.4,344.2,28.1,0.95,2035.6,0.786,3,5,0.6177,1,0.1819,0,0.0,2.54
NH-27 (East-West Corridor),33.4,1882.8,0.6,1.4,2.8,22.1,0.408,693.3,0.318,3,2,0.1121,1,0.0462,1,6.3,1.79
NH-10 (Siliguri-Gangtok),45.9,1810.2,56.4,248.3,750.0,52.1,0.95,470.6,0.442,1,1,0.801,0,0.5477,0,0.0,3.9
NH-06 (Guwahati-Shillong),44.8,919.4,2.8,41.2,177.3,45.3,0.798,240.4,0.792,2,5,0.5788,0,0.136,0,0.0,2.41
NH-15 (North Bank Brahmaputra),57.6,2040.5,1.5,4.0,5.5,44.0,0.319,2603.0,0.562,3,3,0.1902,0,0.0269,0,0.0,1.75
NH-37 (Silchar-Imphal),20.5,2112.7,0.1,0.1,0.1,16.8,0.154,199.7,0.629,4,5,0.0252,0,0.1,0,0.0,1.15
NH-10 (Siliguri-Gangtok),19.5,954.5,26.2,209.4,692.6,35.9,0.95,432.7,0.563,3,3,0.3643,1,0.5298,1,77.0,3.2
NH-15 (North Bank Brahmaputra),46.1,1005.7,2.4,3.2,4.1,38.0,0.358,433.1,0.71,1,4,0.1518,0,0.0639,0,0.0,1.55
NH-10 (Siliguri-Gangtok),39.9,1285.4,1.1,3.2,3.6,30.3,0.37,459.0,0.642,3,1,0.1503,0,0.0695,0,0.0,2.0
NH-10 (Siliguri-Gangtok),26.8,2091.1,12.9,74.9,242.8,27.9,0.95,293.6,0.569,4,4,0.4952,0,0.2545,1,43.8,2.82
Guwahati-Jalukbari-Khanapara Urban,18.4,1971.2,1.1,1.2,2.1,49.1,0.131,1372.9,0.172,5,2,0.0326,0,0.0301,0,0.0,1.55
NH-15 (North Bank Brahmaputra),18.7,539.8,1.3,3.6,4.3,15.9,0.219,254.5,0.665,6,1,0.0272,0,0.1057,0,0.0,1.76
NH-06 (Guwahati-Shillong),53.5,1076.6,50.1,380.0,750.0,40.0,0.95,956.1,0.681,1,1,0.7935,1,0.3979,0,0.0,3.74
NH-37 (Silchar-Imphal),3.1,164.7,0.4,0.9,1.7,30.8,0.164,465.9,0.327,2,3,0.0171,0,0.0704,0,0.0,1.41
NH-06 (Guwahati-Shillong),2.2,199.4,0.2,0.5,0.9,41.6,0.239,426.9,0.339,2,2,0.0192,0,0.0722,0,0.0,1.56
NH-06 (Guwahati-Shillong),16.5,80.6,9.0,59.3,211.3,22.9,0.905,55.2,0.643,2,5,0.2312,0,0.6919,0,0.0,2.19
Guwahati-Jalukbari-Khanapara Urban,4.2,197.8,20.4,99.4,318.4,24.5,0.95,915.4,0.585,7,4,0.2718,0,0.2304,1,60.2,2.43
NH-06 (Guwahati-Shillong),15.0,55.5,21.8,118.1,392.0,38.5,0.95,314.1,0.195,4,4,0.3486,0,0.855,1,125.6,3.44
NH-06 (Guwahati-Shillong),10.3,200.5,23.0,133.3,428.7,54.2,0.95,178.2,0.402,2,4,0.2961,1,0.6625,1,91.1,3.13
NH-10 (Siliguri-Gangtok),2.3,102.6,85.0,380.0,750.0,54.0,0.95,514.5,0.606,3,5,0.2685,0,0.7374,1,159.8,3.0
NH-10 (Siliguri-Gangtok),17.2,100.1,0.5,0.8,1.2,25.0,0.156,124.1,0.672,2,4,0.0197,0,0.3443,0,0.0,1.53
NH-37 (Silchar-Imphal),5.2,134.6,0.8,1.4,2.2,19.1,0.294,433.9,0.445,3,5,0.0177,0,0.094,0,0.0,1.13
NH-27 (East-West Corridor),15.6,209.6,0.1,0.1,0.2,38.6,0.383,34.2,0.523,2,5,0.0236,0,0.2074,0,0.0,1.26
NH-37 (Silchar-Imphal),3.9,53.4,1.9,5.2,7.4,31.8,0.41,660.1,0.392,1,2,0.0204,0,0.2391,1,21.4,1.89
NH-37 (Silchar-Imphal),15.5,106.6,82.4,380.0,750.0,45.5,0.95,228.1,0.788,1,2,0.2929,0,0.8599,1,157.9,3.62
NH-10 (Siliguri-Gangtok),1.2,194.9,44.2,310.5,750.0,36.1,0.95,374.4,0.581,5,3,0.2849,1,0.5818,1,92.2,3.18
NH-06 (Guwahati-Shillong),9.7,114.3,1.8,4.8,6.2,35.4,0.195,107.5,0.43,3,2,0.0203,0,0.3326,0,0.0,1.82
Guwahati-Jalukbari-Khanapara Urban,14.1,79.9,57.5,380.0,750.0,40.9,0.95,415.6,0.342,6,2,0.3549,1,0.8528,1,138.0,3.75
NH-15 (North Bank Brahmaputra),16.9,119.3,5.8,6.8,8.0,20.1,0.421,537.8,0.322,1,4,0.0257,0,0.113,0,0.0,1.32
NH-37 (Silchar-Imphal),16.5,112.5,0.0,0.0,0.0,42.1,0.123,244.3,0.876,3,3,0.0198,0,0.2203,0,0.0,1.56
NH-27 (East-West Corridor),14.9,205.2,53.4,237.1,632.1,34.5,0.95,356.6,0.519,4,3,0.3254,0,0.5865,0,0.0,2.6
NH-37 (Silchar-Imphal),16.1,178.3,0.9,1.8,3.1,47.8,0.147,233.3,0.478,4,5,0.0234,0,0.1062,0,0.0,1.16
NH-06 (Guwahati-Shillong),4.4,133.4,0.1,0.4,0.5,20.5,0.191,805.8,0.512,2,4,0.0155,0,0.0593,0,0.0,1.24
NH-37 (Silchar-Imphal),5.8,218.0,0.7,1.4,2.8,27.0,0.279,261.1,0.437,1,3,0.0173,0,0.0988,0,0.0,1.44
NH-06 (Guwahati-Shillong),5.9,126.4,0.8,1.1,1.5,53.0,0.194,665.4,0.531,3,2,0.0196,0,0.0895,0,0.0,1.58
NH-06 (Guwahati-Shillong),7.4,55.2,25.7,163.3,435.0,37.1,0.95,585.7,0.556,3,2,0.2823,1,0.8352,1,100.0,3.57
Guwahati-Jalukbari-Khanapara Urban,7.7,90.9,23.4,191.6,552.1,52.2,0.95,205.0,0.553,4,2,0.3062,0,0.8977,0,0.0,3.01
Guwahati-Jalukbari-Khanapara Urban,10.3,121.3,2.8,7.9,15.8,42.6,0.218,111.5,0.323,2,1,0.0223,0,0.3187,0,0.0,1.96
NH-15 (North Bank Brahmaputra),3.7,72.5,0.6,0.8,1.0,52.1,0.263,202.4,0.711,6,2,0.021,0,0.4186,0,0.0,1.91
NH-15 (North Bank Brahmaputra),12.8,210.8,52.1,298.6,620.0,27.7,0.95,632.5,0.45,4,4,0.3038,1,0.4385,0,0.0,2.25
NH-37 (Silchar-Imphal),3.8,179.2,27.2,193.2,557.9,18.6,0.95,110.4,0.431,5,4,0.2794,0,0.7596,1,86.7,3.17
NH-15 (North Bank Brahmaputra),6.3,92.0,0.9,1.0,1.2,47.1,0.261,280.1,0.423,3,3,0.0205,0,0.2825,0,0.0,1.62
Guwahati-Jalukbari-Khanapara Urban,9.6,148.4,16.0,17.1,33.2,47.2,0.495,594.1,0.361,1,5,0.0261,0,0.0813,0,0.0,1.14
NH-27 (East-West Corridor),14.5,171.3,12.1,117.6,398.9,39.8,0.95,172.7,0.598,1,2,0.2938,0,0.626,0,0.0,2.72
NH-10 (Siliguri-Gangtok),13.6,209.7,17.5,108.9,355.5,38.2,0.95,379.7,0.711,3,3,0.2925,0,0.424,1,61.4,2.82
NH-15 (North Bank Brahmaputra),12.0,199.3,2.4,2.4,3.2,51.6,0.201,118.7,0.42,3,1,0.0232,0,0.18,0,0.0,1.83
NH-37 (Silchar-Imphal),3.6,135.2,35.0,192.4,587.9,22.1,0.95,60.5,0.218,6,5,0.292,0,0.8525,1,120.4,3.16
NH-15 (North Bank Brahmaputra),10.3,180.6,1.0,1.9,3.6,39.7,0.216,573.6,0.365,1,3,0.019,0,0.0561,0,0.0,1.4
Guwahati-Jalukbari-Khanapara Urban,2.5,143.4,1.3,2.4,3.6,17.0,0.219,56.5,0.469,3,2,0.0174,0,0.2715,1,32.1,2.0
NH-27 (East-West Corridor),7.4,141.7,1.1,1.4,2.2,20.6,0.237,130.8,0.328,6,2,0.0215,0,0.2148,1,38.9,2.0
NH-10 (Siliguri-Gangtok),8.0,65.1,20.0,125.2,455.5,32.5,0.95,696.1,0.442,5,4,0.2987,0,0.7338,1,105.6,3.21
NH-15 (North Bank Brahmaputra),1.7,67.1,1.3,3.0,5.6,47.8,0.373,168.9,0.451,2,1,0.0218,0,0.4851,0,0.0,2.13
NH-27 (East-West Corridor),5.7,137.7,0.7,1.6,2.5,44.3,0.373,1284.8,0.547,4,5,0.0212,0,0.0447,0,0.0,1.09
NH-15 (North Bank Brahmaputra),17.2,92.1,3.0,5.3,9.1,54.0,0.142,1384.6,0.288,2,3,0.0261,0,0.1029,0,0.0,1.46
NH-37 (Silchar-Imphal),17.2,48.7,77.6,363.5,750.0,16.8,0.95,129.3,0.654,2,2,0.3054,0,0.948,1,159.5,3.74
NH-10 (Siliguri-Gangtok),7.0,171.5,1.1,2.2,2.4,30.3,0.13,34.6,0.849,1,2,0.0141,0,0.2432,1,19.0,1.86
NH-15 (North Bank Brahmaputra),1.7,50.7,2.2,6.1,10.0,21.4,0.376,447.3,0.807,3,3,0.0177,0,0.2961,0,0.0,1.63
Guwahati-Jalukbari-Khanapara Urban,4.0,149.2,0.1,0.2,0.5,16.5,0.285,229.9,0.445,2,3,0.0171,0,0.1399,0,0.0,1.48
NH-06 (Guwahati-Shillong),7.7,139.4,15.8,106.5,262.2,25.6,0.95,57.2,0.67,6,3,0.2769,0,0.7595,1,113.8,3.34
NH-15 (North Bank Brahmaputra),17.1,214.5,0.1,0.1,0.2,24.8,0.285,450.3,0.649,5,3,0.0258,0,0.063,0,0.0,1.42
Guwahati-Jalukbari-Khanapara Urban,3.4,129.7,0.1,0.2,0.2,31.8,0.253,31.1,0.542,3,3,0.0179,0,0.3358,1,30.4,1.9
NH-15 (North Bank Brahmaputra),14.0,56.1,1.9,4.7,9.4,20.6,0.322,734.6,0.582,4,2,0.0235,0,0.2123,0,0.0,1.71
NH-15 (North Bank Brahmaputra),2.8,141.5,5.1,37.8,143.0,34.5,0.719,72.2,0.673,5,3,0.0945,0,0.3372,0,0.0,1.84
NH-06 (Guwahati-Shillong),17.7,192.2,43.3,314.6,750.0,51.8,0.95,67.7,0.709,4,3,0.3541,0,0.808,1,110.1,3.55
NH-27 (East-West Corridor),7.5,219.4,55.5,231.9,750.0,44.9,0.95,87.6,0.404,4,3,0.3053,0,0.7829,0,0.0,2.75
NH-15 (North Bank Brahmaputra),14.2,120.3,32.2,249.1,570.0,48.7,0.95,1148.9,0.685,1,2,0.2926,1,0.5569,1,81.6,3.26
NH-06 (Guwahati-Shillong),6.8,101.1,85.0,380.0,750.0,47.2,0.95,433.5,0.85,4,4,0.2684,0,0.7794,1,163.3,3.19
NH-06 (Guwahati-Shillong),11.7,203.7,1.4,3.5,6.8,30.6,0.299,585.7,0.709,2,4,0.0185,0,0.0498,0,0.0,1.24
NH-27 (East-West Corridor),4.3,78.5,6.4,41.3,147.8,43.4,0.644,197.4,0.827,5,2,0.1024,0,0.505,1,91.2,2.85
NH-15 (North Bank Brahmaputra),3.5,152.7,2.1,2.3,2.5,45.2,0.131,163.5,0.085,2,3,0.0193,0,0.1694,0,0.0,1.51
NH-15 (North Bank Brahmaputra),16.9,116.0,1.9,2.7,5.2,23.2,0.124,113.5,0.657,5,5,0.0215,0,0.2758,0,0.0,1.32
NH-27 (East-West Corridor),16.6,52.2,25.6,201.4,524.6,49.4,0.95,249.3,0.598,6,1,0.3714,1,0.9264,1,119.1,4.01
NH-06 (Guwahati-Shillong),16.1,105.8,5.2,10.7,12.1,33.3,0.239,300.9,0.735,3,4,0.0222,0,0.218,1,29.9,1.64
NH-06 (Guwahati-Shillong),11.6,91.4,1.5,3.9,5.3,15.7,0.288,369.7,0.347,3,3,0.021,0,0.2306,0,0.0,1.57
NH-37 (Silchar-Imphal),14.7,165.1,9.3,19.7,28.2,40.7,0.329,124.0,0.459,2,3,0.0273,0,0.206,0,0.0,1.56
Guwahati-Jalukbari-Khanapara Urban,2.2,211.0,53.9,291.1,738.5,42.1,0.95,1059.2,0.712,5,4,0.2764,1,0.3543,0,0.0,2.11
NH-10 (Siliguri-Gangtok),6.7,91.9,0.2,0.7,1.2,37.1,0.357,85.1,0.359,2,3,0.0208,0,0.4519,0,0.0,1.79
NH-27 (East-West Corridor),6.3,187.0,35.5,268.4,750.0,23.5,0.95,1199.9,0.594,1,2,0.2473,0,0.3686,0,0.0,2.36
NH-27 (East-West Corridor),11.8,54.7,38.3,247.2,750.0,34.3,0.95,25.2,0.547,4,5,0.2918,1,0.9617,1,132.1,3.27
NH-06 (Guwahati-Shillong),7.1,139.2,23.5,123.4,319.8,31.0,0.95,249.6,0.515,4,4,0.2786,0,0.6744,1,88.3,3.09
NH-27 (East-West Corridor),3.5,57.3,2.4,5.6,7.7,54.0,0.359,161.9,0.653,5,3,0.0232,0,0.4917,0,0.0,1.84
Guwahati-Jalukbari-Khanapara Urban,11.1,208.5,26.3,216.9,612.1,48.0,0.95,228.7,0.349,3,3,0.3147,0,0.6758,1,97.3,3.34
NH-15 (North Bank Brahmaputra),14.8,179.1,0.2,0.5,0.9,45.5,0.224,315.9,0.41,1,3,0.0216,0,0.0938,0,0.0,1.44
NH-37 (Silchar-Imphal),7.5,160.1,1.3,1.7,2.8,22.2,0.123,220.2,0.525,1,4,0.0145,0,0.1225,0,0.0,1.3
NH-15 (North Bank Brahmaputra),3.2,189.2,0.2,0.3,0.4,28.2,0.136,207.6,0.334,7,1,0.0201,0,0.1287,0,0.0,1.77
NH-15 (North Bank Brahmaputra),4.3,158.3,18.7,164.9,430.8,30.2,0.95,481.8,0.772,1,4,0.2285,0,0.5312,0,0.0,2.18
NH-37 (Silchar-Imphal),5.0,214.6,3.1,4.7,5.4,34.7,0.25,425.3,0.406,1,1,0.0186,0,0.0757,1,35.4,1.98
NH-06 (Guwahati-Shillong),6.1,169.9,6.6,12.3,14.7,16.2,0.358,647.0,0.692,4,3,0.02,0,0.0571,0,0.0,1.4
NH-15 (North Bank Brahmaputra),11.9,206.8,0.3,0.9,1.8,38.7,0.2,120.7,0.392,2,2,0.0205,0,0.1639,0,0.0,1.66
NH-15 (North Bank Brahmaputra),11.2,135.5,1.5,3.4,4.6,29.3,0.123,349.1,0.677,6,4,0.0185,0,0.1145,0,0.0,1.3
NH-06 (Guwahati-Shillong),12.8,65.5,24.6,188.7,398.7,37.5,0.95,328.0,0.26,5,1,0.3551,1,0.8966,1,101.6,3.94
NH-10 (Siliguri-Gangtok),7.2,137.4,20.0,143.9,408.5,15.4,0.95,181.6,0.804,1,3,0.2253,0,0.7561,0,0.0,2.54
Guwahati-Jalukbari-Khanapara Urban,15.0,67.2,13.1,110.0,255.3,27.9,0.95,253.0,0.754,2,4,0.2731,1,0.8202,1,95.2,3.24
NH-27 (East-West Corridor),4.5,148.7,0.3,0.7,0.8,45.7,0.105,151.8,0.451,1,3,0.0159,0,0.1797,0,0.0,1.51
NH-06 (Guwahati-Shillong),9.0,129.4,1.1,1.5,2.4,35.0,0.202,73.5,0.401,6,1,0.0226,0,0.3142,0,0.0,1.96
NH-10 (Siliguri-Gangtok),14.6,154.0,85.0,380.0,750.0,46.6,0.95,104.2,0.632,3,1,0.3246,1,0.8301,1,170.7,3.81
NH-37 (Silchar-Imphal),4.1,46.8,2.4,3.6,4.1,43.0,0.375,59.0,0.275,2,3,0.0219,0,0.6143,0,0.0,1.96
NH-27 (East-West Corridor),2.9,79.1,36.1,247.4,602.2,49.2,0.95,422.2,0.556,7,1,0.3099,0,0.8605,1,131.2,3.81
NH-15 (North Bank Brahmaputra),16.0,131.0,0.4,0.6,0.9,15.3,0.238,398.3,0.405,1,1,0.0214,0,0.1259,0,0.0,1.77
NH-37 (Silchar-Imphal),6.8,211.3,79.3,380.0,750.0,25.5,0.95,1072.8,0.504,2,3,0.2605,0,0.3581,0,0.0,2.23
NH-37 (Silchar-Imphal),12.6,112.1,0.1,0.3,0.5,37.0,0.263,477.9,0.434,6,2,0.0248,0,0.146,0,0.0,1.65
Guwahati-Jalukbari-Khanapara Urban,1.4,119.3,8.2,16.7,22.6,52.6,0.419,38.7,0.406,2,2,0.025,0,0.4327,0,0.0,1.93
NH-06 (Guwahati-Shillong),12.7,170.1,19.1,119.6,406.8,42.2,0.95,774.7,0.857,2,3,0.2708,0,0.3513,0,0.0,2.24
NH-06 (Guwahati-Shillong),6.4,150.7,85.0,380.0,750.0,33.3,0.95,714.9,0.69,1,2,0.2484,0,0.5146,0,0.0,2.51
NH-06 (Guwahati-Shillong),1.9,97.3,2.7,7.0,13.4,20.2,0.176,225.0,0.284,2,2,0.0178,0,0.3011,0,0.0,1.79
NH-37 (Silchar-Imphal),11.4,116.9,25.8,155.2,363.1,34.7,0.95,328.5,0.392,3,3,0.3011,0,0.7585,1,117.2,3.39
NH-10 (Siliguri-Gangtok),5.1,83.1,13.5,115.4,362.5,32.6,0.95,1326.5,0.704,5,2,0.2829,0,0.5586,1,67.9,3.13
Guwahati-Jalukbari-Khanapara Urban,7.6,214.1,0.2,0.4,0.7,46.1,0.291,286.0,0.724,2,1,0.0191,0,0.1051,0,0.0,1.75
Guwahati-Jalukbari-Khanapara Urban,2.4,67.9,0.2,0.3,0.4,31.5,0.301,845.0,0.301,4,4,0.0206,0,0.1629,0,0.0,1.36
NH-37 (Silchar-Imphal),3.5,110.1,1.6,2.3,4.3,27.8,0.176,50.3,0.676,2,3,0.0153,0,0.3951,1,47.1,2.08
NH-06 (Guwahati-Shillong),6.1,49.5,0.5,1.4,2.6,18.6,0.235,94.2,0.598,4,2,0.0182,0,0.5599,0,0.0,2.04
NH-15 (North Bank Brahmaputra),2.5,83.8,37.8,235.5,712.3,16.9,0.95,223.4,0.2,2,3,0.2675,0,0.8939,1,136.4,3.45
NH-10 (Siliguri-Gangtok),16.5,181.6,1.2,1.3,1.6,32.6,0.303,327.6,0.477,5,5,0.0265,0,0.0821,0,0.0,1.14
NH-06 (Guwahati-Shillong),1.1,80.2,2.4,7.0,10.1,28.9,0.164,612.9,0.525,6,5,0.0179,0,0.169,1,42.1,1.52
Guwahati-Jalukbari-Khanapara Urban,9.2,59.0,2.1,5.5,7.5,37.2,0.401,1575.7,0.559,1,3,0.0203,0,0.1482,0,0.0,1.49
NH-10 (Siliguri-Gangtok),3.1,128.0,0.8,1.2,2.3,43.5,0.118,192.3,0.312,3,1,0.0193,0,0.2205,0,0.0,1.86
NH-27 (East-West Corridor),6.2,46.7,0.6,1.0,1.4,16.6,0.396,37.0,0.413,4,3,0.0213,0,0.6268,1,73.8,2.52
NH-27 (East-West Corridor),16.7,59.8,0.8,2.3,2.9,34.8,0.205,585.4,0.438,3,1,0.0255,0,0.2477,0,0.0,1.9
NH-37 (Silchar-Imphal),3.7,186.3,3.2,5.5,10.4,49.5,0.23,344.6,0.454,5,3,0.0222,0,0.0883,0,0.0,1.44
NH-27 (East-West Corridor),17.4,180.0,28.4,172.6,533.4,33.2,0.95,97.5,0.457,6,5,0.3541,0,0.7605,1,104.0,3.21
NH-15 (North Bank Brahmaputra),4.5,205.1,0.6,1.2,1.6,35.8,0.314,259.0,0.526,5,3,0.0215,0,0.1031,0,0.0,1.45
Guwahati-Jalukbari-Khanapara Urban,13.6,194.5,17.4,115.4,398.7,34.5,0.95,494.6,0.606,4,3,0.3084,0,0.3941,0,0.0,2.37
Guwahati-Jalukbari-Khanapara Urban,10.3,164.6,0.1,0.3,0.4,30.6,0.178,535.0,0.869,4,2,0.0176,0,0.0659,0,0.0,1.55
NH-27 (East-West Corridor),16.0,54.2,2.4,4.7,6.5,19.4,0.41,262.3,0.707,3,1,0.0252,0,0.4244,0,0.0,2.08
NH-37 (Silchar-Imphal),10.4,182.0,1.2,1.2,1.9,20.1,0.369,147.5,0.787,2,5,0.0171,0,0.1393,1,23.5,1.35
NH-37 (Silchar-Imphal),10.1,193.0,2.6,6.9,8.8,22.2,0.193,1293.9,0.463,2,2,0.0184,0,0.0327,0,0.0,1.52
NH-10 (Siliguri-Gangtok),4.3,184.8,23.2,136.9,443.6,46.7,0.95,401.1,0.369,5,2,0.3186,0,0.5441,0,0.0,2.69
NH-27 (East-West Corridor),3.8,134.0,28.1,167.8,413.3,26.0,0.95,203.6,0.694,5,3,0.2718,1,0.7774,1,129.3,3.34
NH-27 (East-West Corridor),16.6,85.8,9.0,77.8,250.9,52.9,0.95,135.2,0.547,3,4,0.3226,1,0.7089,0,0.0,2.56
NH-15 (North Bank Brahmaputra),6.6,192.9,6.7,70.2,204.6,47.4,0.892,479.7,0.681,1,2,0.2167,0,0.1621,0,0.0,2.09
Guwahati-Jalukbari-Khanapara Urban,7.3,172.3,3.3,6.0,9.0,42.4,0.239,117.1,0.391,4,3,0.0218,0,0.181,1,26.0,1.72
NH-27 (East-West Corridor),13.9,216.6,1.2,3.1,5.0,43.8,0.307,85.9,0.667,6,2,0.0256,0,0.1916,1,22.9,1.87
NH-06 (Guwahati-Shillong),6.8,72.2,44.5,304.1,750.0,16.9,0.95,284.1,0.518,4,3,0.2722,0,0.8906,1,143.1,3.46
NH-37 (Silchar-Imphal),17.2,84.5,40.6,265.6,750.0,37.7,0.95,139.9,0.467,4,2,0.3604,0,0.9261,1,133.6,3.83
NH-15 (North Bank Brahmaputra),13.5,82.1,30.8,238.0,731.8,52.6,0.95,367.0,0.484,2,3,0.3116,0,0.8584,1,95.5,3.51
NH-37 (Silchar-Imphal),11.2,183.7,0.1,0.3,0.4,16.6,0.328,63.9,0.638,5,1,0.0222,0,0.22,0,0.0,1.87
NH-15 (North Bank Brahmaputra),16.0,77.7,4.7,10.1,17.3,26.6,0.273,392.4,0.689,2,4,0.0215,0,0.2602,0,0.0,1.45
NH-15 (North Bank Brahmaputra),1.8,56.7,85.0,380.0,750.0,17.1,0.95,136.6,0.484,1,3,0.2387,1,0.9408,1,167.6,3.43
NH-10 (Siliguri-Gangtok),5.4,219.7,0.7,0.9,1.6,37.8,0.303,20.1,0.612,2,5,0.0172,0,0.2146,1,18.7,1.39
NH-27 (East-West Corridor),8.9,49.3,2.5,4.3,8.5,19.6,0.371,67.5,0.611,4,3,0.0208,0,0.5912,1,61.7,2.39
NH-37 (Silchar-Imphal),4.9,191.2,4.3,9.0,13.0,34.2,0.401,969.3,0.683,2,2,0.02,0,0.0417,0,0.0,1.54
NH-27 (East-West Corridor),13.6,108.9,13.0,101.2,328.4,43.8,0.95,727.0,0.728,5,3,0.3168,0,0.4563,0,0.0,2.45
Guwahati-Jalukbari-Khanapara Urban,16.6,192.3,2.3,6.8,10.1,21.6,0.289,113.1,0.876,9,4,0.0233,0,0.1607,1,13.1,1.46
NH-37 (Silchar-Imphal),8.2,142.1,74.5,305.1,750.0,45.2,0.95,547.4,0.466,2,3,0.2822,0,0.5896,1,120.7,3.18
NH-27 (East-West Corridor),6.8,202.8,0.5,0.5,0.6,17.4,0.155,348.3,0.813,3,3,0.0148,0,0.0764,0,0.0,1.41
NH-27 (East-West Corridor),17.3,207.1,38.4,227.0,464.7,21.0,0.95,1258.0,0.571,0,2,0.2955,0,0.3512,0,0.0,2.45
NH-15 (North Bank Brahmaputra),8.6,46.6,24.6,205.5,447.6,26.2,0.95,183.7,0.353,2,4,0.271,0,0.9303,1,129.0,3.34
NH-10 (Siliguri-Gangtok),9.3,58.2,2.7,4.1,5.9,46.8,0.301,420.4,0.433,6,5,0.0234,0,0.2793,0,0.0,1.33
NH-37 (Silchar-Imphal),7.0,88.8,51.4,363.8,750.0,49.0,0.95,43.0,0.634,4,2,0.2957,0,0.949,1,136.8,3.72
NH-06 (Guwahati-Shillong),16.5,162.1,0.2,0.4,0.5,23.8,0.195,196.6,0.68,1,4,0.0184,0,0.1315,1,31.3,1.56
NH-15 (North Bank Brahmaputra),10.7,200.4,3.4,4.7,8.6,18.8,0.139,1181.7,0.367,1,1,0.0177,0,0.0344,0,0.0,1.67
NH-37 (Silchar-Imphal),14.0,125.5,57.6,349.7,750.0,48.9,0.95,291.0,0.413,2,2,0.3221,1,0.7789,1,124.0,3.6
Guwahati-Jalukbari-Khanapara Urban,14.8,151.2,0.9,2.5,4.1,41.0,0.121,138.8,0.454,6,3,0.0236,0,0.1838,0,0.0,1.53
NH-27 (East-West Corridor),6.8,78.0,2.3,4.1,5.6,21.3,0.172,64.8,0.395,0,3,0.0154,0,0.515,1,53.5,2.25
NH-37 (Silchar-Imphal),8.4,185.9,0.0,0.0,0.0,37.3,0.263,445.5,0.212,3,3,0.0217,1,0.0683,0,0.0,1.42
NH-27 (East-West Corridor),15.4,214.3,5.4,8.9,13.8,49.9,0.428,382.3,0.151,1,3,0.0302,0,0.0827,0,0.0,1.45
NH-10 (Siliguri-Gangtok),7.2,92.0,27.4,233.5,601.3,17.8,0.95,183.9,0.481,2,1,0.2666,0,0.9043,1,98.4,3.76
NH-10 (Siliguri-Gangtok),14.5,131.6,1.9,5.3,8.8,18.3,0.303,1075.2,0.595,2,2,0.0211,0,0.0591,0,0.0,1.56
NH-37 (Silchar-Imphal),17.0,60.1,27.4,122.5,352.7,25.9,0.95,27.9,0.668,4,1,0.3367,0,0.9577,1,145.3,3.96
NH-10 (Siliguri-Gangtok),11.6,142.8,16.0,133.5,372.7,41.1,0.95,146.7,0.305,4,5,0.3141,0,0.7314,1,93.4,3.09
NH-15 (North Bank Brahmaputra),13.6,133.0,3.9,5.1,8.8,22.1,0.415,908.7,0.308,3,3,0.0257,0,0.0633,0,0.0,1.42
NH-27 (East-West Corridor),14.7,70.3,1.9,2.2,3.3,47.7,0.192,155.5,0.455,1,4,0.0205,0,0.4373,0,0.0,1.63
Guwahati-Jalukbari-Khanapara Urban,15.4,122.4,41.0,298.1,750.0,45.0,0.95,121.7,0.551,1,3,0.3034,1,0.8651,1,135.9,3.5
NH-15 (North Bank Brahmaputra),7.7,103.5,1.7,3.1,4.8,37.4,0.377,287.4,0.732,1,2,0.0186,0,0.2517,1,11.0,1.82
NH-37 (Silchar-Imphal),1.9,136.3,0.4,0.8,1.2,19.6,0.286,627.7,0.679,1,3,0.0151,0,0.0741,0,0.0,1.41
Guwahati-Jalukbari-Khanapara Urban,7.8,147.5,4.9,11.3,17.7,54.5,0.387,58.1,0.484,7,3,0.0273,0,0.2822,0,0.0,1.64
NH-10 (Siliguri-Gangtok),12.5,46.5,27.2,138.2,443.3,34.6,0.95,1022.8,0.615,2,3,0.2803,0,0.7522,0,0.0,2.66
NH-10 (Siliguri-Gangtok),8.7,178.2,17.5,134.6,365.4,33.1,0.95,574.8,0.398,0,3,0.2587,0,0.4287,1,56.7,2.72
NH-27 (East-West Corridor),13.7,169.8,8.5,16.3,19.0,54.8,0.261,90.0,0.563,1,3,0.0232,0,0.2217,0,0.0,1.57
NH-15 (North Bank Brahmaputra),7.1,109.1,0.2,0.2,0.4,49.6,0.345,455.7,0.539,3,3,0.0214,1,0.1582,0,0.0,1.5
NH-15 (North Bank Brahmaputra),11.8,54.3,6.5,73.6,226.9,33.3,0.95,190.1,0.803,2,2,0.2447,0,0.7147,1,90.7,3.37
NH-37 (Silchar-Imphal),4.2,177.1,16.9,131.2,328.3,31.8,0.95,200.1,0.639,4,4,0.2654,0,0.6304,1,93.2,3.03
NH-15 (North Bank Brahmaputra),13.7,212.2,45.6,196.9,435.0,18.8,0.95,555.2,0.411,5,3,0.3216,1,0.4744,0,0.0,2.48
NH-37 (Silchar-Imphal),10.3,87.0,40.0,251.0,524.9,52.1,0.95,1171.9,0.413,0,3,0.2784,1,0.6897,1,97.8,3.27
NH-06 (Guwahati-Shillong),4.5,101.6,6.8,8.8,10.5,48.8,0.343,67.4,0.49,5,4,0.0237,0,0.4354,1,65.3,2.12
NH-27 (East-West Corridor),6.0,77.2,85.0,380.0,750.0,27.4,0.95,211.0,0.268,3,2,0.2916,0,0.9125,1,176.5,3.67
NH-37 (Silchar-Imphal),13.7,146.0,3.1,7.1,9.5,45.1,0.366,249.5,0.509,1,5,0.0221,0,0.1368,0,0.0,1.18
Guwahati-Jalukbari-Khanapara Urban,9.2,72.1,5.0,14.5,23.1,45.5,0.455,185.2,0.524,4,2,0.0281,0,0.4642,1,52.6,2.37
NH-10 (Siliguri-Gangtok),4.7,107.3,14.0,78.3,299.3,24.1,0.95,177.9,0.634,1,2,0.2363,0,0.6397,1,80.4,3.21
Guwahati-Jalukbari-Khanapara Urban,17.4,167.0,0.6,1.5,2.0,39.5,0.117,38.8,0.66,7,4,0.0238,0,0.2266,0,0.0,1.43
NH-15 (North Bank Brahmaputra),13.2,143.0,63.0,298.7,669.0,25.2,0.95,424.9,0.568,4,2,0.3061,0,0.6459,1,107.9,3.44
NH-10 (Siliguri-Gangtok),17.3,112.6,7.0,20.4,26.3,46.6,0.368,220.6,0.257,2,4,0.0336,0,0.2631,1,36.5,1.76
NH-27 (East-West Corridor),8.3,118.5,34.5,192.9,517.5,21.2,0.95,95.8,0.33,2,2,0.2776,0,0.885,1,150.3,3.61
NH-37 (Silchar-Imphal),9.1,143.4,35.6,226.5,513.2,41.8,0.95,612.6,0.441,3,3,0.2942,1,0.5582,1,86.3,3.15
NH-10 (Siliguri-Gangtok),16.3,46.0,4.4,8.2,16.4,28.0,0.402,587.8,0.667,2,2,0.0254,0,0.2698,0,0.0,1.77
NH-27 (East-West Corridor),9.9,58.7,48.1,380.0,750.0,16.4,0.95,253.2,0.661,1,4,0.238,0,0.9064,1,142.3,3.25
Guwahati-Jalukbari-Khanapara Urban,13.0,199.2,0.6,1.1,2.0,19.9,0.311,144.1,0.505,6,2,0.0239,0,0.1525,0,0.0,1.65
NH-10 (Siliguri-Gangtok),5.3,58.6,14.5,107.5,274.2,41.2,0.95,375.7,0.88,4,5,0.251,1,0.7716,0,0.0,2.32
NH-15 (North Bank Brahmaputra),8.6,168.7,0.3,0.8,1.3,24.6,0.207,139.0,0.831,4,3,0.0169,0,0.1609,0,0.0,1.5
NH-37 (Silchar-Imphal),3.1,206.0,17.3,161.3,422.3,40.2,0.95,114.2,0.773,2,3,0.2477,1,0.7425,0,0.0,2.58
NH-15 (North Bank Brahmaputra),4.5,92.4,1.1,2.4,3.3,31.6,0.215,478.9,0.676,3,1,0.0178,0,0.206,1,18.6,1.98
Guwahati-Jalukbari-Khanapara Urban,1.0,109.8,1.8,3.3,5.1,42.7,0.303,34.4,0.633,3,5,0.018,0,0.4054,0,0.0,1.44
NH-27 (East-West Corridor),1.7,144.6,1.9,4.8,9.1,34.7,0.244,54.8,0.619,3,4,0.0174,0,0.2585,0,0.0,1.44
Guwahati-Jalukbari-Khanapara Urban,17.6,199.3,0.7,2.0,2.3,27.3,0.111,22.4,0.225,2,3,0.0234,0,0.2246,0,0.0,1.57
NH-10 (Siliguri-Gangtok),5.1,209.8,17.0,109.4,352.9,20.8,0.95,78.1,0.361,3,5,0.2625,0,0.6426,1,80.5,2.82
NH-15 (North Bank Brahmaputra),12.3,174.4,12.3,109.9,237.7,28.6,0.95,45.0,0.51,5,5,0.2975,0,0.679,0,0.0,2.33
NH-15 (North Bank Brahmaputra),15.3,60.2,35.1,230.6,517.2,40.4,0.95,1935.6,0.573,4,3,0.3292,1,0.7211,1,95.3,3.41
NH-06 (Guwahati-Shillong),10.4,162.1,1.1,2.6,4.4,44.6,0.247,139.3,0.528,4,2,0.0223,0,0.1829,0,0.0,1.68
NH-06 (Guwahati-Shillong),3.6,116.8,2.4,6.3,11.2,21.4,0.314,76.6,0.599,1,3,0.0166,0,0.3446,0,0.0,1.68
NH-37 (Silchar-Imphal),13.4,127.4,2.2,6.1,7.4,41.6,0.408,116.5,0.171,0,2,0.0254,0,0.2877,0,0.0,1.79
NH-27 (East-West Corridor),11.2,53.6,47.7,340.5,750.0,22.2,0.95,982.8,0.641,1,3,0.2531,0,0.7721,1,120.2,3.3
NH-37 (Silchar-Imphal),13.4,78.4,23.0,144.2,426.4,23.9,0.95,277.0,0.561,1,5,0.2614,1,0.8571,1,120.8,3.1
NH-10 (Siliguri-Gangtok),14.1,183.3,0.9,2.5,5.0,36.3,0.23,178.8,0.516,4,2,0.0236,0,0.1427,0,0.0,1.64
NH-27 (East-West Corridor),17.6,124.4,0.5,1.5,2.1,26.6,0.208,743.3,0.717,3,4,0.0218,0,0.074,1,18.5,1.41
NH-06 (Guwahati-Shillong),10.8,97.8,1.2,3.2,4.8,41.5,0.304,195.9,0.362,6,5,0.0241,0,0.2978,1,39.5,1.64
Guwahati-Jalukbari-Khanapara Urban,6.8,112.2,20.3,105.1,288.3,53.2,0.95,162.8,0.507,3,4,0.2845,0,0.7784,1,94.8,3.22
Guwahati-Jalukbari-Khanapara Urban,12.0,194.5,3.1,64.1,216.8,21.0,0.927,101.3,0.601,3,3,0.2363,0,0.3055,0,0.0,2.12
NH-10 (Siliguri-Gangtok),2.2,176.1,22.2,156.3,543.7,37.8,0.95,186.1,0.396,5,3,0.3006,1,0.7038,1,104.8,3.33
NH-10 (Siliguri-Gangtok),16.3,92.7,0.9,2.3,3.0,51.9,0.116,153.3,0.189,3,4,0.0252,0,0.3579,0,0.0,1.56
NH-27 (East-West Corridor),3.0,65.6,30.0,184.6,412.3,22.1,0.95,415.9,0.342,3,1,0.2822,0,0.8721,1,114.7,3.76
NH-06 (Guwahati-Shillong),6.6,89.1,27.2,172.6,532.4,29.7,0.95,139.7,0.538,2,4,0.2561,0,0.9078,1,118.0,3.29
Guwahati-Jalukbari-Khanapara Urban,14.9,206.1,1.3,2.1,3.5,19.9,0.278,321.3,0.505,6,3,0.0242,0,0.0847,0,0.0,1.44
NH-27 (East-West Corridor),11.2,146.8,3.2,8.0,9.2,40.7,0.412,43.9,0.547,1,3,0.0218,0,0.2897,0,0.0,1.63
NH-15 (North Bank Brahmaputra),7.7,138.4,2.0,5.5,10.4,41.8,0.416,94.3,0.431,4,4,0.0242,0,0.2508,0,0.0,1.45
NH-15 (North Bank Brahmaputra),9.0,149.4,1.3,3.6,4.8,41.6,0.219,203.1,0.314,4,2,0.0228,0,0.1638,0,0.0,1.66
NH-15 (North Bank Brahmaputra),15.5,109.1,36.4,234.8,587.5,36.7,0.95,987.3,0.575,3,5,0.3065,0,0.5864,1,89.3,2.92
NH-27 (East-West Corridor),6.8,186.2,4.7,8.3,15.1,44.9,0.388,185.8,0.52,4,4,0.0234,0,0.1373,0,0.0,1.34
NH-27 (East-West Corridor),15.8,136.6,22.9,153.6,541.1,16.4,0.95,401.8,0.665,0,3,0.2654,0,0.6371,1,79.5,3.11
NH-37 (Silchar-Imphal),2.5,65.4,68.3,380.0,750.0,53.3,0.95,123.1,0.415,5,3,0.3128,1,0.9433,1,162.6,3.6
NH-27 (East-West Corridor),14.2,67.6,7.9,18.4,36.5,23.9,0.326,67.6,0.186,1,2,0.0273,0,0.5943,1,54.4,2.51
NH-15 (North Bank Brahmaputra),15.4,139.0,29.1,117.0,314.9,19.9,0.95,41.1,0.081,6,3,0.3609,0,0.8369,1,107.0,3.6
NH-27 (East-West Corridor),4.1,208.9,1.7,1.8,3.5,52.6,0.225,147.6,0.478,4,4,0.0202,0,0.1404,0,0.0,1.33
NH-15 (North Bank Brahmaputra),8.3,99.0,0.1,0.1,0.2,48.2,0.222,80.1,0.573,5,1,0.0225,0,0.4481,0,0.0,2.09
NH-15 (North Bank Brahmaputra),3.8,197.2,0.9,1.4,2.0,45.6,0.147,86.9,0.508,0,3,0.0153,0,0.1805,0,0.0,1.51
NH-27 (East-West Corridor),13.0,178.7,1.7,1.8,2.2,19.2,0.27,520.6,0.448,1,4,0.0184,0,0.0572,0,0.0,1.25
NH-27 (East-West Corridor),10.1,88.4,3.2,6.2,6.8,47.3,0.221,25.6,0.264,2,3,0.0216,0,0.5436,0,0.0,1.89
NH-37 (Silchar-Imphal),11.8,51.4,1.2,1.6,2.2,39.4,0.284,305.6,0.21,2,3,0.0228,0,0.369,0,0.0,1.72
NH-10 (Siliguri-Gangtok),4.3,62.8,6.4,12.3,14.5,44.3,0.283,187.0,0.616,6,2,0.0228,0,0.4743,1,59.7,2.42
NH-15 (North Bank Brahmaputra),4.6,172.5,0.6,1.0,2.0,54.1,0.331,267.2,0.509,4,3,0.0224,0,0.1146,0,0.0,1.46
NH-37 (Silchar-Imphal),1.7,79.9,7.4,93.8,234.2,22.8,0.95,309.6,0.485,1,4,0.2293,0,0.6567,0,0.0,2.3
NH-27 (East-West Corridor),6.5,110.0,1.1,3.2,3.6,35.2,0.164,151.6,0.272,1,3,0.0175,0,0.2958,0,0.0,1.63
NH-10 (Siliguri-Gangtok),10.5,132.8,14.9,92.2,278.6,45.1,0.95,142.4,0.376,1,2,0.2862,0,0.654,0,0.0,2.73
NH-37 (Silchar-Imphal),15.6,172.0,3.2,7.4,12.7,32.3,0.257,482.7,0.558,3,1,0.0248,0,0.0767,0,0.0,1.73
NH-06 (Guwahati-Shillong),12.3,64.8,23.8,168.7,388.8,17.2,0.95,737.5,0.601,3,3,0.2767,0,0.7794,1,116.5,3.36
NH-06 (Guwahati-Shillong),8.4,116.1,0.2,0.4,0.7,19.5,0.385,94.9,0.52,2,4,0.0187,0,0.3141,0,0.0,1.5
NH-27 (East-West Corridor),17.2,129.9,11.4,82.3,309.3,39.1,0.95,56.0,0.798,4,2,0.3302,0,0.6697,1,80.2,3.44
NH-27 (East-West Corridor),13.2,139.6,1.5,2.4,4.0,26.4,0.159,818.3,0.446,2,3,0.0189,0,0.0572,0,0.0,1.4
Guwahati-Jalukbari-Khanapara Urban,16.8,188.2,30.9,216.5,692.9,20.5,0.95,170.7,0.782,1,3,0.2797,1,0.7193,1,104.4,3.3
NH-06 (Guwahati-Shillong),10.0,75.0,6.9,15.8,26.5,28.6,0.332,300.5,0.589,2,2,0.0219,0,0.3552,0,0.0,1.85
NH-10 (Siliguri-Gangtok),5.4,186.4,0.1,0.1,0.2,23.0,0.33,176.0,0.569,2,2,0.0181,0,0.142,0,0.0,1.63
NH-10 (Siliguri-Gangtok),1.9,166.3,12.1,73.5,252.1,16.0,0.95,67.1,0.718,2,3,0.2178,0,0.4857,0,0.0,2.26
NH-15 (North Bank Brahmaputra),13.3,142.3,2.3,2.6,3.0,21.1,0.214,331.5,0.438,4,4,0.0209,0,0.1105,0,0.0,1.31
NH-15 (North Bank Brahmaputra),3.1,167.4,8.5,23.8,38.8,50.3,0.244,280.7,0.491,1,3,0.022,0,0.129,1,34.6,1.74
Guwahati-Jalukbari-Khanapara Urban,6.1,117.1,5.7,16.6,25.1,15.5,0.394,99.4,0.33,2,4,0.0215,0,0.3259,0,0.0,1.52
NH-06 (Guwahati-Shillong),10.1,69.2,9.4,98.2,298.5,46.0,0.95,230.4,0.718,1,3,0.2586,0,0.785,0,0.0,2.65
NH-37 (Silchar-Imphal),10.6,161.5,52.5,314.9,750.0,45.1,0.95,578.0,0.61,1,4,0.2655,1,0.5132,0,0.0,2.24
NH-37 (Silchar-Imphal),11.2,136.8,0.4,0.5,0.7,37.6,0.264,332.4,0.748,2,4,0.0177,0,0.1211,0,0.0,1.31
NH-10 (Siliguri-Gangtok),3.8,156.9,19.1,102.4,301.5,23.3,0.95,55.7,0.587,1,4,0.2323,0,0.7135,0,0.0,2.37
NH-37 (Silchar-Imphal),7.5,104.1,1.8,2.5,4.1,50.1,0.194,297.9,0.749,2,3,0.0171,0,0.2286,0,0.0,1.56
NH-27 (East-West Corridor),11.5,203.7,2.6,7.2,13.5,34.0,0.327,444.6,0.415,6,5,0.0244,0,0.0619,0,0.0,1.11
NH-27 (East-West Corridor),17.5,147.8,40.5,322.9,744.6,21.9,0.95,570.8,0.728,4,1,0.3346,0,0.579,1,98.5,3.58
Guwahati-Jalukbari-Khanapara Urban,13.4,59.9,13.0,89.9,297.2,32.2,0.95,367.2,0.478,2,2,0.2943,1,0.7208,1,82.5,3.43
NH-37 (Silchar-Imphal),16.7,123.7,43.4,249.9,570.3,22.8,0.95,78.0,0.55,6,4,0.3347,0,0.8737,1,137.4,3.43
Guwahati-Jalukbari-Khanapara Urban,14.0,177.4,2.6,2.7,4.8,30.0,0.203,453.5,0.681,3,4,0.0192,0,0.0654,0,0.0,1.26
NH-06 (Guwahati-Shillong),11.1,184.0,0.3,0.4,0.6,34.9,0.258,415.9,0.88,2,4,0.0166,0,0.0691,0,0.0,1.26
NH-37 (Silchar-Imphal),4.3,131.6,0.4,0.7,0.8,29.4,0.125,28.7,0.698,5,4,0.0165,0,0.3121,0,0.0,1.5
NH-10 (Siliguri-Gangtok),12.3,201.6,0.4,0.9,1.3,41.3,0.307,205.7,0.715,2,3,0.0199,0,0.1221,1,5.0,1.5
NH-10 (Siliguri-Gangtok),11.6,91.8,4.4,10.2,20.3,52.4,0.364,161.7,0.452,2,5,0.0236,0,0.3677,0,0.0,1.42
NH-06 (Guwahati-Shillong),11.2,116.9,19.7,123.8,401.7,28.9,0.95,407.4,0.578,3,2,0.2873,0,0.6758,1,80.3,3.35
NH-27 (East-West Corridor),9.3,202.3,29.8,210.2,482.6,29.2,0.95,105.2,0.533,5,5,0.2884,0,0.7467,1,107.6,3.05
NH-27 (East-West Corridor),10.0,201.8,0.5,0.7,1.3,44.5,0.312,332.8,0.803,1,3,0.0177,0,0.0864,0,0.0,1.42
NH-27 (East-West Corridor),6.7,165.0,1.3,2.6,3.7,36.2,0.167,875.5,0.524,5,2,0.0202,0,0.0455,0,0.0,1.54
NH-37 (Silchar-Imphal),9.8,195.3,39.0,248.4,663.1,32.2,0.95,579.5,0.789,1,4,0.241,0,0.4663,1,76.7,2.72
Guwahati-Jalukbari-Khanapara Urban,4.4,60.5,1.8,4.0,7.3,47.6,0.176,910.4,0.316,5,2,0.0225,0,0.1825,0,0.0,1.68
NH-06 (Guwahati-Shillong),14.7,196.4,7.1,92.7,250.6,50.6,0.95,1364.0,0.802,3,2,0.302,1,0.1373,0,0.0,2.25
NH-15 (North Bank Brahmaputra),4.2,101.1,0.7,0.7,1.3,38.6,0.233,23.8,0.395,2,2,0.0188,0,0.4918,0,0.0,1.98
NH-37 (Silchar-Imphal),2.4,76.2,5.1,5.7,10.5,22.4,0.276,361.2,0.704,4,1,0.0188,0,0.3078,0,0.0,1.95
NH-10 (Siliguri-Gangtok),8.4,86.9,12.1,78.6,277.8,33.7,0.95,206.4,0.394,4,4,0.2846,0,0.6666,1,76.6,3.01
Guwahati-Jalukbari-Khanapara Urban,12.2,118.1,1.8,3.0,4.4,35.2,0.157,707.8,0.661,3,3,0.0186,0,0.0908,0,0.0,1.43
Guwahati-Jalukbari-Khanapara Urban,8.4,89.0,1.2,1.5,2.6,32.3,0.173,121.5,0.377,2,5,0.0172,0,0.3858,0,0.0,1.42
NH-37 (Silchar-Imphal),5.7,101.1,1.0,1.8,3.3,25.5,0.35,1407.7,0.737,7,3,0.02,0,0.0867,0,0.0,1.43
NH-10 (Siliguri-Gangtok),10.5,68.6,32.7,158.1,412.4,33.9,0.95,352.9,0.702,4,4,0.2794,0,0.8661,1,119.8,3.3
Guwahati-Jalukbari-Khanapara Urban,6.9,96.8,37.3,216.6,521.2,32.9,0.95,572.2,0.442,2,5,0.2609,0,0.7314,1,102.3,2.97
NH-37 (Silchar-Imphal),16.9,145.1,2.5,6.9,9.8,23.4,0.387,51.3,0.654,4,1,0.0283,0,0.299,0,0.0,1.96
NH-10 (Siliguri-Gangtok),16.7,122.3,0.6,1.1,1.8,51.1,0.295,90.9,0.721,1,1,0.0239,0,0.3356,1,43.9,2.31
NH-15 (North Bank Brahmaputra),9.5,105.7,41.9,256.6,596.5,50.4,0.95,517.2,0.384,4,3,0.3181,0,0.7442,1,118.8,3.41
NH-37 (Silchar-Imphal),6.6,175.6,3.9,11.2,20.2,45.4,0.243,27.8,0.364,0,4,0.0185,0,0.2454,1,25.7,1.63
NH-15 (North Bank Brahmaputra),13.5,201.4,31.0,166.7,389.5,31.0,0.95,614.2,0.357,0,4,0.2768,1,0.4386,1,72.5,2.74
NH-10 (Siliguri-Gangtok),1.6,177.4,0.4,1.1,1.3,29.8,0.273,24.9,0.332,2,3,0.0184,0,0.2428,0,0.0,1.58
NH-06 (Guwahati-Shillong),9.1,103.1,0.7,0.9,1.2,43.7,0.346,394.6,0.356,6,2,0.0259,0,0.2022,0,0.0,1.71
NH-15 (North Bank Brahmaputra),6.7,175.3,42.0,251.2,545.7,39.3,0.95,179.0,0.716,3,4,0.2614,1,0.7208,1,112.9,3.11
NH-27 (East-West Corridor),16.6,71.6,0.4,0.9,1.2,39.0,0.269,350.9,0.65,2,3,0.0228,0,0.3002,0,0.0,1.65
NH-37 (Silchar-Imphal),1.2,67.8,44.9,299.7,750.0,20.0,0.95,436.8,0.245,6,1,0.3063,1,0.8669,0,0.0,3.13
NH-37 (Silchar-Imphal),10.4,105.5,4.1,12.1,23.4,39.7,0.345,166.7,0.458,4,4,0.0248,0,0.3134,0,0.0,1.51
NH-37 (Silchar-Imphal),13.6,186.3,0.8,2.3,4.3,51.1,0.136,60.0,0.342,3,5,0.0214,0,0.1895,0,0.0,1.23
NH-37 (Silchar-Imphal),9.2,88.1,18.5,116.2,252.1,18.4,0.95,45.3,0.705,5,1,0.2843,0,0.9211,1,114.4,3.81
NH-06 (Guwahati-Shillong),2.5,56.1,1.2,3.4,5.6,28.6,0.22,331.2,0.469,2,2,0.0174,0,0.3505,0,0.0,1.84
NH-15 (North Bank Brahmaputra),17.5,68.0,7.4,66.8,169.1,35.4,0.95,277.4,0.272,2,4,0.2672,0,0.5708,0,0.0,2.3
NH-27 (East-West Corridor),9.8,195.3,0.8,1.9,3.5,42.4,0.251,494.5,0.581,3,3,0.02,0,0.0617,0,0.0,1.41
NH-15 (North Bank Brahmaputra),11.4,155.9,17.2,106.0,383.3,18.6,0.95,269.5,0.659,2,5,0.2497,0,0.5074,0,0.0,2.05
NH-27 (East-West Corridor),5.0,89.3,55.7,307.9,750.0,49.9,0.95,212.1,0.378,4,5,0.2953,0,0.8846,1,138.1,3.2
Guwahati-Jalukbari-Khanapara Urban,9.2,142.2,1.5,3.8,4.3,16.6,0.39,197.7,0.502,4,2,0.0222,0,0.1796,0,0.0,1.68
NH-06 (Guwahati-Shillong),8.3,137.3,38.7,195.0,608.1,49.3,0.95,29.4,0.388,1,4,0.2763,0,0.8793,1,118.1,3.3
NH-27 (East-West Corridor),2.3,159.7,71.9,293.7,750.0,16.1,0.95,163.1,0.774,2,3,0.2292,0,0.7551,1,134.5,3.23
NH-27 (East-West Corridor),2.8,85.8,2.0,3.6,5.9,21.1,0.393,1325.7,0.472,7,1,0.0231,0,0.1257,0,0.0,1.78
NH-10 (Siliguri-Gangtok),15.2,196.3,69.4,380.0,750.0,47.0,0.95,743.8,0.42,4,1,0.3583,1,0.4602,0,0.0,2.84
NH-15 (North Bank Brahmaputra),5.1,99.1,53.8,361.9,750.0,49.4,0.95,159.8,0.541,1,3,0.2635,0,0.8968,1,141.0,3.44
NH-10 (Siliguri-Gangtok),4.3,166.5,1.4,1.9,3.5,54.3,0.23,330.2,0.513,3,3,0.0197,0,0.0988,0,0.0,1.44
NH-06 (Guwahati-Shillong),9.6,47.8,1.4,3.8,7.5,19.6,0.415,677.7,0.674,4,3,0.0213,0,0.2267,1,32.3,1.81
NH-06 (Guwahati-Shillong),14.1,110.2,1.1,1.7,2.9,36.1,0.272,223.7,0.769,6,2,0.0233,0,0.2576,0,0.0,1.76
NH-27 (East-West Corridor),2.1,106.5,3.1,5.6,9.9,18.1,0.263,26.3,0.77,6,3,0.0178,0,0.4481,1,35.5,2.05
NH-10 (Siliguri-Gangtok),10.8,140.1,51.0,353.9,750.0,21.3,0.95,47.1,0.481,1,3,0.2614,1,0.8664,0,0.0,2.73
NH-10 (Siliguri-Gangtok),3.0,57.7,0.6,1.4,2.2,22.0,0.223,270.0,0.605,6,5,0.0174,0,0.3464,0,0.0,1.38
NH-27 (East-West Corridor),1.6,183.3,49.0,232.4,685.3,17.5,0.95,1240.8,0.818,2,2,0.2313,1,0.3655,1,67.1,2.82
NH-27 (East-West Corridor),1.9,83.1,1.8,3.6,6.4,50.7,0.133,433.6,0.825,2,4,0.0149,0,0.2229,0,0.0,1.4
Guwahati-Jalukbari-Khanapara Urban,15.2,163.5,1.8,3.0,5.1,20.1,0.142,45.7,0.392,3,3,0.0209,0,0.231,0,0.0,1.57
NH-37 (Silchar-Imphal),3.0,185.6,17.8,108.9,340.3,40.2,0.95,93.5,0.657,2,3,0.2543,0,0.6735,1,94.5,3.2
NH-15 (North Bank Brahmaputra),1.8,143.3,2.5,2.9,3.3,40.0,0.177,536.4,0.626,3,2,0.0174,0,0.0827,0,0.0,1.57
NH-06 (Guwahati-Shillong),8.4,174.7,0.8,2.0,2.4,22.9,0.163,664.6,0.717,3,4,0.0157,0,0.0463,0,0.0,1.23
NH-06 (Guwahati-Shillong),15.3,160.8,0.1,0.1,0.1,54.9,0.356,356.5,0.774,3,4,0.024,0,0.0939,0,0.0,1.3
Guwahati-Jalukbari-Khanapara Urban,5.5,107.2,3.3,3.9,6.2,28.9,0.176,381.9,0.363,2,4,0.0171,0,0.1705,0,0.0,1.36
NH-10 (Siliguri-Gangtok),8.2,186.6,0.3,0.4,0.8,51.2,0.301,30.1,0.426,5,3,0.0242,0,0.2392,0,0.0,1.59
NH-15 (North Bank Brahmaputra),1.7,96.6,15.7,113.8,384.9,52.9,0.95,637.2,0.713,4,2,0.2841,0,0.6349,0,0.0,2.7
NH-37 (Silchar-Imphal),8.6,145.0,0.2,0.4,0.5,53.0,0.28,563.4,0.577,0,3,0.0179,0,0.0764,0,0.0,1.42
NH-10 (Siliguri-Gangtok),10.8,175.4,38.1,169.3,412.1,45.1,0.95,124.9,0.149,2,5,0.3043,0,0.7488,1,96.3,3.09
Guwahati-Jalukbari-Khanapara Urban,10.7,111.3,13.6,94.8,347.1,25.2,0.95,451.7,0.25,3,3,0.299,0,0.5113,1,62.3,2.93
Guwahati-Jalukbari-Khanapara Urban,6.7,98.0,1.5,2.8,4.3,19.8,0.371,104.7,0.669,2,5,0.017,0,0.3739,1,43.1,1.73
Guwahati-Jalukbari-Khanapara Urban,6.4,125.4,2.1,3.8,6.3,37.8,0.171,34.4,0.701,4,2,0.0183,0,0.3634,1,41.9,2.16
NH-06 (Guwahati-Shillong),2.8,188.1,27.9,210.2,448.1,29.4,0.95,98.6,0.307,4,4,0.2854,0,0.7684,1,116.1,3.21
NH-06 (Guwahati-Shillong),7.2,207.7,23.5,179.7,517.9,48.2,0.95,88.9,0.748,1,4,0.2483,0,0.7687,1,99.0,3.13
NH-10 (Siliguri-Gangtok),2.7,140.4,5.3,14.9,17.1,44.8,0.371,164.2,0.515,2,4,0.021,1,0.204,0,0.0,1.4
NH-15 (North Bank Brahmaputra),14.0,160.8,1.2,1.2,1.7,26.1,0.401,209.7,0.366,4,4,0.0257,0,0.1349,1,10.4,1.42
NH-27 (East-West Corridor),17.4,203.1,3.2,8.3,11.8,15.7,0.14,268.6,0.449,5,3,0.0252,0,0.0966,1,15.6,1.57
NH-06 (Guwahati-Shillong),17.5,62.2,5.2,7.9,13.5,24.5,0.41,246.7,0.33,4,4,0.0313,0,0.391,0,0.0,1.61
NH-15 (North Bank Brahmaputra),15.7,85.6,34.3,163.4,401.5,37.7,0.95,130.5,0.439,2,5,0.3084,1,0.9125,1,104.7,3.26
NH-37 (Silchar-Imphal),11.2,169.1,12.9,70.4,276.4,18.2,0.95,30.4,0.214,3,3,0.2865,1,0.5172,0,0.0,2.44
NH-37 (Silchar-Imphal),12.9,189.2,0.8,1.2,2.3,41.3,0.247,345.2,0.537,2,5,0.0195,0,0.0767,1,5.5,1.16
NH-37 (Silchar-Imphal),5.8,195.0,7.0,48.5,160.9,41.9,0.867,196.3,0.656,2,1,0.1452,0,0.2253,1,9.0,2.21
Guwahati-Jalukbari-Khanapara Urban,11.7,117.6,54.4,318.8,750.0,21.8,0.95,144.2,0.307,3,1,0.309,0,0.8722,1,138.2,3.82
NH-10 (Siliguri-Gangtok),8.7,60.6,3.6,5.8,9.9,38.9,0.337,725.9,0.553,4,3,0.0224,0,0.2072,0,0.0,1.55
Guwahati-Jalukbari-Khanapara Urban,9.2,121.6,0.0,0.1,0.1,39.3,0.142,500.7,0.405,1,4,0.0167,0,0.1062,0,0.0,1.29
NH-37 (Silchar-Imphal),13.9,85.4,58.4,332.6,750.0,34.1,0.95,702.6,0.67,2,2,0.2899,1,0.7668,0,0.0,2.85
NH-37 (Silchar-Imphal),5.8,96.0,31.9,183.0,426.6,53.1,0.95,259.1,0.133,1,4,0.2913,1,0.858,1,119.1,3.32
Guwahati-Jalukbari-Khanapara Urban,6.4,180.1,73.1,380.0,750.0,19.3,0.95,69.1,0.678,2,3,0.2435,0,0.8043,1,135.3,3.31
NH-37 (Silchar-Imphal),16.7,58.2,0.2,0.5,0.9,31.3,0.13,437.0,0.223,2,2,0.0236,0,0.2853,0,0.0,1.78
NH-37 (Silchar-Imphal),2.0,189.8,0.5,1.0,1.6,50.3,0.364,100.8,0.512,5,2,0.0239,0,0.1919,0,0.0,1.69
NH-10 (Siliguri-Gangtok),9.3,119.8,6.6,8.8,10.5,30.5,0.145,223.7,0.422,5,1,0.022,0,0.2351,0,0.0,1.88
NH-37 (Silchar-Imphal),16.5,149.3,27.2,132.2,422.6,32.0,0.95,43.5,0.485,4,3,0.3405,1,0.8327,1,117.5,3.55
Guwahati-Jalukbari-Khanapara Urban,11.4,60.7,14.1,93.1,324.9,41.7,0.95,630.7,0.275,5,3,0.3354,1,0.6282,0,0.0,2.66
Guwahati-Jalukbari-Khanapara Urban,10.3,104.0,3.7,7.8,14.2,41.6,0.211,67.1,0.849,4,2,0.0198,0,0.4327,0,0.0,1.92
NH-27 (East-West Corridor),5.2,60.7,28.5,196.6,630.0,15.9,0.95,836.9,0.318,4,5,0.2724,1,0.7572,0,0.0,2.35
NH-37 (Silchar-Imphal),6.8,213.3,32.9,190.1,522.7,33.2,0.95,718.9,0.333,0,4,0.254,0,0.4093,1,60.9,2.57
NH-27 (East-West Corridor),15.5,186.3,9.8,107.1,356.1,28.3,0.95,238.6,0.873,1,3,0.2669,0,0.4698,0,0.0,2.35
NH-15 (North Bank Brahmaputra),10.5,125.4,60.6,327.4,750.0,40.1,0.95,497.4,0.608,2,3,0.2761,0,0.6692,0,0.0,2.57
Guwahati-Jalukbari-Khanapara Urban,9.8,84.1,0.7,2.0,2.5,37.2,0.325,358.1,0.324,3,2,0.0232,0,0.2762,1,29.6,2.0
NH-27 (East-West Corridor),2.7,208.4,38.1,269.8,750.0,41.0,0.95,588.7,0.527,2,3,0.2643,1,0.4742,0,0.0,2.35
NH-15 (North Bank Brahmaputra),1.3,105.3,0.4,0.7,0.9,41.2,0.353,217.9,0.508,9,5,0.0212,0,0.2539,0,0.0,1.3
NH-37 (Silchar-Imphal),17.4,73.2,2.0,2.4,4.5,25.2,0.28,559.3,0.246,2,5,0.0249,0,0.1959,0,0.0,1.25
NH-06 (Guwahati-Shillong),7.4,143.6,59.6,380.0,750.0,24.9,0.95,237.3,0.414,3,1,0.2876,1,0.7604,1,141.3,3.66
NH-10 (Siliguri-Gangtok),11.3,210.2,34.6,197.1,612.2,29.8,0.95,1010.4,0.545,6,1,0.3171,0,0.3906,1,72.5,3.23
NH-15 (North Bank Brahmaputra),2.4,45.7,0.7,1.0,1.7,24.7,0.335,253.2,0.778,7,5,0.018,0,0.3845,0,0.0,1.42
NH-37 (Silchar-Imphal),12.6,86.7,52.4,301.1,750.0,42.3,0.95,237.4,0.516,3,2,0.3105,0,0.895,1,141.6,3.69
NH-27 (East-West Corridor),16.9,209.2,25.6,187.2,544.6,39.1,0.95,558.1,0.53,4,3,0.3472,0,0.4777,0,0.0,2.54
NH-27 (East-West Corridor),10.8,74.9,17.6,90.2,309.2,23.7,0.95,623.3,0.403,5,1,0.3165,0,0.6259,1,95.8,3.59
NH-15 (North Bank Brahmaputra),3.1,64.8,0.9,2.3,4.0,50.4,0.405,303.0,0.747,1,4,0.0181,0,0.3461,0,0.0,1.53
NH-27 (East-West Corridor),10.9,144.8,21.2,168.5,477.0,33.4,0.95,89.4,0.712,1,1,0.2652,1,0.8402,1,115.9,3.69
NH-15 (North Bank Brahmaputra),14.0,195.8,1.8,2.3,4.2,20.1,0.279,240.7,0.692,3,3,0.0201,0,0.1077,0,0.0,1.45
Guwahati-Jalukbari-Khanapara Urban,7.9,128.5,3.0,8.1,14.9,23.5,0.427,1225.5,0.57,1,1,0.0205,0,0.0649,0,0.0,1.71
NH-37 (Silchar-Imphal),16.0,219.0,1.2,3.6,6.4,36.6,0.224,509.4,0.262,3,2,0.0263,0,0.0604,0,0.0,1.57
NH-27 (East-West Corridor),12.0,163.9,2.0,3.1,6.2,28.5,0.331,603.4,0.746,3,3,0.0201,0,0.0598,0,0.0,1.4
NH-06 (Guwahati-Shillong),16.3,58.0,38.3,285.5,657.3,49.0,0.95,31.7,0.56,3,1,0.3477,0,0.968,1,161.1,4.0
NH-37 (Silchar-Imphal),11.6,218.7,6.5,11.5,14.9,34.8,0.418,240.8,0.494,1,2,0.0232,0,0.1225,0,0.0,1.62
Guwahati-Jalukbari-Khanapara Urban,3.2,116.4,22.1,157.5,501.9,51.6,0.95,384.1,0.631,4,2,0.2912,0,0.7479,1,107.2,3.51
NH-37 (Silchar-Imphal),6.3,95.3,11.9,12.1,16.9,19.1,0.441,640.3,0.59,3,1,0.0224,0,0.1816,1,29.7,2.05
NH-15 (North Bank Brahmaputra),4.4,142.6,52.0,219.3,620.0,41.7,0.95,37.7,0.358,2,5,0.269,0,0.8593,1,139.6,3.12
NH-15 (North Bank Brahmaputra),16.5,98.3,60.8,266.4,572.6,50.4,0.95,689.7,0.492,0,3,0.3117,0,0.7226,1,131.5,3.38
Guwahati-Jalukbari-Khanapara Urban,13.9,60.1,37.6,234.7,554.2,26.7,0.95,298.2,0.207,2,4,0.3074,0,0.8945,1,117.7,3.39
Guwahati-Jalukbari-Khanapara Urban,12.5,45.2,35.0,196.9,468.2,20.4,0.95,96.9,0.565,2,3,0.2727,0,0.9527,1,119.4,3.52
NH-10 (Siliguri-Gangtok),6.1,123.7,17.9,87.8,325.2,33.3,0.95,153.6,0.789,3,1,0.2622,0,0.687,1,77.1,3.44
NH-10 (Siliguri-Gangtok),4.1,191.5,71.0,375.7,750.0,53.5,0.95,135.9,0.227,1,4,0.282,0,0.7471,1,134.5,3.18
NH-06 (Guwahati-Shillong),13.9,145.2,64.0,380.0,750.0,40.3,0.95,284.9,0.573,2,1,0.3073,1,0.7336,0,0.0,3.0
NH-27 (East-West Corridor),9.1,219.9,1.3,2.1,2.8,40.8,0.34,38.6,0.67,4,3,0.0214,0,0.2202,0,0.0,1.57
NH-37 (Silchar-Imphal),4.8,95.2,27.3,208.6,711.8,41.9,0.95,80.4,0.697,2,2,0.2612,0,0.9311,1,109.9,3.62
NH-27 (East-West Corridor),11.5,94.1,0.5,1.1,1.3,16.6,0.133,606.3,0.416,2,4,0.0167,0,0.1405,0,0.0,1.33
NH-37 (Silchar-Imphal),1.7,73.0,5.5,7.2,9.5,32.8,0.387,69.8,0.352,5,5,0.023,0,0.5251,0,0.0,1.57
NH-06 (Guwahati-Shillong),6.5,73.7,20.2,184.0,549.7,18.1,0.95,113.0,0.444,3,5,0.2583,0,0.9275,1,123.0,3.16
NH-06 (Guwahati-Shillong),9.0,94.9,1.1,1.1,1.6,27.6,0.365,231.4,0.764,4,3,0.02,0,0.3025,0,0.0,1.64
NH-37 (Silchar-Imphal),3.5,183.7,6.1,69.7,238.6,47.9,0.938,274.8,0.242,1,3,0.2555,0,0.2344,0,0.0,2.09
Guwahati-Jalukbari-Khanapara Urban,17.7,203.5,1.5,3.8,4.3,41.3,0.207,524.8,0.331,7,1,0.0317,0,0.0635,1,5.0,1.77
NH-10 (Siliguri-Gangtok),4.6,215.6,0.7,1.9,2.6,54.8,0.387,227.5,0.467,4,4,0.0233,0,0.1118,0,0.0,1.31
NH-37 (Silchar-Imphal),3.2,85.7,1.3,1.8,3.3,21.9,0.363,566.0,0.374,1,5,0.0173,0,0.1701,0,0.0,1.21
Guwahati-Jalukbari-Khanapara Urban,4.5,199.2,0.5,1.1,1.7,30.9,0.122,357.1,0.542,6,3,0.018,0,0.0765,0,0.0,1.42
NH-37 (Silchar-Imphal),14.1,102.4,50.4,310.0,750.0,47.4,0.95,62.0,0.805,4,4,0.3029,0,0.922,1,149.9,3.4
NH-37 (Silchar-Imphal),8.2,64.7,3.0,8.7,12.0,23.6,0.413,79.5,0.333,3,4,0.0226,0,0.5444,1,65.6,2.23
NH-15 (North Bank Brahmaputra),10.6,197.3,2.0,4.8,7.7,21.1,0.13,221.1,0.524,4,4,0.018,0,0.1057,0,0.0,1.29
NH-37 (Silchar-Imphal),1.4,156.3,0.8,1.0,1.4,32.1,0.137,197.0,0.549,4,4,0.0166,0,0.1375,0,0.0,1.32
NH-37 (Silchar-Imphal),1.6,73.8,0.1,0.1,0.2,30.3,0.294,496.3,0.49,5,2,0.021,0,0.2405,0,0.0,1.73
NH-37 (Silchar-Imphal),8.6,120.2,12.4,108.3,329.1,54.2,0.95,324.2,0.266,3,4,0.3094,1,0.6029,1,70.4,2.96
Guwahati-Jalukbari-Khanapara Urban,14.9,95.3,0.4,0.7,0.8,33.3,0.237,191.9,0.435,2,2,0.0223,0,0.3366,0,0.0,1.83
NH-06 (Guwahati-Shillong),16.0,173.9,12.8,57.8,185.1,49.4,0.869,85.5,0.436,3,4,0.2444,1,0.3704,0,0.0,2.05
NH-15 (North Bank Brahmaputra),2.5,124.3,14.9,116.3,267.1,50.5,0.95,110.0,0.664,4,1,0.2896,0,0.8095,1,110.4,3.71
NH-10 (Siliguri-Gangtok),10.2,218.1,7.7,83.2,296.8,21.3,0.95,319.9,0.626,2,5,0.2441,0,0.2353,1,17.2,1.9
NH-10 (Siliguri-Gangtok),16.5,54.6,32.7,187.5,427.8,43.6,0.95,212.7,0.271,7,4,0.3744,0,0.9216,1,108.4,3.56
Guwahati-Jalukbari-Khanapara Urban,7.6,107.1,4.2,8.7,13.4,26.1,0.298,273.2,0.48,2,4,0.0188,0,0.2253,0,0.0,1.41
Guwahati-Jalukbari-Khanapara Urban,15.1,129.3,0.9,2.7,5.2,18.8,0.335,85.5,0.46,4,1,0.0259,0,0.3046,0,0.0,1.96
NH-37 (Silchar-Imphal),3.3,133.0,42.8,283.5,606.8,50.0,0.95,400.6,0.88,3,4,0.2529,1,0.6766,1,105.8,3.05
NH-06 (Guwahati-Shillong),16.9,100.3,16.9,116.7,368.1,26.7,0.95,690.0,0.603,0,4,0.2826,0,0.5821,1,86.5,3.0
NH-15 (North Bank Brahmaputra),13.8,172.6,46.6,312.3,750.0,28.8,0.95,124.4,0.356,4,4,0.3185,1,0.7619,1,133.7,3.28
NH-06 (Guwahati-Shillong),17.0,198.1,43.4,303.6,750.0,28.0,0.95,256.7,0.41,2,5,0.315,0,0.629,1,94.3,2.99
NH-27 (East-West Corridor),12.5,209.3,0.6,1.4,1.6,23.0,0.293,1318.6,0.482,2,1,0.0209,0,0.0332,0,0.0,1.68
NH-06 (Guwahati-Shillong),7.2,185.9,0.4,0.8,1.4,32.4,0.207,161.9,0.615,1,4,0.0155,0,0.1342,0,0.0,1.32
NH-37 (Silchar-Imphal),16.9,193.9,15.4,100.9,290.2,32.1,0.95,336.4,0.637,2,3,0.3083,0,0.4059,1,67.3,2.89
NH-27 (East-West Corridor),5.7,141.3,41.4,327.8,750.0,31.4,0.95,53.1,0.586,3,2,0.2718,0,0.8692,1,112.8,3.58
Guwahati-Jalukbari-Khanapara Urban,6.6,189.5,0.5,0.7,0.8,51.7,0.225,346.0,0.512,1,3,0.0179,0,0.0852,0,0.0,1.42
NH-37 (Silchar-Imphal),12.9,98.1,33.2,177.6,473.8,28.6,0.95,52.9,0.526,1,4,0.2694,0,0.9266,1,124.0,3.34
NH-15 (North Bank Brahmaputra),14.0,114.7,0.2,0.7,1.2,16.2,0.314,1140.0,0.527,4,2,0.0229,0,0.0751,0,0.0,1.57
NH-15 (North Bank Brahmaputra),16.8,100.5,1.0,1.9,2.5,22.1,0.137,460.2,0.229,3,4,0.023,0,0.1593,0,0.0,1.36
NH-15 (North Bank Brahmaputra),4.5,126.8,48.5,376.1,750.0,43.9,0.95,563.2,0.539,4,1,0.2985,0,0.6641,1,102.2,3.59
NH-27 (East-West Corridor),14.6,95.0,43.4,330.1,750.0,38.6,0.95,446.2,0.446,2,3,0.3098,0,0.8002,0,0.0,2.77
NH-37 (Silchar-Imphal),13.6,213.3,0.1,0.3,0.5,53.1,0.321,331.8,0.252,2,4,0.0248,0,0.0823,0,0.0,1.29
Guwahati-Jalukbari-Khanapara Urban,2.1,99.7,0.2,0.3,0.6,42.8,0.301,229.2,0.88,4,2,0.0185,0,0.2974,0,0.0,1.79
NH-27 (East-West Corridor),7.6,62.2,0.3,0.5,0.6,22.8,0.361,704.1,0.606,1,3,0.0174,0,0.2002,1,17.7,1.67
NH-37 (Silchar-Imphal),5.8,137.2,12.1,95.8,231.4,19.8,0.911,1120.0,0.552,4,3,0.2549,1,0.2347,0,0.0,2.09
NH-10 (Siliguri-Gangtok),6.2,55.0,2.1,4.4,7.6,35.8,0.307,261.9,0.483,3,3,0.0203,0,0.397,1,41.8,2.05
Guwahati-Jalukbari-Khanapara Urban,17.7,64.3,16.8,128.5,322.1,41.6,0.95,958.5,0.681,3,3,0.3354,0,0.6982,1,68.2,3.24
NH-27 (East-West Corridor),11.9,83.4,2.6,30.6,170.2,21.6,0.949,326.4,0.341,1,2,0.122,0,0.3603,0,0.0,2.08
NH-10 (Siliguri-Gangtok),13.2,126.3,40.4,311.5,750.0,39.1,0.95,290.6,0.494,3,2,0.313,1,0.7736,1,129.1,3.58
NH-10 (Siliguri-Gangtok),17.6,120.8,1.7,2.8,4.2,49.6,0.186,232.1,0.379,2,4,0.0252,0,0.1988,0,0.0,1.4
NH-27 (East-West Corridor),7.4,184.9,25.0,156.2,423.6,44.1,0.95,102.2,0.68,2,2,0.2693,1,0.777,1,113.6,3.49
NH-06 (Guwahati-Shillong),14.6,174.4,1.3,2.1,2.5,41.6,0.27,21.3,0.401,4,2,0.0262,0,0.2647,0,0.0,1.77
NH-06 (Guwahati-Shillong),8.4,119.6,0.8,1.9,2.4,46.6,0.231,116.7,0.748,4,1,0.0203,0,0.3166,1,21.9,2.12
NH-37 (Silchar-Imphal),15.8,103.4,0.3,0.4,0.7,19.2,0.361,269.5,0.532,4,1,0.0262,0,0.2628,1,23.0,2.09
NH-27 (East-West Corridor),4.1,100.4,2.7,3.7,6.9,23.2,0.408,187.3,0.689,3,1,0.02,0,0.3418,0,0.0,1.98
NH-27 (East-West Corridor),17.1,180.4,76.1,380.0,750.0,16.5,0.95,228.3,0.622,4,2,0.3282,0,0.6936,1,124.0,3.53
NH-10 (Siliguri-Gangtok),4.7,54.1,5.8,7.9,12.9,20.8,0.353,1400.7,0.741,6,2,0.0207,0,0.1633,0,0.0,1.66
NH-10 (Siliguri-Gangtok),6.5,47.2,0.1,0.3,0.4,51.5,0.136,170.9,0.382,2,2,0.0187,0,0.4903,0,0.0,1.98
NH-15 (North Bank Brahmaputra),13.9,184.2,21.9,191.0,419.6,23.9,0.95,230.6,0.713,2,2,0.2783,0,0.6847,1,87.4,3.4
NH-10 (Siliguri-Gangtok),7.7,128.5,2.6,5.3,6.0,41.5,0.162,70.2,0.215,4,1,0.0228,0,0.3256,1,28.7,2.19
Guwahati-Jalukbari-Khanapara Urban,11.3,67.9,5.5,78.5,271.6,42.7,0.95,37.2,0.558,4,3,0.2956,0,0.8186,1,108.0,3.44
NH-06 (Guwahati-Shillong),8.6,86.2,0.6,1.0,1.6,40.8,0.234,542.7,0.452,1,4,0.0177,0,0.1812,0,0.0,1.37
NH-37 (Silchar-Imphal),13.6,208.2,2.7,7.2,9.7,37.2,0.247,315.9,0.297,1,3,0.0219,0,0.0893,0,0.0,1.44
NH-37 (Silchar-Imphal),4.9,195.4,23.7,199.2,449.5,34.4,0.95,520.5,0.389,3,3,0.2816,0,0.5,1,75.9,2.98
NH-27 (East-West Corridor),2.0,169.2,2.0,4.9,9.5,31.8,0.25,76.8,0.435,2,3,0.018,0,0.2081,0,0.0,1.55
NH-10 (Siliguri-Gangtok),6.1,129.4,19.4,173.3,467.8,51.7,0.95,316.9,0.515,8,3,0.31,1,0.731,1,92.4,3.38
NH-27 (East-West Corridor),9.1,136.1,2.9,5.9,10.0,15.4,0.322,122.4,0.456,3,5,0.0191,0,0.2135,1,24.0,1.43
NH-06 (Guwahati-Shillong),3.9,215.7,4.0,10.2,19.5,17.1,0.383,110.6,0.564,3,3,0.0199,0,0.1695,0,0.0,1.51
Guwahati-Jalukbari-Khanapara Urban,7.0,214.0,0.9,1.5,1.8,34.7,0.39,24.1,0.401,3,1,0.0231,0,0.2543,0,0.0,1.9
NH-06 (Guwahati-Shillong),7.8,82.7,1.5,3.0,3.9,28.2,0.236,68.9,0.464,2,3,0.018,0,0.4991,0,0.0,1.83
NH-27 (East-West Corridor),2.0,186.9,0.2,0.6,1.0,31.3,0.315,149.5,0.498,5,3,0.0209,0,0.1494,0,0.0,1.49
NH-10 (Siliguri-Gangtok),10.9,79.5,43.3,246.7,750.0,54.9,0.95,63.5,0.583,2,3,0.2917,1,0.9488,1,143.5,3.56
NH-27 (East-West Corridor),16.0,82.4,0.9,1.4,2.2,46.0,0.357,1510.5,0.703,3,3,0.0252,0,0.1175,0,0.0,1.47
NH-10 (Siliguri-Gangtok),3.6,163.3,0.4,0.9,1.5,50.1,0.115,149.2,0.704,7,4,0.0177,0,0.156,0,0.0,1.34
NH-10 (Siliguri-Gangtok),11.2,115.9,4.5,10.4,20.3,29.7,0.274,68.9,0.593,4,1,0.0232,0,0.3902,0,0.0,2.04
NH-15 (North Bank Brahmaputra),12.3,208.0,19.5,135.4,422.9,24.6,0.95,97.7,0.627,2,3,0.2706,0,0.7255,1,96.2,3.29
NH-27 (East-West Corridor),8.1,60.6,41.5,229.4,453.4,45.7,0.95,330.1,0.606,1,4,0.258,0,0.8889,1,130.6,3.27
Guwahati-Jalukbari-Khanapara Urban,12.9,134.5,28.0,159.4,353.5,47.3,0.95,43.2,0.493,1,3,0.2918,0,0.8753,1,139.6,3.48
NH-15 (North Bank Brahmaputra),8.0,205.7,5.8,50.8,159.4,37.0,0.876,714.3,0.712,4,1,0.1617,0,0.0856,0,0.0,2.04
NH-27 (East-West Corridor),9.6,203.2,3.2,7.8,9.2,50.8,0.374,1160.0,0.385,1,4,0.022,0,0.0335,0,0.0,1.23
NH-06 (Guwahati-Shillong),1.1,72.4,0.4,0.6,0.9,53.7,0.209,119.2,0.181,1,5,0.0183,0,0.4561,1,52.9,1.89
NH-06 (Guwahati-Shillong),12.8,109.2,65.3,371.2,750.0,33.8,0.95,229.3,0.363,5,4,0.3266,1,0.8364,1,149.6,3.37
NH-37 (Silchar-Imphal),12.2,153.3,46.8,263.7,750.0,23.9,0.95,27.8,0.803,5,3,0.2877,1,0.8597,1,134.0,3.46
NH-06 (Guwahati-Shillong),1.7,72.9,5.1,14.3,19.2,35.7,0.365,378.3,0.497,3,3,0.0218,0,0.3034,0,0.0,1.65
NH-15 (North Bank Brahmaputra),7.3,214.4,2.5,3.4,4.8,54.6,0.156,207.0,0.599,3,3,0.0187,0,0.1196,0,0.0,1.46
NH-06 (Guwahati-Shillong),17.6,205.1,27.5,229.7,522.6,26.7,0.95,130.2,0.501,2,4,0.3196,1,0.7355,1,111.2,3.26
NH-27 (East-West Corridor),8.2,74.2,14.4,89.3,260.0,39.7,0.95,101.1,0.651,6,4,0.2818,0,0.8377,0,0.0,2.6
NH-27 (East-West Corridor),9.5,66.2,1.7,2.7,4.9,42.8,0.145,391.5,0.563,5,2,0.0209,0,0.2994,0,0.0,1.79
Guwahati-Jalukbari-Khanapara Urban,16.5,59.9,68.2,380.0,750.0,23.6,0.95,208.4,0.538,1,4,0.2911,0,0.9186,1,152.8,3.37
NH-06 (Guwahati-Shillong),13.2,204.2,4.0,4.6,7.4,38.5,0.416,89.3,0.66,3,4,0.0233,0,0.1814,1,15.8,1.5
Guwahati-Jalukbari-Khanapara Urban,10.9,78.9,0.1,0.1,0.2,27.6,0.107,428.9,0.466,4,3,0.0186,0,0.2332,1,20.7,1.73
Guwahati-Jalukbari-Khanapara Urban,14.6,117.8,5.6,15.7,21.0,49.2,0.419,311.4,0.617,3,2,0.0293,0,0.209,1,31.4,1.96
NH-06 (Guwahati-Shillong),15.7,123.5,0.1,0.3,0.4,43.6,0.4,704.8,0.519,3,3,0.027,0,0.0881,0,0.0,1.45
NH-27 (East-West Corridor),8.8,149.8,1.9,2.7,4.1,48.1,0.245,63.7,0.531,3,3,0.0204,0,0.252,0,0.0,1.59
NH-10 (Siliguri-Gangtok),9.1,57.6,48.7,302.9,643.1,23.0,0.95,559.1,0.403,0,4,0.2476,0,0.8296,1,126.3,3.19
NH-10 (Siliguri-Gangtok),7.6,84.7,0.2,0.6,1.3,16.4,0.183,411.8,0.511,3,2,0.0173,0,0.2348,1,23.0,1.89
NH-10 (Siliguri-Gangtok),17.4,208.0,24.8,131.2,385.1,49.0,0.95,62.8,0.453,1,2,0.3404,0,0.7792,1,104.0,3.65
Guwahati-Jalukbari-Khanapara Urban,12.9,204.0,3.1,5.6,8.0,30.5,0.385,435.4,0.753,0,4,0.0183,0,0.0667,0,0.0,1.26
NH-10 (Siliguri-Gangtok),2.4,181.7,1.0,2.8,3.9,22.2,0.379,223.9,0.247,4,3,0.0223,0,0.1207,0,0.0,1.47
NH-15 (North Bank Brahmaputra),15.7,48.4,28.6,131.4,437.5,18.7,0.95,1035.1,0.71,4,1,0.3142,1,0.7588,1,101.4,3.72
NH-37 (Silchar-Imphal),9.2,102.2,26.3,199.5,600.4,35.7,0.95,73.4,0.236,3,4,0.2992,0,0.9152,1,149.5,3.39
NH-37 (Silchar-Imphal),2.2,154.9,25.5,200.6,476.8,21.0,0.95,380.3,0.647,2,4,0.2361,0,0.6067,1,96.4,2.95
NH-15 (North Bank Brahmaputra),10.3,93.2,61.4,267.1,750.0,37.7,0.95,188.4,0.399,3,2,0.3039,1,0.8998,1,137.3,3.68
Guwahati-Jalukbari-Khanapara Urban,8.1,204.2,0.4,0.7,1.2,44.1,0.132,1119.8,0.652,1,5,0.0149,0,0.0289,0,0.0,1.06
NH-27 (East-West Corridor),15.9,155.9,0.0,0.1,0.1,36.4,0.126,160.2,0.528,1,3,0.0193,0,0.1623,0,0.0,1.5
NH-06 (Guwahati-Shillong),4.5,57.6,23.4,174.4,397.7,51.1,0.95,1166.3,0.292,3,5,0.2913,0,0.7286,1,113.0,3.04
Guwahati-Jalukbari-Khanapara Urban,15.0,204.1,30.8,220.5,718.7,21.2,0.95,831.1,0.795,3,2,0.2892,1,0.409,0,0.0,2.49
NH-10 (Siliguri-Gangtok),10.5,212.6,28.0,133.7,426.2,34.8,0.95,130.3,0.69,3,3,0.2759,1,0.7143,0,0.0,2.61
NH-06 (Guwahati-Shillong),1.9,58.6,26.8,195.5,494.4,21.5,0.95,589.6,0.641,0,3,0.2234,0,0.826,1,114.7,3.28
NH-15 (North Bank Brahmaputra),17.5,138.2,13.6,102.1,320.8,50.0,0.95,1919.5,0.435,3,5,0.3475,1,0.2264,0,0.0,1.99
NH-27 (East-West Corridor),9.7,98.1,0.3,0.7,1.1,52.3,0.211,121.9,0.696,3,3,0.0192,0,0.3821,0,0.0,1.72
NH-10 (Siliguri-Gangtok),5.9,113.7,40.9,177.5,552.8,31.0,0.95,220.9,0.319,1,2,0.2707,0,0.8394,1,137.7,3.55
NH-15 (North Bank Brahmaputra),9.0,76.4,31.5,186.8,538.7,27.2,0.95,277.0,0.149,2,4,0.2875,0,0.8817,1,127.6,3.33
NH-37 (Silchar-Imphal),15.6,146.2,12.8,123.8,330.8,26.2,0.95,142.3,0.269,3,1,0.3425,0,0.7303,0,0.0,3.08
NH-37 (Silchar-Imphal),6.2,212.6,5.4,8.9,13.7,49.4,0.233,25.4,0.384,0,5,0.0176,0,0.2206,0,0.0,1.26
Guwahati-Jalukbari-Khanapara Urban,4.3,133.0,5.4,5.4,10.1,42.3,0.274,107.0,0.414,2,1,0.0206,0,0.2837,1,42.2,2.24
NH-27 (East-West Corridor),3.2,59.5,1.7,4.8,6.6,50.2,0.323,135.9,0.472,5,3,0.0235,0,0.508,0,0.0,1.85
Guwahati-Jalukbari-Khanapara Urban,6.1,153.5,0.7,1.8,3.4,19.7,0.323,225.2,0.48,2,4,0.0177,0,0.1326,0,0.0,1.32
NH-15 (North Bank Brahmaputra),14.3,104.5,18.0,128.3,352.4,34.0,0.95,85.7,0.433,5,2,0.3424,1,0.8881,1,101.5,3.76
NH-27 (East-West Corridor),9.0,194.8,2.3,5.5,9.5,42.0,0.228,743.0,0.169,1,4,0.0201,0,0.0423,0,0.0,1.24
Guwahati-Jalukbari-Khanapara Urban,4.9,121.1,1.0,1.1,1.3,50.9,0.25,447.2,0.585,5,3,0.0213,0,0.1296,1,22.6,1.64
NH-06 (Guwahati-Shillong),3.8,78.7,1.6,1.7,2.2,30.3,0.27,51.2,0.502,2,3,0.0176,0,0.5372,1,77.2,2.45
Guwahati-Jalukbari-Khanapara Urban,6.7,78.4,16.0,86.7,255.9,27.5,0.95,387.5,0.425,2,2,0.2629,0,0.6724,1,92.6,3.37
NH-06 (Guwahati-Shillong),17.0,179.5,4.4,5.2,5.8,51.5,0.305,391.1,0.802,4,1,0.028,0,0.0923,0,0.0,1.75
NH-27 (East-West Corridor),6.8,91.5,1.3,3.9,7.6,16.9,0.237,1115.0,0.506,1,3,0.0161,0,0.1077,0,0.0,1.44
NH-06 (Guwahati-Shillong),17.8,179.3,3.5,9.7,12.3,34.2,0.23,21.1,0.561,2,3,0.0248,0,0.2528,0,0.0,1.6
NH-06 (Guwahati-Shillong),9.2,81.0,3.7,8.4,16.1,33.3,0.246,119.7,0.693,3,2,0.0196,0,0.4716,0,0.0,1.96
Guwahati-Jalukbari-Khanapara Urban,4.0,101.3,3.5,3.9,6.1,20.8,0.314,939.9,0.282,6,5,0.0212,0,0.0942,0,0.0,1.14
NH-06 (Guwahati-Shillong),16.1,126.5,2.6,4.2,6.8,30.8,0.253,961.6,0.546,4,2,0.0254,0,0.0689,0,0.0,1.57
NH-10 (Siliguri-Gangtok),8.8,210.1,25.2,154.1,546.8,43.9,0.95,466.3,0.693,2,4,0.2624,0,0.4904,0,0.0,2.21
NH-10 (Siliguri-Gangtok),13.1,208.1,1.0,1.9,2.7,29.7,0.111,528.0,0.534,1,5,0.0161,0,0.0485,0,0.0,1.08
NH-27 (East-West Corridor),17.7,81.2,0.2,0.3,0.4,27.4,0.11,53.6,0.315,3,4,0.0233,0,0.4976,1,62.2,2.16
NH-10 (Siliguri-Gangtok),1.9,107.7,19.1,94.0,229.2,46.3,0.95,272.5,0.463,2,1,0.2712,0,0.7057,1,108.0,3.57
Guwahati-Jalukbari-Khanapara Urban,2.6,71.1,1.4,2.6,4.1,54.5,0.251,112.2,0.584,4,4,0.0199,0,0.4863,0,0.0,1.68
NH-06 (Guwahati-Shillong),13.2,134.2,59.9,324.6,750.0,46.2,0.95,90.0,0.171,3,2,0.3446,0,0.864,1,141.8,3.74
NH-06 (Guwahati-Shillong),5.8,125.6,0.2,0.7,1.3,48.9,0.383,601.8,0.307,4,3,0.0247,0,0.0969,0,0.0,1.45
NH-27 (East-West Corridor),4.1,202.6,19.6,117.6,407.8,52.6,0.95,70.8,0.88,6,5,0.2703,0,0.704,0,0.0,2.29
NH-06 (Guwahati-Shillong),1.7,207.8,7.9,79.8,254.6,47.1,0.95,241.3,0.637,0,3,0.2303,0,0.3002,0,0.0,2.1
NH-06 (Guwahati-Shillong),1.4,112.1,45.4,252.5,600.2,54.2,0.95,996.5,0.817,4,3,0.2729,0,0.6045,1,98.0,3.17
NH-06 (Guwahati-Shillong),14.2,131.1,0.5,0.7,1.2,44.9,0.357,92.0,0.706,4,2,0.0251,0,0.2905,0,0.0,1.79
NH-27 (East-West Corridor),3.3,201.8,3.8,10.5,12.9,41.5,0.441,1355.7,0.621,6,3,0.0244,0,0.0337,0,0.0,1.39
NH-10 (Siliguri-Gangtok),9.0,186.2,0.7,1.6,2.6,42.7,0.322,1827.8,0.494,3,3,0.0215,0,0.0301,0,0.0,1.38
NH-15 (North Bank Brahmaputra),11.3,45.6,57.0,294.5,622.9,51.0,0.95,303.9,0.619,5,5,0.3085,0,0.9012,1,123.6,3.25
NH-10 (Siliguri-Gangtok),8.3,101.0,25.2,216.2,536.2,42.3,0.95,85.3,0.811,4,2,0.281,0,0.9224,1,111.0,3.66
NH-37 (Silchar-Imphal),1.5,118.8,2.6,7.5,12.3,45.4,0.392,153.0,0.699,2,2,0.0201,0,0.2912,0,0.0,1.78
Guwahati-Jalukbari-Khanapara Urban,14.3,85.2,1.0,1.6,2.5,23.6,0.368,213.4,0.58,5,1,0.0264,0,0.3758,0,0.0,2.03
NH-37 (Silchar-Imphal),1.2,79.9,0.9,1.2,1.8,51.5,0.107,149.5,0.519,3,2,0.0177,0,0.4339,0,0.0,1.92
NH-27 (East-West Corridor),14.0,51.6,3.7,10.6,18.0,32.9,0.314,135.3,0.64,2,2,0.0227,0,0.5364,0,0.0,2.03
NH-27 (East-West Corridor),16.2,157.6,0.1,0.1,0.2,21.4,0.335,1274.3,0.454,2,1,0.0246,0,0.0417,0,0.0,1.7
NH-15 (North Bank Brahmaputra),8.4,90.9,7.4,13.5,18.3,47.0,0.215,78.3,0.64,4,3,0.0214,0,0.4823,0,0.0,1.82
NH-10 (Siliguri-Gangtok),10.1,54.2,38.4,283.5,600.3,29.3,0.95,482.6,0.424,2,2,0.2837,0,0.8654,1,130.8,3.61
NH-15 (North Bank Brahmaputra),9.1,85.4,13.1,108.6,267.4,22.4,0.95,20.1,0.486,4,3,0.2821,0,0.9068,1,113.5,3.49
NH-15 (North Bank Brahmaputra),7.6,185.3,17.8,102.4,231.5,25.3,0.95,337.4,0.365,4,2,0.2895,0,0.4458,0,0.0,2.53
NH-06 (Guwahati-Shillong),16.1,194.0,0.3,0.5,0.8,16.4,0.358,886.7,0.471,0,5,0.02,0,0.0342,0,0.0,1.08
NH-37 (Silchar-Imphal),16.2,129.5,32.7,218.8,637.2,18.6,0.95,138.9,0.427,3,2,0.3245,0,0.84,0,0.0,3.0
NH-27 (East-West Corridor),6.7,117.8,85.0,380.0,750.0,38.7,0.95,91.8,0.855,7,1,0.2861,1,0.8979,1,170.3,3.79
Guwahati-Jalukbari-Khanapara Urban,11.5,216.1,0.5,0.7,1.3,49.6,0.263,389.1,0.389,2,4,0.0212,0,0.0705,0,0.0,1.27
NH-37 (Silchar-Imphal),16.8,80.1,16.4,150.5,445.9,32.9,0.95,456.4,0.619,5,3,0.3447,1,0.8061,1,89.5,3.53
Guwahati-Jalukbari-Khanapara Urban,17.4,82.7,1.1,2.0,2.6,40.0,0.264,427.7,0.38,5,4,0.0293,0,0.2276,0,0.0,1.44
NH-15 (North Bank Brahmaputra),9.7,96.1,2.1,2.5,4.1,47.4,0.256,154.6,0.558,2,2,0.0201,0,0.3758,0,0.0,1.87
Guwahati-Jalukbari-Khanapara Urban,8.7,75.2,0.5,1.3,2.2,29.3,0.36,121.7,0.602,4,3,0.0211,0,0.4713,0,0.0,1.81
NH-10 (Siliguri-Gangtok),5.7,111.4,1.3,1.4,2.7,41.2,0.137,1112.6,0.217,5,3,0.0215,0,0.0771,0,0.0,1.42
NH-10 (Siliguri-Gangtok),17.3,204.4,26.7,143.3,432.9,29.0,0.95,918.7,0.298,4,3,0.3615,0,0.3537,0,0.0,2.45
Guwahati-Jalukbari-Khanapara Urban,3.4,152.7,0.4,0.6,0.8,40.7,0.137,233.9,0.378,5,3,0.0198,0,0.1344,0,0.0,1.48
NH-37 (Silchar-Imphal),10.9,117.1,2.0,4.8,5.8,23.7,0.288,675.2,0.315,4,3,0.0227,0,0.0978,0,0.0,1.45
NH-10 (Siliguri-Gangtok),5.8,208.5,1.7,2.0,3.7,54.1,0.401,230.7,0.565,1,4,0.0199,0,0.1124,0,0.0,1.3
NH-37 (Silchar-Imphal),5.7,53.5,41.3,182.8,567.1,18.0,0.95,213.3,0.594,1,3,0.2376,0,0.923,1,145.4,3.41
NH-10 (Siliguri-Gangtok),7.9,81.8,1.9,4.9,6.1,35.2,0.247,79.7,0.359,4,4,0.0211,0,0.4819,0,0.0,1.67
NH-06 (Guwahati-Shillong),18.0,144.0,41.3,298.2,750.0,26.5,0.95,214.5,0.572,6,4,0.3513,0,0.7439,1,112.1,3.33
NH-27 (East-West Corridor),1.9,152.7,30.9,145.4,431.1,39.0,0.95,289.8,0.474,4,4,0.2803,0,0.6569,0,0.0,2.42
NH-06 (Guwahati-Shillong),10.8,51.9,4.6,5.5,9.7,32.1,0.288,28.0,0.532,1,3,0.019,0,0.6384,1,81.8,2.59
NH-06 (Guwahati-Shillong),2.4,115.5,3.5,4.1,5.2,27.3,0.152,225.5,0.437,1,1,0.0163,0,0.2416,1,27.1,2.08
NH-27 (East-West Corridor),3.6,158.6,30.3,180.9,594.6,25.0,0.95,552.1,0.638,2,4,0.2412,0,0.5132,1,73.7,2.74
NH-10 (Siliguri-Gangtok),8.5,167.2,1.1,1.5,2.1,22.3,0.313,418.9,0.844,2,5,0.0157,0,0.0706,0,0.0,1.1
NH-10 (Siliguri-Gangtok),9.7,156.7,2.9,5.6,7.4,46.3,0.373,372.9,0.689,0,3,0.0189,0,0.0999,0,0.0,1.44
NH-06 (Guwahati-Shillong),5.4,101.1,34.3,214.0,498.0,23.9,0.95,861.1,0.801,3,3,0.2463,0,0.663,1,98.7,3.17
NH-10 (Siliguri-Gangtok),6.4,61.4,6.0,15.9,25.0,45.9,0.434,26.4,0.297,3,3,0.0272,0,0.6526,0,0.0,2.01
Guwahati-Jalukbari-Khanapara Urban,2.5,119.7,4.6,12.4,22.6,34.4,0.357,305.0,0.428,2,3,0.021,0,0.1867,0,0.0,1.53
Guwahati-Jalukbari-Khanapara Urban,6.2,67.5,0.3,0.9,1.5,17.9,0.348,561.8,0.652,3,5,0.0172,0,0.2044,1,22.7,1.41
NH-10 (Siliguri-Gangtok),17.4,210.8,4.9,11.0,15.1,21.6,0.445,292.8,0.821,2,1,0.0266,0,0.1094,1,5.0,1.8
Guwahati-Jalukbari-Khanapara Urban,17.1,128.2,8.2,76.3,265.2,50.7,0.95,157.0,0.667,4,1,0.3467,0,0.5268,1,56.7,3.31
NH-27 (East-West Corridor),6.7,100.5,34.1,219.8,422.0,39.1,0.95,71.3,0.365,1,5,0.2608,0,0.9159,1,128.9,3.16
NH-06 (Guwahati-Shillong),10.7,179.1,19.8,147.2,521.9,22.4,0.95,784.9,0.472,4,3,0.2925,0,0.3869,0,0.0,2.33
NH-10 (Siliguri-Gangtok),16.5,132.1,22.2,163.6,361.8,43.2,0.95,242.7,0.61,1,3,0.3074,0,0.7591,0,0.0,2.73
NH-15 (North Bank Brahmaputra),1.1,99.3,2.1,4.7,6.2,47.9,0.27,756.6,0.52,0,4,0.0166,0,0.1212,0,0.0,1.31
NH-06 (Guwahati-Shillong),14.8,187.1,0.6,0.9,1.2,28.2,0.291,328.5,0.406,2,4,0.0218,0,0.0834,0,0.0,1.28
NH-27 (East-West Corridor),17.1,196.8,0.0,0.1,0.1,37.3,0.232,412.5,0.498,1,3,0.0225,0,0.0704,0,0.0,1.42
NH-06 (Guwahati-Shillong),2.6,162.8,0.3,0.7,1.0,26.7,0.201,590.8,0.547,3,3,0.0168,0,0.0584,0,0.0,1.39
NH-10 (Siliguri-Gangtok),3.7,53.2,76.1,380.0,750.0,18.2,0.95,396.7,0.355,2,3,0.2596,0,0.8782,1,175.3,3.42
NH-27 (East-West Corridor),17.3,144.1,9.6,75.9,222.8,31.0,0.853,197.7,0.727,3,4,0.2728,1,0.3839,1,49.5,2.5
NH-15 (North Bank Brahmaputra),10.1,178.6,2.9,6.1,8.7,45.1,0.181,272.3,0.471,2,4,0.0189,0,0.1021,0,0.0,1.29
NH-27 (East-West Corridor),1.2,68.9,0.2,0.5,0.7,33.3,0.237,588.7,0.537,0,2,0.0156,0,0.2214,0,0.0,1.7
Guwahati-Jalukbari-Khanapara Urban,5.4,85.0,5.0,6.2,10.4,31.2,0.26,183.7,0.736,1,2,0.0164,0,0.3939,1,39.6,2.17
NH-10 (Siliguri-Gangtok),8.6,199.4,4.5,8.5,14.4,29.6,0.205,191.9,0.528,4,3,0.02,0,0.1279,0,0.0,1.47
NH-27 (East-West Corridor),12.8,48.5,4.8,12.6,17.8,33.4,0.406,55.2,0.726,1,4,0.0209,0,0.6135,1,60.3,2.26
NH-27 (East-West Corridor),13.5,176.7,2.7,4.4,5.4,27.7,0.323,881.1,0.365,0,3,0.0205,0,0.0418,0,0.0,1.39
NH-15 (North Bank Brahmaputra),17.9,127.9,66.3,380.0,750.0,39.5,0.95,53.4,0.628,0,2,0.3135,0,0.8926,1,153.2,3.7
NH-15 (North Bank Brahmaputra),5.9,123.2,41.4,229.3,730.0,17.5,0.95,385.7,0.701,2,1,0.249,0,0.7399,1,118.4,3.56
NH-06 (Guwahati-Shillong),10.1,46.2,0.3,0.8,1.4,47.3,0.402,206.6,0.401,2,4,0.0227,0,0.4486,1,40.1,1.94
Guwahati-Jalukbari-Khanapara Urban,10.1,188.4,8.8,20.3,31.2,21.9,0.278,202.1,0.518,5,3,0.0248,0,0.1398,0,0.0,1.49
NH-06 (Guwahati-Shillong),7.9,108.0,0.8,1.0,1.6,40.3,0.214,418.3,0.522,1,2,0.0176,0,0.1732,1,20.5,1.81
NH-27 (East-West Corridor),3.9,139.6,17.8,152.9,478.3,33.0,0.95,44.3,0.588,3,3,0.2651,1,0.8536,1,108.4,3.4
NH-27 (East-West Corridor),17.6,163.5,13.0,67.5,222.5,45.9,0.883,335.2,0.635,2,2,0.2902,1,0.2632,0,0.0,2.35
NH-06 (Guwahati-Shillong),15.5,168.0,54.2,296.2,750.0,48.0,0.95,537.5,0.386,4,3,0.353,0,0.5328,1,113.3,3.28
NH-06 (Guwahati-Shillong),9.5,212.3,2.8,5.4,9.1,23.2,0.287,636.5,0.539,5,4,0.0211,0,0.0457,0,0.0,1.24
NH-27 (East-West Corridor),11.3,138.0,13.5,86.4,267.4,42.1,0.95,85.4,0.836,5,4,0.2821,0,0.6245,1,78.9,2.98
NH-27 (East-West Corridor),4.9,115.0,1.3,2.5,4.5,22.6,0.138,817.0,0.74,0,4,0.0127,0,0.0802,0,0.0,1.26
Guwahati-Jalukbari-Khanapara Urban,10.2,211.9,56.2,273.6,657.1,20.0,0.95,393.6,0.693,1,3,0.2443,0,0.5558,1,121.1,3.06
NH-27 (East-West Corridor),12.8,157.4,0.2,0.5,0.9,52.2,0.229,767.5,0.515,2,3,0.0211,0,0.052,1,8.5,1.46
NH-15 (North Bank Brahmaputra),9.8,97.2,4.3,12.0,23.1,21.6,0.424,252.4,0.88,5,4,0.022,0,0.2815,0,0.0,1.48
NH-27 (East-West Corridor),17.8,67.1,25.2,164.9,537.5,24.1,0.95,293.3,0.735,3,2,0.3235,0,0.8934,1,114.8,3.72
NH-10 (Siliguri-Gangtok),11.4,192.4,0.1,0.2,0.4,20.2,0.376,899.8,0.557,1,4,0.0185,0,0.0362,0,0.0,1.23
NH-37 (Silchar-Imphal),7.3,108.4,5.0,6.1,10.3,33.8,0.234,825.6,0.59,4,5,0.0187,0,0.0917,0,0.0,1.13
NH-37 (Silchar-Imphal),14.1,160.6,1.3,1.6,2.0,51.8,0.199,228.1,0.467,3,2,0.0236,0,0.1397,1,29.2,1.86
NH-27 (East-West Corridor),3.9,127.4,4.1,8.5,13.0,25.6,0.282,132.3,0.621,4,2,0.0197,0,0.2657,0,0.0,1.76
Guwahati-Jalukbari-Khanapara Urban,7.5,79.8,3.9,9.0,12.3,36.7,0.143,194.8,0.657,2,3,0.0167,0,0.3856,0,0.0,1.72
NH-10 (Siliguri-Gangtok),6.9,150.3,3.4,4.4,6.6,31.5,0.184,191.7,0.676,1,2,0.0158,0,0.166,0,0.0,1.65
NH-27 (East-West Corridor),8.3,55.6,0.1,0.2,0.4,28.4,0.165,138.3,0.517,3,4,0.0171,0,0.474,1,42.9,1.98
NH-10 (Siliguri-Gangtok),14.3,117.3,0.6,0.7,0.8,37.9,0.121,129.5,0.285,6,2,0.0247,0,0.2925,0,0.0,1.79
NH-06 (Guwahati-Shillong),9.2,140.7,39.7,267.7,636.2,37.4,0.95,710.8,0.594,2,2,0.2752,0,0.5482,0,0.0,2.6
Guwahati-Jalukbari-Khanapara Urban,14.5,121.3,4.6,12.4,18.1,29.4,0.432,45.3,0.677,5,5,0.0268,0,0.3546,1,49.7,1.78
NH-37 (Silchar-Imphal),10.8,176.0,1.2,3.0,4.2,49.0,0.115,416.2,0.374,1,2,0.0188,0,0.0787,0,0.0,1.57
NH-10 (Siliguri-Gangtok),6.8,189.9,1.2,2.0,3.0,17.1,0.299,86.4,0.534,4,5,0.0183,0,0.167,0,0.0,1.21
NH-15 (North Bank Brahmaputra),14.8,180.0,85.0,367.6,750.0,18.4,0.95,167.8,0.791,3,2,0.2849,0,0.739,1,153.6,3.48
NH-15 (North Bank Brahmaputra),5.1,51.8,18.1,135.6,443.2,54.6,0.95,42.2,0.333,2,5,0.2819,0,0.9495,1,130.7,3.24
NH-27 (East-West Corridor),4.8,79.0,0.5,1.3,1.8,44.9,0.381,130.1,0.499,5,2,0.0243,0,0.472,0,0.0,1.97
NH-06 (Guwahati-Shillong),9.6,138.9,39.7,283.3,750.0,47.2,0.95,532.0,0.818,2,2,0.2686,0,0.62,0,0.0,2.65
Guwahati-Jalukbari-Khanapara Urban,5.4,208.6,32.6,159.3,339.1,39.1,0.95,777.0,0.578,2,3,0.2631,0,0.4026,0,0.0,2.28
NH-15 (North Bank Brahmaputra),1.2,191.1,16.5,121.6,433.5,31.8,0.95,107.6,0.455,4,3,0.28,1,0.6872,0,0.0,2.6
NH-10 (Siliguri-Gangtok),12.0,192.4,58.6,257.4,620.5,40.2,0.95,238.0,0.549,5,2,0.3244,0,0.687,1,115.5,3.52
NH-06 (Guwahati-Shillong),9.7,98.1,9.4,93.1,289.1,18.7,0.95,242.4,0.699,1,2,0.2417,0,0.6701,1,86.5,3.29
NH-15 (North Bank Brahmaputra),8.6,120.2,25.7,196.4,552.1,45.3,0.95,743.8,0.513,0,4,0.2556,0,0.595,1,99.8,2.98
NH-10 (Siliguri-Gangtok),17.4,127.4,21.5,171.9,410.2,36.6,0.95,523.6,0.658,3,4,0.3248,0,0.6222,1,84.3,3.11
NH-10 (Siliguri-Gangtok),10.7,72.5,1.3,3.0,4.6,53.3,0.36,271.9,0.592,6,4,0.0249,0,0.3476,1,40.3,1.85
NH-10 (Siliguri-Gangtok),15.7,50.4,16.4,124.9,290.1,40.5,0.95,408.8,0.607,0,4,0.2815,0,0.8261,1,107.6,3.26
Guwahati-Jalukbari-Khanapara Urban,3.4,210.7,24.6,198.2,447.7,21.1,0.95,677.9,0.669,7,1,0.279,0,0.4557,0,0.0,2.66
Guwahati-Jalukbari-Khanapara Urban,10.7,87.1,1.1,2.2,3.3,34.1,0.291,23.4,0.497,2,3,0.0199,0,0.5446,0,0.0,1.88
NH-37 (Silchar-Imphal),15.8,87.0,3.5,29.7,139.2,17.3,0.755,200.5,0.38,3,2,0.0942,0,0.4273,1,40.5,2.38
NH-10 (Siliguri-Gangtok),10.9,59.6,0.0,0.0,0.1,44.8,0.33,852.2,0.635,3,1,0.0224,0,0.202,0,0.0,1.85
NH-06 (Guwahati-Shillong),13.2,207.5,7.5,9.3,16.2,35.1,0.403,491.9,0.526,5,4,0.0272,0,0.0629,0,0.0,1.27
NH-15 (North Bank Brahmaputra),7.3,146.5,73.2,298.6,750.0,29.8,0.95,294.0,0.469,2,4,0.2625,1,0.6876,1,112.3,3.08
NH-27 (East-West Corridor),2.6,161.7,0.3,0.3,0.7,53.7,0.399,284.0,0.645,4,4,0.0216,0,0.1128,1,5.0,1.35
NH-10 (Siliguri-Gangtok),8.8,204.5,0.1,0.1,0.1,52.6,0.334,169.6,0.78,1,5,0.0175,0,0.127,0,0.0,1.16
NH-37 (Silchar-Imphal),7.7,105.5,1.5,2.2,2.5,53.1,0.382,277.3,0.522,4,3,0.0239,0,0.2447,1,35.4,1.86
NH-15 (North Bank Brahmaputra),15.7,153.8,0.5,1.4,2.8,23.8,0.205,392.9,0.552,1,5,0.0185,0,0.0804,0,0.0,1.12
NH-15 (North Bank Brahmaputra),5.1,51.8,0.7,2.0,3.1,44.1,0.205,209.7,0.337,3,3,0.0199,0,0.438,0,0.0,1.78
Guwahati-Jalukbari-Khanapara Urban,17.4,77.7,0.6,1.0,1.8,52.8,0.215,458.3,0.51,4,5,0.0264,0,0.2202,0,0.0,1.28
NH-37 (Silchar-Imphal),17.3,190.5,2.1,4.5,8.2,37.8,0.259,711.2,0.59,4,1,0.028,0,0.0514,0,0.0,1.71
NH-37 (Silchar-Imphal),5.2,179.2,1.6,54.5,188.8,23.6,0.95,78.8,0.546,5,2,0.2096,0,0.3119,0,0.0,2.22
NH-10 (Siliguri-Gangtok),6.9,106.4,21.2,181.5,555.2,47.7,0.95,230.2,0.485,3,3,0.2898,1,0.8477,1,114.4,3.45
NH-10 (Siliguri-Gangtok),16.2,110.9,1.5,4.2,6.7,50.2,0.272,203.5,0.681,2,2,0.0241,0,0.2754,1,40.8,2.08
NH-06 (Guwahati-Shillong),17.4,138.4,21.7,134.4,312.2,43.1,0.95,427.1,0.56,5,1,0.3776,0,0.6274,0,0.0,3.05
NH-06 (Guwahati-Shillong),8.5,45.0,0.2,0.3,0.3,26.7,0.344,120.6,0.88,3,2,0.0182,0,0.547,1,48.1,2.39
NH-37 (Silchar-Imphal),6.5,87.2,4.4,4.8,7.7,22.6,0.135,377.8,0.587,1,4,0.0144,0,0.2282,1,39.9,1.71
NH-06 (Guwahati-Shillong),9.9,81.4,1.7,3.9,4.7,40.0,0.252,754.8,0.08,3,5,0.0226,0,0.1473,0,0.0,1.2
NH-15 (North Bank Brahmaputra),12.7,88.8,11.8,97.3,233.8,34.3,0.95,209.5,0.35,2,2,0.2967,0,0.7672,1,70.3,3.39
NH-06 (Guwahati-Shillong),5.6,186.0,34.6,218.4,750.0,41.8,0.95,866.8,0.646,0,5,0.2332,1,0.383,0,0.0,1.89
NH-27 (East-West Corridor),13.5,93.9,10.1,27.3,47.4,19.5,0.371,1764.9,0.434,2,4,0.0286,0,0.1075,0,0.0,1.32
NH-06 (Guwahati-Shillong),1.9,78.5,2.1,3.9,7.4,20.4,0.367,59.3,0.445,5,2,0.0222,0,0.5458,0,0.0,2.04
NH-37 (Silchar-Imphal),1.8,133.2,1.7,5.0,8.1,29.5,0.168,112.9,0.327,7,3,0.0201,0,0.243,0,0.0,1.58
NH-10 (Siliguri-Gangtok),7.6,196.5,1.4,1.4,2.1,25.4,0.402,1071.2,0.464,0,5,0.0174,0,0.0314,0,0.0,1.07
Guwahati-Jalukbari-Khanapara Urban,7.0,87.2,25.2,187.1,630.3,39.8,0.95,1132.3,0.585,4,4,0.2815,0,0.6697,1,89.9,3.11
NH-10 (Siliguri-Gangtok),6.4,58.7,5.6,9.0,10.1,29.7,0.22,56.0,0.619,5,3,0.0199,0,0.5926,1,79.8,2.53
NH-37 (Silchar-Imphal),9.3,107.4,85.0,380.0,750.0,42.4,0.95,25.3,0.366,4,2,0.3171,1,0.9346,1,162.7,3.75
Guwahati-Jalukbari-Khanapara Urban,6.5,175.8,0.2,0.5,0.7,45.8,0.209,81.5,0.695,3,4,0.0174,0,0.1891,0,0.0,1.38
NH-15 (North Bank Brahmaputra),4.3,141.4,29.5,147.5,370.5,22.5,0.95,1953.6,0.336,5,3,0.295,0,0.382,1,74.8,2.89
NH-27 (East-West Corridor),6.3,187.9,52.5,247.4,615.2,51.8,0.95,89.5,0.629,3,2,0.2864,0,0.8023,1,136.7,3.55
NH-37 (Silchar-Imphal),17.6,212.9,1.9,2.1,2.8,46.5,0.324,264.4,0.611,4,2,0.0295,0,0.1084,0,0.0,1.62
NH-37 (Silchar-Imphal),8.0,183.7,77.5,380.0,750.0,40.1,0.95,680.3,0.382,5,4,0.3095,0,0.4445,1,121.0,2.95
NH-15 (North Bank Brahmaputra),8.6,150.7,41.4,273.7,750.0,51.4,0.95,27.2,0.36,4,2,0.3227,1,0.8752,1,139.6,3.7
NH-37 (Silchar-Imphal),10.8,131.3,0.7,2.1,3.1,25.6,0.272,344.7,0.619,6,4,0.0206,0,0.1256,0,0.0,1.32
NH-10 (Siliguri-Gangtok),17.7,52.0,1.5,2.8,4.7,31.9,0.28,133.5,0.449,4,4,0.0274,0,0.4977,1,63.1,2.18
NH-15 (North Bank Brahmaputra),5.1,217.3,11.6,86.0,229.7,18.4,0.95,714.0,0.516,2,2,0.2423,0,0.1774,0,0.0,2.16
Guwahati-Jalukbari-Khanapara Urban,12.6,112.1,0.0,0.1,0.1,33.2,0.332,136.7,0.674,1,3,0.019,0,0.3058,1,26.9,1.85
NH-27 (East-West Corridor),13.2,71.6,0.7,1.2,2.2,35.3,0.33,426.3,0.636,5,5,0.023,0,0.2457,1,20.9,1.45
NH-06 (Guwahati-Shillong),11.3,161.7,0.1,0.3,0.4,39.6,0.359,412.5,0.385,3,4,0.023,0,0.0807,0,0.0,1.28
Guwahati-Jalukbari-Khanapara Urban,2.5,94.8,9.2,75.5,246.9,17.6,0.95,107.6,0.54,1,4,0.2172,1,0.6776,1,88.0,2.96
NH-37 (Silchar-Imphal),12.5,147.5,61.2,380.0,750.0,16.3,0.95,32.4,0.382,5,3,0.3137,0,0.8629,1,144.1,3.52
NH-37 (Silchar-Imphal),2.1,147.7,6.8,87.9,228.5,31.8,0.932,204.2,0.707,3,2,0.2432,0,0.4439,0,0.0,2.42
NH-37 (Silchar-Imphal),11.1,123.0,0.7,1.3,2.2,22.6,0.192,139.5,0.827,8,3,0.0183,0,0.2511,0,0.0,1.59
NH-37 (Silchar-Imphal),13.6,191.3,4.2,5.4,8.3,45.4,0.132,599.4,0.398,2,4,0.0203,0,0.0502,0,0.0,1.24
NH-27 (East-West Corridor),4.6,91.4,18.3,90.7,302.6,41.7,0.95,583.9,0.544,3,1,0.2823,1,0.5968,1,83.0,3.43
NH-10 (Siliguri-Gangtok),15.3,123.5,22.9,136.6,313.9,28.0,0.95,233.7,0.715,4,1,0.3183,0,0.7845,0,0.0,3.08
Guwahati-Jalukbari-Khanapara Urban,1.5,139.1,0.5,1.2,2.0,16.8,0.148,346.4,0.554,0,3,0.0133,0,0.1126,0,0.0,1.44
NH-27 (East-West Corridor),15.3,161.1,2.7,4.9,9.2,22.3,0.229,344.4,0.651,6,3,0.0232,0,0.0953,0,0.0,1.45
NH-27 (East-West Corridor),8.8,182.2,4.7,13.1,21.0,42.7,0.314,634.4,0.559,6,5,0.0236,0,0.0506,0,0.0,1.1
NH-27 (East-West Corridor),4.7,114.1,4.5,58.8,216.4,54.6,0.95,213.7,0.36,2,1,0.251,1,0.4251,0,0.0,2.57
NH-27 (East-West Corridor),3.3,158.1,12.9,134.4,316.2,28.1,0.95,132.8,0.571,2,2,0.2563,0,0.7296,1,79.6,3.33
NH-27 (East-West Corridor),17.2,71.4,20.7,110.0,402.3,47.1,0.95,127.8,0.753,3,4,0.3236,1,0.8964,1,135.3,3.42
NH-27 (East-West Corridor),2.2,208.2,51.2,351.3,750.0,49.7,0.95,288.9,0.607,1,3,0.2554,0,0.636,1,117.5,3.17
NH-27 (East-West Corridor),4.4,112.0,2.8,5.6,7.0,16.9,0.388,228.7,0.842,1,3,0.0159,0,0.2409,0,0.0,1.57
NH-10 (Siliguri-Gangtok),6.9,172.7,19.0,129.4,446.3,51.6,0.95,223.0,0.231,2,4,0.2958,0,0.628,1,98.4,3.1
NH-10 (Siliguri-Gangtok),11.5,48.6,8.3,75.2,178.0,33.6,0.95,53.4,0.618,2,1,0.2391,0,0.8444,1,97.5,3.64
NH-15 (North Bank Brahmaputra),10.3,80.9,1.0,2.2,3.1,53.6,0.176,463.8,0.433,4,5,0.0209,0,0.2101,0,0.0,1.25
NH-27 (East-West Corridor),3.1,130.2,58.6,380.0,750.0,36.5,0.95,104.2,0.392,4,2,0.2959,0,0.8622,1,134.7,3.63
NH-37 (Silchar-Imphal),5.9,198.7,3.0,5.5,9.0,24.4,0.202,96.8,0.79,3,1,0.0169,0,0.1894,0,0.0,1.82
NH-06 (Guwahati-Shillong),5.1,137.3,13.9,129.6,398.7,54.0,0.95,206.3,0.504,1,2,0.2743,0,0.7241,1,92.9,3.45
NH-27 (East-West Corridor),4.6,207.7,38.0,301.2,750.0,24.7,0.95,110.5,0.487,4,4,0.2716,1,0.7512,0,0.0,2.49
Guwahati-Jalukbari-Khanapara Urban,8.0,129.7,52.4,306.2,680.7,50.3,0.95,326.9,0.612,4,2,0.3011,1,0.7479,1,115.4,3.53
Guwahati-Jalukbari-Khanapara Urban,13.0,130.8,23.4,115.4,294.1,21.9,0.95,182.5,0.163,1,1,0.3039,0,0.7595,1,99.9,3.7
NH-27 (East-West Corridor),4.7,66.0,7.0,7.4,13.5,42.0,0.354,228.6,0.794,4,1,0.0215,0,0.4428,0,0.0,2.09
NH-10 (Siliguri-Gangtok),7.2,185.5,1.7,2.4,4.3,31.5,0.248,289.6,0.88,5,2,0.0188,0,0.1024,0,0.0,1.59
NH-15 (North Bank Brahmaputra),7.6,88.2,3.4,6.6,12.0,53.9,0.207,99.7,0.715,1,2,0.0178,0,0.4703,1,50.2,2.33
Guwahati-Jalukbari-Khanapara Urban,17.6,202.4,60.4,380.0,750.0,22.4,0.95,79.3,0.624,3,3,0.3222,0,0.7868,1,142.4,3.46
NH-10 (Siliguri-Gangtok),17.2,204.4,45.9,231.4,597.6,31.4,0.95,763.3,0.511,3,2,0.3402,0,0.4303,1,91.2,3.3
NH-06 (Guwahati-Shillong),14.6,210.1,37.0,287.8,720.5,40.6,0.95,219.0,0.356,4,3,0.3407,1,0.6817,1,98.0,3.4
NH-37 (Silchar-Imphal),5.1,136.0,0.0,0.1,0.2,54.1,0.271,205.9,0.765,3,3,0.0186,0,0.183,0,0.0,1.52
NH-10 (Siliguri-Gangtok),2.2,163.5,22.1,116.5,425.2,27.2,0.95,32.7,0.715,1,4,0.2272,0,0.7789,1,104.2,3.1
Guwahati-Jalukbari-Khanapara Urban,6.4,181.2,37.0,238.9,734.1,30.9,0.95,261.2,0.631,3,2,0.2697,0,0.6748,0,0.0,2.71
NH-15 (North Bank Brahmaputra),5.5,67.9,22.6,159.1,502.5,33.5,0.95,302.7,0.61,3,3,0.2666,0,0.8835,1,106.3,3.44
NH-06 (Guwahati-Shillong),9.6,150.2,2.1,4.9,8.1,25.1,0.242,306.4,0.604,2,4,0.0173,0,0.1099,0,0.0,1.3
NH-37 (Silchar-Imphal),14.2,51.0,1.7,2.1,3.2,47.7,0.348,449.7,0.455,3,5,0.0245,0,0.2775,0,0.0,1.33
NH-15 (North Bank Brahmaputra),15.6,132.1,2.9,4.2,6.6,18.7,0.249,88.4,0.88,2,3,0.0186,0,0.2685,0,0.0,1.61
NH-15 (North Bank Brahmaputra),15.4,72.1,27.2,194.4,446.4,43.2,0.95,121.7,0.499,5,3,0.3497,1,0.9374,1,138.5,3.67
NH-10 (Siliguri-Gangtok),7.1,77.0,5.7,45.1,177.5,36.4,0.721,602.6,0.473,1,3,0.1336,0,0.2819,0,0.0,1.87
NH-37 (Silchar-Imphal),12.7,108.9,22.9,182.5,421.9,24.7,0.95,1049.2,0.752,2,3,0.2643,1,0.5902,1,83.5,3.09
NH-06 (Guwahati-Shillong),6.3,120.7,0.7,1.5,1.7,34.7,0.275,71.1,0.545,4,2,0.0205,0,0.3436,0,0.0,1.84
NH-06 (Guwahati-Shillong),2.0,154.1,0.5,0.9,1.7,48.2,0.355,261.0,0.547,3,3,0.0206,0,0.1313,0,0.0,1.48
NH-27 (East-West Corridor),12.9,58.0,35.6,168.3,558.8,32.8,0.95,104.4,0.805,2,5,0.2587,0,0.9416,1,131.5,3.18
NH-27 (East-West Corridor),1.2,133.1,42.7,282.1,750.0,19.9,0.95,41.7,0.672,4,3,0.2559,1,0.8807,1,115.3,3.41
NH-10 (Siliguri-Gangtok),8.0,77.0,11.6,111.1,255.9,16.6,0.95,157.8,0.681,3,2,0.2556,1,0.8591,1,113.4,3.54
Guwahati-Jalukbari-Khanapara Urban,6.6,145.4,44.0,248.9,517.1,46.1,0.95,74.3,0.295,2,5,0.2809,1,0.8321,1,118.8,3.12
NH-27 (East-West Corridor),12.8,156.5,1.0,3.0,5.8,28.2,0.184,453.2,0.622,4,3,0.02,0,0.0774,0,0.0,1.42
NH-10 (Siliguri-Gangtok),14.0,142.4,20.7,128.9,450.7,52.2,0.95,287.0,0.369,5,3,0.3569,0,0.6618,1,79.8,3.34
NH-37 (Silchar-Imphal),6.2,174.2,48.4,261.8,750.0,39.7,0.95,74.4,0.468,2,3,0.2727,0,0.8104,0,0.0,2.7
NH-06 (Guwahati-Shillong),14.8,103.7,2.2,4.0,5.1,32.5,0.193,23.2,0.582,1,3,0.0191,0,0.4651,1,44.2,2.13
NH-27 (East-West Corridor),6.0,178.9,2.1,3.6,6.3,37.6,0.198,597.9,0.543,5,2,0.0206,0,0.0574,0,0.0,1.55
NH-10 (Siliguri-Gangtok),8.6,120.7,5.7,12.5,23.7,33.3,0.208,87.8,0.668,4,3,0.0201,0,0.3251,1,40.2,1.97
NH-15 (North Bank Brahmaputra),13.4,129.7,2.5,6.2,9.0,51.2,0.28,346.2,0.689,1,2,0.021,0,0.1493,1,18.7,1.78
NH-15 (North Bank Brahmaputra),12.8,158.4,19.9,118.5,281.2,33.3,0.95,163.8,0.702,2,4,0.2683,0,0.6688,1,106.0,3.08
NH-06 (Guwahati-Shillong),17.8,48.2,4.7,8.6,14.0,19.2,0.303,328.2,0.308,5,2,0.0319,0,0.3742,0,0.0,1.89
NH-37 (Silchar-Imphal),4.8,159.4,2.2,5.5,7.1,38.9,0.259,152.8,0.88,3,4,0.0167,0,0.1638,0,0.0,1.35
NH-27 (East-West Corridor),12.3,153.3,0.7,1.9,2.2,39.9,0.263,51.8,0.546,4,2,0.0229,0,0.2632,0,0.0,1.76
NH-27 (East-West Corridor),11.4,99.2,62.8,380.0,750.0,45.6,0.95,108.3,0.768,2,2,0.278,0,0.9185,1,139.6,3.65
NH-37 (Silchar-Imphal),16.6,60.0,2.8,6.6,12.5,52.3,0.386,92.9,0.097,2,2,0.0335,0,0.5748,1,51.5,2.48
NH-15 (North Bank Brahmaputra),3.7,60.9,41.3,221.7,749.9,32.7,0.95,215.5,0.502,3,5,0.2607,0,0.9128,1,126.8,3.15
Guwahati-Jalukbari-Khanapara Urban,13.8,206.6,2.5,5.1,7.8,29.1,0.189,395.8,0.287,2,3,0.0213,0,0.0716,0,0.0,1.42
NH-10 (Siliguri-Gangtok),10.7,165.6,4.0,5.5,7.5,34.6,0.396,127.2,0.395,3,4,0.0233,0,0.1774,0,0.0,1.38
NH-37 (Silchar-Imphal),5.7,67.2,7.4,9.3,16.6,51.0,0.188,24.3,0.559,4,3,0.0206,0,0.6234,1,80.3,2.56
NH-15 (North Bank Brahmaputra),9.1,107.4,6.1,12.0,15.2,54.2,0.371,276.1,0.49,3,5,0.0236,0,0.2306,1,34.8,1.54
NH-06 (Guwahati-Shillong),6.7,148.7,0.8,1.0,1.4,53.8,0.308,345.8,0.787,1,2,0.018,0,0.1169,0,0.0,1.61
NH-06 (Guwahati-Shillong),10.8,191.2,1.1,2.4,3.1,24.2,0.132,1172.7,0.868,4,3,0.0165,0,0.0314,1,10.8,1.45
Guwahati-Jalukbari-Khanapara Urban,16.1,52.6,13.7,81.9,259.2,34.9,0.95,331.6,0.376,10,4,0.3413,0,0.6959,1,93.9,3.26
NH-37 (Silchar-Imphal),10.7,86.4,21.4,160.9,462.8,25.4,0.95,243.0,0.462,1,3,0.2654,0,0.8754,1,113.0,3.43
NH-15 (North Bank Brahmaputra),11.7,200.7,4.3,4.6,5.6,29.7,0.341,318.2,0.364,0,5,0.019,0,0.0822,0,0.0,1.12
NH-10 (Siliguri-Gangtok),9.8,46.6,0.9,1.0,1.2,16.3,0.187,940.4,0.758,5,3,0.0177,0,0.1757,0,0.0,1.51
NH-37 (Silchar-Imphal),1.9,80.2,28.6,189.8,581.0,21.4,0.95,636.9,0.579,2,4,0.2405,0,0.7678,1,98.9,3.11
Guwahati-Jalukbari-Khanapara Urban,5.0,212.8,14.8,132.1,477.2,30.9,0.95,156.5,0.556,3,2,0.2722,0,0.6651,1,86.6,3.36
NH-27 (East-West Corridor),9.4,152.3,3.0,9.1,15.5,29.6,0.335,114.8,0.606,3,2,0.0214,0,0.2182,0,0.0,1.71
NH-15 (North Bank Brahmaputra),6.3,90.8,7.9,77.9,173.3,26.2,0.767,126.6,0.494,5,3,0.2193,1,0.6818,1,82.9,3.08
NH-37 (Silchar-Imphal),4.1,56.7,10.4,77.9,241.0,24.2,0.95,265.7,0.396,3,4,0.2509,0,0.6803,1,77.1,2.95
Guwahati-Jalukbari-Khanapara Urban,9.6,49.9,21.4,126.6,319.2,45.0,0.95,497.0,0.559,3,3,0.2893,1,0.8236,1,101.1,3.43
Guwahati-Jalukbari-Khanapara Urban,6.5,87.8,0.9,2.1,4.0,26.8,0.247,264.9,0.502,4,3,0.0193,1,0.2988,1,28.2,1.85
NH-27 (East-West Corridor),5.4,199.3,8.1,18.8,23.5,43.3,0.452,44.6,0.612,4,3,0.0258,0,0.2489,1,46.6,1.95
Guwahati-Jalukbari-Khanapara Urban,8.9,117.8,3.6,4.9,7.6,29.7,0.386,470.0,0.256,5,4,0.0254,0,0.1279,0,0.0,1.33
NH-10 (Siliguri-Gangtok),3.3,171.1,23.5,138.1,456.0,47.1,0.95,593.9,0.584,7,2,0.3013,0,0.4729,0,0.0,2.58
Guwahati-Jalukbari-Khanapara Urban,16.8,205.7,37.5,276.8,669.3,21.7,0.95,139.6,0.426,1,3,0.306,0,0.7375,1,118.8,3.38
NH-27 (East-West Corridor),15.8,116.4,0.9,1.2,1.6,21.3,0.388,401.9,0.577,3,3,0.0242,0,0.1502,0,0.0,1.5
NH-15 (North Bank Brahmaputra),13.0,78.5,71.2,374.1,706.4,42.2,0.95,214.7,0.713,3,3,0.2931,0,0.9078,1,151.1,3.52
NH-37 (Silchar-Imphal),2.8,135.5,21.7,112.2,257.6,51.6,0.95,789.8,0.45,5,4,0.3003,1,0.4132,0,0.0,2.22
Guwahati-Jalukbari-Khanapara Urban,14.2,203.9,28.5,212.6,421.8,20.7,0.95,673.0,0.765,3,1,0.2895,0,0.4624,1,80.1,3.3
Guwahati-Jalukbari-Khanapara Urban,14.7,185.8,32.2,146.4,380.0,17.9,0.95,280.9,0.237,3,4,0.3144,0,0.6072,1,105.4,3.12
NH-10 (Siliguri-Gangtok),14.1,56.5,22.2,127.2,350.3,52.4,0.95,431.6,0.828,4,3,0.3101,0,0.8399,1,112.4,3.49
NH-27 (East-West Corridor),2.9,166.2,0.6,1.2,2.1,19.7,0.224,772.0,0.773,5,4,0.0167,0,0.0436,0,0.0,1.23
NH-27 (East-West Corridor),11.9,145.1,50.3,380.0,750.0,25.0,0.95,259.6,0.39,2,2,0.291,0,0.7329,1,122.7,3.49
NH-15 (North Bank Brahmaputra),15.2,203.8,12.7,110.1,309.7,52.2,0.95,151.5,0.392,3,2,0.3459,0,0.5971,1,85.6,3.44
NH-27 (East-West Corridor),10.8,66.4,0.2,0.4,0.7,47.1,0.151,510.4,0.281,2,3,0.0201,0,0.2396,0,0.0,1.58
NH-27 (East-West Corridor),12.0,138.5,2.2,3.1,4.6,28.7,0.268,107.0,0.716,5,4,0.0208,0,0.2274,1,26.9,1.62
NH-15 (North Bank Brahmaputra),8.8,198.9,31.5,152.8,541.5,53.2,0.95,192.2,0.491,3,4,0.294,0,0.6838,1,108.1,3.15
NH-27 (East-West Corridor),10.0,116.8,2.1,4.7,8.6,37.7,0.294,722.8,0.477,5,3,0.0236,0,0.0958,0,0.0,1.45
NH-06 (Guwahati-Shillong),1.6,129.3,5.2,45.2,171.5,17.9,0.682,471.1,0.348,4,5,0.1277,0,0.1408,0,0.0,1.42
NH-37 (Silchar-Imphal),11.9,57.3,0.4,0.5,0.9,43.1,0.344,201.0,0.876,4,3,0.0212,0,0.4434,1,45.9,2.13
Guwahati-Jalukbari-Khanapara Urban,2.4,93.7,1.8,3.3,3.7,36.5,0.392,104.6,0.375,4,3,0.0228,0,0.4279,0,0.0,1.77
Guwahati-Jalukbari-Khanapara Urban,8.4,101.8,5.7,8.2,9.8,37.9,0.265,174.0,0.554,1,2,0.0187,0,0.3398,0,0.0,1.83
Guwahati-Jalukbari-Khanapara Urban,6.0,210.4,1.9,3.3,4.5,54.8,0.225,137.0,0.589,4,1,0.0216,0,0.168,0,0.0,1.81
NH-10 (Siliguri-Gangtok),10.3,94.5,26.8,156.6,404.8,21.1,0.95,87.8,0.478,8,3,0.2995,0,0.9184,1,126.0,3.54
NH-27 (East-West Corridor),3.3,125.7,31.7,177.5,555.3,41.3,0.95,496.0,0.442,4,1,0.3016,0,0.6863,1,82.8,3.56
NH-37 (Silchar-Imphal),12.8,162.5,0.8,1.7,3.0,33.3,0.303,121.7,0.484,4,3,0.0233,0,0.1841,0,0.0,1.53
Guwahati-Jalukbari-Khanapara Urban,14.5,73.4,2.4,2.5,3.6,25.9,0.343,231.9,0.652,4,4,0.0228,0,0.3631,0,0.0,1.56
NH-15 (North Bank Brahmaputra),3.8,130.1,5.0,14.5,16.5,42.7,0.255,190.6,0.488,5,3,0.0229,0,0.2162,0,0.0,1.56
NH-27 (East-West Corridor),2.8,174.2,0.0,0.0,0.1,41.7,0.202,1427.6,0.843,3,3,0.0161,0,0.0322,0,0.0,1.37
NH-27 (East-West Corridor),3.5,196.7,16.6,79.5,178.9,49.3,0.832,193.6,0.41,2,2,0.2288,0,0.4179,0,0.0,2.37
NH-27 (East-West Corridor),15.9,154.6,0.5,1.3,2.1,50.2,0.158,49.2,0.686,4,2,0.0236,0,0.2608,0,0.0,1.76
NH-10 (Siliguri-Gangtok),10.0,162.1,1.2,1.9,3.5,37.5,0.39,52.9,0.234,2,2,0.0241,0,0.2532,0,0.0,1.75
NH-37 (Silchar-Imphal),8.9,67.1,3.8,9.6,11.6,28.0,0.35,332.7,0.41,4,3,0.0233,0,0.3317,0,0.0,1.68
NH-15 (North Bank Brahmaputra),2.8,210.5,3.5,9.3,12.4,36.2,0.271,340.1,0.403,2,3,0.0193,0,0.0852,0,0.0,1.43
Guwahati-Jalukbari-Khanapara Urban,12.0,68.2,4.4,6.6,9.2,29.4,0.167,209.9,0.351,4,2,0.0222,0,0.4168,0,0.0,1.91
NH-06 (Guwahati-Shillong),15.8,180.6,5.6,16.8,33.1,26.1,0.465,217.9,0.601,4,3,0.0311,0,0.137,0,0.0,1.5
NH-10 (Siliguri-Gangtok),15.1,91.3,77.8,380.0,750.0,37.1,0.95,39.4,0.53,4,3,0.328,0,0.9439,0,0.0,2.96
NH-15 (North Bank Brahmaputra),11.6,208.4,24.2,180.9,404.8,41.3,0.95,274.4,0.14,0,4,0.29,0,0.6206,1,95.1,3.08
NH-10 (Siliguri-Gangtok),2.3,171.0,21.5,135.0,307.2,38.6,0.95,265.9,0.88,6,2,0.2714,1,0.6361,1,70.8,3.21
NH-06 (Guwahati-Shillong),2.9,176.9,0.9,1.2,1.3,53.2,0.187,76.7,0.582,3,2,0.0187,0,0.211,0,0.0,1.7
NH-10 (Siliguri-Gangtok),1.8,83.3,1.1,2.7,3.6,26.9,0.298,58.4,0.55,1,4,0.0161,0,0.4989,0,0.0,1.68
Guwahati-Jalukbari-Khanapara Urban,5.4,122.5,2.7,7.4,11.1,29.9,0.283,66.2,0.786,2,3,0.0168,0,0.3341,1,54.2,2.07
NH-37 (Silchar-Imphal),3.3,153.1,16.4,107.9,338.0,41.7,0.95,57.3,0.728,0,4,0.2282,0,0.7311,1,120.8,3.05
NH-37 (Silchar-Imphal),5.4,179.7,17.5,143.2,480.5,39.0,0.95,349.3,0.496,3,2,0.2837,0,0.5731,0,0.0,2.64
Guwahati-Jalukbari-Khanapara Urban,7.5,63.2,2.7,8.0,9.7,15.1,0.223,96.6,0.199,3,4,0.0194,0,0.5108,1,69.3,2.22
Guwahati-Jalukbari-Khanapara Urban,17.0,213.4,0.0,0.1,0.1,27.5,0.323,121.4,0.652,3,2,0.0248,0,0.1636,1,18.9,1.81
NH-37 (Silchar-Imphal),11.4,200.8,10.8,85.7,298.7,25.2,0.95,86.7,0.377,1,3,0.2692,0,0.4943,1,68.6,2.9
NH-15 (North Bank Brahmaputra),15.2,92.3,25.1,135.7,432.9,48.6,0.95,1128.2,0.773,4,2,0.3258,0,0.6442,1,77.7,3.39
Guwahati-Jalukbari-Khanapara Urban,13.1,189.0,9.2,51.7,162.0,49.6,0.767,694.9,0.41,3,1,0.185,1,0.0979,0,0.0,2.1
NH-10 (Siliguri-Gangtok),2.9,135.7,15.8,139.3,389.7,26.4,0.95,111.7,0.469,5,3,0.2867,1,0.7993,0,0.0,2.72
NH-37 (Silchar-Imphal),13.5,125.8,40.6,266.0,750.0,19.1,0.95,158.9,0.308,1,3,0.2857,0,0.8313,0,0.0,2.75
NH-06 (Guwahati-Shillong),5.7,100.0,4.3,7.9,14.7,23.2,0.23,102.5,0.323,1,3,0.0178,0,0.393,1,44.0,2.06
NH-06 (Guwahati-Shillong),11.9,146.7,51.7,308.1,750.0,22.1,0.95,257.0,0.53,4,3,0.2935,1,0.7189,0,0.0,2.66
Guwahati-Jalukbari-Khanapara Urban,6.8,172.7,13.6,110.9,327.3,24.5,0.95,26.9,0.514,3,3,0.2676,1,0.732,0,0.0,2.61
NH-06 (Guwahati-Shillong),18.0,116.9,17.9,116.4,281.7,24.4,0.95,409.5,0.464,3,4,0.333,1,0.6197,0,0.0,2.5
NH-06 (Guwahati-Shillong),5.5,155.1,0.1,0.1,0.2,34.2,0.225,279.2,0.88,3,2,0.0164,0,0.1228,1,10.0,1.68
NH-37 (Silchar-Imphal),5.7,167.4,0.1,0.1,0.2,27.8,0.398,821.2,0.659,5,4,0.0208,0,0.0437,0,0.0,1.24
NH-10 (Siliguri-Gangtok),16.8,169.4,0.2,0.3,0.6,37.4,0.28,82.9,0.552,5,3,0.0275,0,0.2027,0,0.0,1.56
NH-27 (East-West Corridor),1.4,54.1,1.2,3.0,3.4,28.8,0.132,590.6,0.08,4,3,0.0199,0,0.2296,0,0.0,1.57
NH-06 (Guwahati-Shillong),12.8,195.5,21.6,107.2,332.4,47.6,0.95,569.5,0.699,4,2,0.3121,1,0.3754,0,0.0,2.51
Guwahati-Jalukbari-Khanapara Urban,13.3,125.2,8.3,13.8,19.2,53.0,0.428,67.6,0.88,3,2,0.0259,0,0.3683,0,0.0,1.87
NH-27 (East-West Corridor),15.2,90.9,1.6,1.9,2.8,31.2,0.369,197.9,0.516,1,2,0.0231,0,0.3582,0,0.0,1.86
NH-06 (Guwahati-Shillong),17.6,87.3,79.9,380.0,750.0,17.0,0.95,85.3,0.404,4,2,0.3509,0,0.9361,1,167.3,3.82
NH-10 (Siliguri-Gangtok),17.6,129.5,0.7,1.5,2.2,24.6,0.376,122.9,0.579,3,5,0.0252,0,0.2325,0,0.0,1.29
NH-15 (North Bank Brahmaputra),2.1,200.2,0.8,1.4,2.5,19.1,0.161,126.9,0.292,1,5,0.0149,0,0.136,0,0.0,1.17
NH-06 (Guwahati-Shillong),15.0,111.2,0.8,2.2,4.3,28.8,0.116,304.4,0.633,5,3,0.0212,0,0.1918,0,0.0,1.54
Guwahati-Jalukbari-Khanapara Urban,12.0,176.2,14.7,106.4,320.8,40.8,0.95,205.5,0.82,2,2,0.272,0,0.5602,1,74.2,3.16
NH-10 (Siliguri-Gangtok),12.0,61.9,1.3,2.0,3.7,35.8,0.323,1053.0,0.429,5,5,0.0239,0,0.1476,0,0.0,1.2
Guwahati-Jalukbari-Khanapara Urban,3.2,128.3,30.6,193.0,505.7,24.7,0.95,67.3,0.435,3,4,0.2633,0,0.8686,1,106.3,3.26
Guwahati-Jalukbari-Khanapara Urban,12.1,218.5,1.8,4.0,4.7,45.7,0.166,1293.3,0.536,5,1,0.0236,0,0.0337,0,0.0,1.69
Guwahati-Jalukbari-Khanapara Urban,17.7,179.8,15.4,80.3,289.5,20.3,0.95,111.8,0.46,3,3,0.3264,0,0.488,1,67.8,3.01
Guwahati-Jalukbari-Khanapara Urban,16.5,81.8,0.2,0.4,0.7,24.1,0.385,538.8,0.278,2,3,0.0265,0,0.2022,0,0.0,1.56
Guwahati-Jalukbari-Khanapara Urban,8.5,132.8,3.0,4.0,5.0,42.0,0.164,164.9,0.481,1,1,0.0181,0,0.2297,0,0.0,1.87
NH-10 (Siliguri-Gangtok),1.7,85.9,1.7,3.9,6.3,22.9,0.195,74.0,0.444,4,1,0.019,0,0.5033,1,61.3,2.6
NH-37 (Silchar-Imphal),7.2,116.7,2.2,3.9,5.3,42.2,0.385,702.9,0.796,3,3,0.02,0,0.1006,1,15.8,1.56
NH-10 (Siliguri-Gangtok),15.0,181.5,0.8,1.5,2.3,54.1,0.238,149.3,0.758,1,1,0.0213,0,0.17,0,0.0,1.82
NH-37 (Silchar-Imphal),12.9,180.0,1.1,3.0,5.0,48.3,0.356,396.4,0.802,5,1,0.0257,0,0.0898,0,0.0,1.75
NH-15 (North Bank Brahmaputra),8.8,84.9,0.5,0.9,1.7,21.4,0.224,312.5,0.694,4,2,0.0183,0,0.2863,0,0.0,1.77
NH-10 (Siliguri-Gangtok),1.9,206.4,28.7,140.7,427.4,35.8,0.95,243.4,0.587,3,5,0.2553,0,0.6084,0,0.0,2.16
Guwahati-Jalukbari-Khanapara Urban,8.3,148.7,1.4,2.4,3.1,31.9,0.229,259.7,0.393,3,4,0.0192,0,0.1258,0,0.0,1.32
NH-10 (Siliguri-Gangtok),9.0,111.5,11.1,13.2,15.6,54.7,0.422,481.2,0.789,2,3,0.0223,0,0.1665,0,0.0,1.51
NH-10 (Siliguri-Gangtok),16.8,132.8,34.7,180.1,590.5,53.6,0.95,52.2,0.613,3,3,0.3416,0,0.8795,1,129.1,3.6
NH-37 (Silchar-Imphal),11.9,150.9,16.3,109.4,243.6,20.1,0.95,406.1,0.325,5,4,0.3075,0,0.4527,1,52.4,2.67
NH-10 (Siliguri-Gangtok),6.3,143.0,1.4,2.6,5.0,51.3,0.273,811.5,0.386,1,3,0.0195,0,0.0592,0,0.0,1.4
NH-15 (North Bank Brahmaputra),9.9,130.1,0.1,0.1,0.3,22.7,0.296,40.8,0.323,4,1,0.023,0,0.3463,0,0.0,1.99
NH-10 (Siliguri-Gangtok),2.1,133.4,71.6,380.0,750.0,27.8,0.95,73.1,0.181,4,4,0.2923,0,0.8583,1,145.6,3.32
NH-06 (Guwahati-Shillong),17.5,75.9,3.4,3.6,6.7,29.1,0.315,461.4,0.62,2,1,0.0255,0,0.264,0,0.0,1.92
Guwahati-Jalukbari-Khanapara Urban,7.1,187.2,46.9,212.2,585.1,26.5,0.95,221.2,0.327,3,3,0.2842,1,0.6848,0,0.0,2.6
Guwahati-Jalukbari-Khanapara Urban,9.1,139.8,1.9,4.9,6.0,49.1,0.388,200.9,0.414,3,4,0.0236,0,0.1762,1,15.2,1.49
NH-06 (Guwahati-Shillong),7.0,67.9,13.6,104.0,258.1,28.2,0.95,71.6,0.557,4,1,0.2847,0,0.9078,1,119.8,3.8
NH-15 (North Bank Brahmaputra),12.6,179.1,11.4,20.9,38.6,47.7,0.481,267.4,0.516,1,4,0.0282,0,0.1284,0,0.0,1.34
NH-10 (Siliguri-Gangtok),12.3,208.2,15.4,106.0,281.3,54.8,0.95,67.4,0.422,1,1,0.3071,0,0.6929,1,108.5,3.64
NH-27 (East-West Corridor),13.2,210.8,3.0,4.2,6.6,48.6,0.224,246.6,0.823,0,5,0.0166,0,0.0979,0,0.0,1.13
NH-10 (Siliguri-Gangtok),5.6,109.6,10.2,85.2,244.4,28.8,0.95,524.8,0.275,3,4,0.2695,0,0.3892,1,56.4,2.55
Guwahati-Jalukbari-Khanapara Urban,6.4,68.7,7.4,20.1,33.8,43.5,0.502,124.6,0.283,1,5,0.0261,0,0.5098,1,75.0,2.12
NH-10 (Siliguri-Gangtok),3.1,135.7,3.5,9.9,18.8,36.4,0.221,249.4,0.632,5,4,0.0197,0,0.1561,0,0.0,1.35
NH-27 (East-West Corridor),12.1,64.7,63.4,291.0,750.0,46.5,0.95,1710.6,0.437,7,2,0.3394,1,0.7311,1,125.6,3.6
NH-06 (Guwahati-Shillong),1.7,208.4,1.8,2.0,3.3,21.1,0.166,426.2,0.43,5,5,0.0175,0,0.0587,0,0.0,1.1
Guwahati-Jalukbari-Khanapara Urban,11.2,77.1,24.1,170.2,401.3,40.5,0.95,664.4,0.356,5,3,0.3296,0,0.7781,0,0.0,2.8
NH-27 (East-West Corridor),15.8,89.2,1.4,2.1,3.9,45.9,0.335,207.6,0.611,2,3,0.0242,0,0.3486,0,0.0,1.7
NH-27 (East-West Corridor),16.1,116.2,3.2,64.2,176.9,45.4,0.95,531.1,0.591,5,3,0.2757,1,0.2315,1,28.8,2.35
NH-27 (East-West Corridor),8.6,112.1,3.0,6.0,8.5,53.5,0.392,34.5,0.571,1,2,0.0217,0,0.4486,0,0.0,1.94
NH-37 (Silchar-Imphal),8.8,184.1,39.9,205.4,600.3,17.3,0.95,65.9,0.445,2,3,0.2634,0,0.8026,1,118.3,3.35
NH-06 (Guwahati-Shillong),2.3,124.9,42.8,312.5,750.0,28.8,0.95,99.4,0.415,3,3,0.2717,1,0.8677,1,140.1,3.43
Guwahati-Jalukbari-Khanapara Urban,12.4,74.9,0.5,1.5,2.8,34.1,0.176,199.9,0.521,1,4,0.0174,0,0.3748,0,0.0,1.56
NH-06 (Guwahati-Shillong),15.0,91.8,36.7,252.9,525.7,27.4,0.95,674.2,0.724,1,1,0.2833,0,0.7612,1,115.9,3.65
NH-15 (North Bank Brahmaputra),5.2,134.1,20.7,114.6,319.7,27.4,0.95,168.8,0.832,3,3,0.2455,0,0.7291,1,110.2,3.24
NH-37 (Silchar-Imphal),8.2,70.8,2.2,6.3,8.1,22.0,0.27,392.1,0.75,5,4,0.0189,0,0.2694,0,0.0,1.46
NH-15 (North Bank Brahmaputra),15.3,152.0,16.9,107.4,273.2,47.5,0.95,452.4,0.641,2,1,0.3159,0,0.4731,0,0.0,2.76
Guwahati-Jalukbari-Khanapara Urban,15.9,144.0,0.9,2.4,3.6,51.3,0.119,328.8,0.727,5,2,0.0239,1,0.1222,0,0.0,1.62
NH-10 (Siliguri-Gangtok),5.1,170.1,21.3,134.5,378.7,18.3,0.95,174.7,0.337,3,1,0.2826,1,0.7086,1,86.9,3.58
NH-06 (Guwahati-Shillong),10.4,209.1,0.6,0.6,0.6,21.2,0.281,321.2,0.422,2,3,0.019,0,0.084,0,0.0,1.42
NH-37 (Silchar-Imphal),4.3,204.6,0.2,0.3,0.6,24.1,0.361,166.6,0.644,3,2,0.0189,0,0.1422,0,0.0,1.63
NH-10 (Siliguri-Gangtok),2.7,210.6,0.1,0.3,0.6,35.4,0.191,50.7,0.529,7,5,0.0182,0,0.185,0,0.0,1.22
NH-15 (North Bank Brahmaputra),16.5,87.8,46.4,271.2,750.0,46.6,0.95,1747.0,0.611,4,3,0.3436,0,0.6553,1,121.7,3.38
NH-37 (Silchar-Imphal),14.9,68.0,32.1,181.8,475.2,17.9,0.95,67.6,0.726,5,3,0.3062,1,0.9502,1,130.3,3.59
Guwahati-Jalukbari-Khanapara Urban,13.9,97.9,53.1,363.4,750.0,40.5,0.95,46.3,0.698,2,5,0.278,1,0.9288,1,147.8,3.21
NH-15 (North Bank Brahmaputra),1.8,201.6,2.3,5.5,8.9,21.0,0.339,757.8,0.354,3,2,0.0205,0,0.0452,0,0.0,1.54
NH-06 (Guwahati-Shillong),15.3,215.1,0.1,0.2,0.3,53.9,0.298,145.8,0.552,2,3,0.0241,0,0.1483,0,0.0,1.5
NH-37 (Silchar-Imphal),8.4,195.4,20.8,146.0,486.0,51.0,0.95,387.7,0.384,5,3,0.3256,0,0.5406,1,93.8,3.23
NH-15 (North Bank Brahmaputra),6.8,64.3,26.3,172.7,485.8,53.0,0.95,159.6,0.41,3,1,0.3099,0,0.939,1,138.4,3.89
Guwahati-Jalukbari-Khanapara Urban,10.3,210.8,8.5,19.8,37.9,19.2,0.496,193.8,0.242,3,5,0.0283,0,0.1306,0,0.0,1.19
NH-37 (Silchar-Imphal),2.6,119.1,5.5,6.5,11.7,34.5,0.301,126.4,0.574,3,4,0.0187,0,0.284,0,0.0,1.47
NH-27 (East-West Corridor),13.9,46.6,0.9,1.2,2.2,21.6,0.163,167.0,0.229,1,5,0.0184,0,0.4444,0,0.0,1.48
NH-15 (North Bank Brahmaputra),10.9,122.4,1.0,1.4,2.4,39.0,0.175,205.1,0.621,4,5,0.0187,0,0.1956,0,0.0,1.23
NH-15 (North Bank Brahmaputra),4.2,53.1,32.2,230.0,491.9,24.3,0.95,466.1,0.795,7,3,0.2641,0,0.8622,1,135.8,3.41
NH-15 (North Bank Brahmaputra),4.2,140.2,0.3,0.4,0.6,45.8,0.378,270.8,0.645,2,4,0.0189,0,0.1407,0,0.0,1.33
NH-06 (Guwahati-Shillong),4.1,104.2,53.0,343.0,750.0,40.8,0.95,1026.1,0.559,3,3,0.2735,0,0.6316,0,0.0,2.53
NH-15 (North Bank Brahmaputra),2.0,127.9,0.3,0.6,1.1,37.9,0.384,35.0,0.826,1,5,0.0158,0,0.3254,0,0.0,1.36
NH-15 (North Bank Brahmaputra),11.0,152.3,1.2,2.8,5.4,48.0,0.197,264.8,0.609,5,2,0.0225,0,0.1342,0,0.0,1.63
NH-27 (East-West Corridor),15.3,197.0,14.1,111.7,361.9,35.0,0.95,327.2,0.395,3,1,0.3378,0,0.4785,1,81.3,3.43
NH-37 (Silchar-Imphal),1.3,160.8,28.6,221.4,651.0,25.8,0.95,904.9,0.573,3,2,0.2624,1,0.4412,0,0.0,2.46
NH-10 (Siliguri-Gangtok),1.8,121.0,0.1,0.2,0.2,39.8,0.365,37.6,0.88,5,2,0.0202,0,0.3872,0,0.0,1.88
Guwahati-Jalukbari-Khanapara Urban,10.7,188.4,8.8,60.8,232.3,53.3,0.95,318.2,0.353,2,3,0.2693,0,0.1962,0,0.0,2.09
NH-10 (Siliguri-Gangtok),14.9,203.5,0.0,0.1,0.2,39.0,0.131,692.6,0.302,3,1,0.0236,0,0.0485,0,0.0,1.7
NH-10 (Siliguri-Gangtok),6.6,66.0,20.7,139.4,415.3,40.2,0.95,116.9,0.661,2,2,0.2655,0,0.9347,1,125.7,3.63
NH-27 (East-West Corridor),6.9,138.1,0.5,1.2,2.2,52.4,0.126,751.4,0.51,5,1,0.0214,0,0.0707,0,0.0,1.72
NH-15 (North Bank Brahmaputra),11.1,94.8,6.6,80.9,243.9,35.6,0.95,26.7,0.454,1,3,0.2621,0,0.7784,1,101.0,3.32
Guwahati-Jalukbari-Khanapara Urban,5.7,53.2,1.1,1.9,3.5,54.9,0.182,481.5,0.323,4,2,0.0221,0,0.2875,1,11.0,1.87
NH-15 (North Bank Brahmaputra),1.5,162.0,0.1,0.1,0.2,21.4,0.239,966.7,0.199,2,3,0.0181,0,0.0407,0,0.0,1.38
NH-37 (Silchar-Imphal),13.5,196.0,15.2,100.8,360.7,36.5,0.95,394.7,0.288,1,1,0.3111,0,0.3956,1,50.2,3.05
NH-37 (Silchar-Imphal),11.6,73.5,34.6,224.0,633.9,23.5,0.95,222.3,0.841,0,3,0.2338,1,0.9077,1,132.2,3.39
NH-37 (Silchar-Imphal),10.9,187.2,3.9,9.5,17.4,33.1,0.344,36.1,0.548,0,2,0.0199,0,0.2482,0,0.0,1.74
NH-37 (Silchar-Imphal),13.6,194.3,2.6,2.7,5.3,21.8,0.321,904.5,0.197,5,1,0.0283,0,0.0422,0,0.0,1.7
NH-15 (North Bank Brahmaputra),12.5,205.0,0.2,0.4,0.6,23.9,0.221,242.4,0.763,2,2,0.0175,0,0.1085,0,0.0,1.6
NH-27 (East-West Corridor),4.5,91.4,29.4,190.4,558.3,23.4,0.95,30.3,0.772,7,4,0.2606,0,0.9409,1,117.0,3.33
Guwahati-Jalukbari-Khanapara Urban,7.0,203.2,40.0,206.2,587.1,27.8,0.95,429.7,0.771,1,4,0.2314,0,0.5274,0,0.0,2.18
NH-37 (Silchar-Imphal),3.1,101.1,10.4,92.4,261.6,20.4,0.95,250.1,0.474,1,5,0.228,1,0.619,1,68.0,2.62
NH-06 (Guwahati-Shillong),3.2,141.7,1.2,2.8,5.0,47.4,0.213,66.5,0.502,2,3,0.0181,0,0.2663,0,0.0,1.6
NH-37 (Silchar-Imphal),12.5,53.8,21.0,135.4,383.8,23.8,0.95,104.4,0.575,3,2,0.2898,1,0.9407,1,139.6,3.69
NH-27 (East-West Corridor),15.6,52.7,1.4,1.8,2.3,31.7,0.195,43.3,0.802,5,5,0.021,0,0.5796,1,52.2,2.01
NH-06 (Guwahati-Shillong),17.4,171.1,2.7,3.2,6.1,15.6,0.335,318.9,0.45,0,3,0.0223,0,0.0962,0,0.0,1.44
NH-10 (Siliguri-Gangtok),11.7,122.8,8.8,52.6,197.0,19.2,0.95,360.5,0.414,4,1,0.2308,1,0.2762,0,0.0,2.38
NH-27 (East-West Corridor),4.1,89.9,16.0,95.4,309.7,50.9,0.95,266.6,0.675,2,4,0.2561,0,0.7317,0,0.0,2.44
NH-15 (North Bank Brahmaputra),2.8,78.3,4.9,49.4,184.8,48.5,0.95,614.6,0.768,2,2,0.1716,0,0.3119,0,0.0,2.14
NH-37 (Silchar-Imphal),14.8,162.2,5.4,46.4,160.1,48.6,0.855,710.7,0.54,8,4,0.1822,0,0.0827,1,17.4,1.76
Guwahati-Jalukbari-Khanapara Urban,10.8,45.1,6.6,89.2,258.4,31.5,0.95,354.6,0.671,0,1,0.249,0,0.7083,1,71.2,3.38
Guwahati-Jalukbari-Khanapara Urban,11.5,186.0,34.8,224.8,698.3,20.7,0.95,24.5,0.57,4,1,0.2981,1,0.8483,0,0.0,3.1
NH-06 (Guwahati-Shillong),14.3,58.9,0.9,1.7,2.5,19.3,0.25,435.9,0.505,0,3,0.0181,0,0.2772,0,0.0,1.61
NH-27 (East-West Corridor),13.0,78.5,7.0,15.0,28.1,39.2,0.374,209.4,0.401,5,1,0.0318,0,0.4326,1,63.6,2.58
NH-06 (Guwahati-Shillong),15.2,112.6,17.1,125.4,359.0,48.1,0.95,311.8,0.342,3,5,0.3307,0,0.7123,1,98.7,3.11
NH-15 (North Bank Brahmaputra),2.0,129.9,12.8,118.1,284.7,51.0,0.95,386.5,0.439,2,4,0.2707,0,0.5651,1,66.1,2.8
NH-06 (Guwahati-Shillong),13.7,107.1,1.7,2.4,4.4,26.5,0.221,170.9,0.374,2,2,0.0212,0,0.3031,1,33.3,2.05
NH-15 (North Bank Brahmaputra),15.5,101.1,1.0,1.5,1.7,27.8,0.227,891.5,0.601,1,3,0.0195,0,0.1046,0,0.0,1.45
Guwahati-Jalukbari-Khanapara Urban,5.9,213.7,1.3,1.5,2.9,19.0,0.33,70.3,0.769,0,4,0.0145,0,0.1805,0,0.0,1.36
NH-27 (East-West Corridor),11.9,157.3,0.9,2.0,2.6,46.0,0.367,409.6,0.587,0,4,0.0195,0,0.0857,0,0.0,1.28
Guwahati-Jalukbari-Khanapara Urban,6.3,49.1,56.3,293.5,750.0,26.0,0.95,21.5,0.384,2,3,0.2681,1,0.9669,1,159.0,3.52
NH-27 (East-West Corridor),17.3,120.3,2.2,2.7,3.2,34.2,0.216,925.0,0.704,1,5,0.0198,0,0.0668,1,5.0,1.15
Guwahati-Jalukbari-Khanapara Urban,1.6,198.1,23.0,178.1,400.8,52.2,0.95,61.8,0.603,2,5,0.2568,0,0.7852,1,111.3,3.02
NH-27 (East-West Corridor),10.9,97.8,4.1,5.6,8.7,45.1,0.369,54.9,0.639,2,2,0.022,0,0.488,1,57.1,2.41
NH-10 (Siliguri-Gangtok),3.8,61.5,0.3,0.6,0.8,17.1,0.112,161.7,0.457,1,5,0.0135,0,0.4177,0,0.0,1.44
Guwahati-Jalukbari-Khanapara Urban,13.1,177.7,3.5,10.0,11.4,15.3,0.316,183.7,0.754,5,4,0.0216,0,0.1336,0,0.0,1.33
NH-15 (North Bank Brahmaputra),4.0,151.1,15.5,81.3,276.7,46.5,0.95,104.4,0.753,1,5,0.2289,0,0.5395,0,0.0,2.04
NH-10 (Siliguri-Gangtok),5.0,144.8,10.1,67.3,195.5,37.1,0.762,327.9,0.517,2,3,0.1955,0,0.2634,0,0.0,1.99
NH-06 (Guwahati-Shillong),9.4,54.4,38.0,242.7,750.0,43.8,0.95,224.8,0.679,3,4,0.2749,0,0.9201,1,132.4,3.34
Guwahati-Jalukbari-Khanapara Urban,16.6,69.6,1.2,1.2,2.0,21.3,0.282,32.2,0.748,4,2,0.0234,0,0.5979,0,0.0,2.09
NH-15 (North Bank Brahmaputra),4.6,153.9,0.4,1.1,1.8,49.9,0.182,154.8,0.466,2,4,0.0176,0,0.1664,0,0.0,1.35
NH-06 (Guwahati-Shillong),3.5,81.4,0.3,0.7,0.8,45.9,0.385,602.1,0.535,5,3,0.0233,0,0.1939,0,0.0,1.54
Guwahati-Jalukbari-Khanapara Urban,13.9,133.2,1.3,3.8,7.4,50.6,0.308,429.6,0.564,2,3,0.0231,0,0.1134,0,0.0,1.46
NH-06 (Guwahati-Shillong),9.5,140.4,17.9,168.0,556.5,28.6,0.95,471.7,0.352,3,4,0.2862,0,0.5867,1,80.3,2.96
NH-37 (Silchar-Imphal),16.5,94.6,48.7,266.7,750.0,26.0,0.95,439.2,0.629,1,3,0.292,0,0.7999,1,124.3,3.41
NH-27 (East-West Corridor),3.5,211.0,12.9,96.1,257.2,21.1,0.95,150.4,0.734,1,4,0.2179,1,0.4848,1,32.8,2.36
NH-06 (Guwahati-Shillong),12.0,192.4,4.2,10.1,16.9,52.2,0.298,56.7,0.524,1,4,0.0214,0,0.2125,0,0.0,1.41
NH-27 (East-West Corridor),5.0,171.4,2.8,4.1,7.8,22.1,0.376,131.3,0.611,2,4,0.0178,0,0.1641,0,0.0,1.35
NH-06 (Guwahati-Shillong),3.7,58.6,4.5,9.3,12.7,19.8,0.184,643.9,0.802,2,2,0.0152,0,0.2267,0,0.0,1.71
Guwahati-Jalukbari-Khanapara Urban,12.6,63.6,0.2,0.3,0.6,22.7,0.249,1397.5,0.477,5,5,0.0212,1,0.1244,1,18.3,1.31
NH-27 (East-West Corridor),11.1,131.2,12.8,114.4,336.9,45.9,0.95,258.3,0.615,4,3,0.3026,1,0.6403,1,76.1,3.17
NH-15 (North Bank Brahmaputra),13.8,73.1,38.6,157.7,367.1,50.6,0.95,23.4,0.447,2,2,0.3199,0,0.9612,1,122.3,3.78
NH-27 (East-West Corridor),6.3,216.2,5.1,7.4,10.8,47.4,0.138,72.8,0.443,5,1,0.0222,0,0.2098,0,0.0,1.86
NH-10 (Siliguri-Gangtok),8.6,72.7,0.2,0.2,0.5,37.5,0.338,156.1,0.612,3,5,0.0192,0,0.4186,1,33.9,1.71
NH-15 (North Bank Brahmaputra),7.9,130.3,42.9,245.1,539.1,54.8,0.95,322.4,0.593,6,3,0.3113,0,0.7391,0,0.0,2.72
NH-15 (North Bank Brahmaputra),17.7,108.7,19.0,167.5,565.1,17.8,0.95,47.3,0.65,0,2,0.2913,0,0.916,1,119.6,3.67
NH-15 (North Bank Brahmaputra),6.0,156.9,13.1,79.2,206.4,49.7,0.95,1024.8,0.564,3,3,0.2572,0,0.1597,0,0.0,2.02
NH-27 (East-West Corridor),6.0,67.6,2.9,7.0,11.5,32.1,0.247,179.0,0.634,1,3,0.0166,0,0.4373,1,66.2,2.27
NH-27 (East-West Corridor),7.0,120.3,1.0,2.1,3.9,33.2,0.218,873.0,0.85,3,5,0.0157,0,0.0687,0,0.0,1.1
NH-27 (East-West Corridor),10.6,93.1,19.5,158.5,522.2,20.1,0.95,550.8,0.741,3,3,0.2614,0,0.7469,1,89.6,3.29
NH-15 (North Bank Brahmaputra),5.3,200.4,14.3,129.3,319.6,16.3,0.95,512.9,0.611,4,3,0.2619,0,0.4044,0,0.0,2.28
NH-06 (Guwahati-Shillong),16.6,52.1,0.4,0.8,1.1,27.7,0.386,346.6,0.641,2,4,0.0233,0,0.3306,0,0.0,1.53
NH-15 (North Bank Brahmaputra),5.5,204.9,37.6,172.4,365.9,22.0,0.95,365.0,0.496,3,3,0.2653,0,0.5697,1,104.3,3.12
NH-15 (North Bank Brahmaputra),16.2,190.8,14.9,109.3,242.0,34.3,0.95,375.6,0.521,4,2,0.3372,0,0.433,1,64.4,3.1
NH-37 (Silchar-Imphal),2.8,97.1,1.6,4.3,4.8,20.9,0.304,366.8,0.639,2,4,0.0163,0,0.2079,0,0.0,1.39
NH-27 (East-West Corridor),12.2,183.1,4.7,12.9,15.6,20.5,0.451,302.4,0.566,2,5,0.0219,0,0.0939,0,0.0,1.14
NH-37 (Silchar-Imphal),16.4,50.5,4.9,13.7,24.1,50.1,0.269,1524.6,0.693,4,1,0.0294,0,0.1777,0,0.0,1.84
NH-15 (North Bank Brahmaputra),3.9,214.2,0.1,0.1,0.2,51.9,0.291,481.2,0.778,3,4,0.0181,0,0.0593,0,0.0,1.25
NH-27 (East-West Corridor),17.5,137.2,47.1,322.8,750.0,53.6,0.95,545.1,0.532,3,3,0.3558,0,0.6109,1,105.4,3.36
Guwahati-Jalukbari-Khanapara Urban,8.7,98.1,0.6,0.7,1.3,42.2,0.374,740.8,0.188,4,2,0.0264,0,0.1376,0,0.0,1.64
NH-37 (Silchar-Imphal),17.1,108.5,14.6,99.0,332.6,45.8,0.95,105.0,0.88,1,1,0.3048,1,0.8087,1,112.1,3.75
NH-10 (Siliguri-Gangtok),12.5,56.6,20.2,156.2,433.7,48.4,0.95,50.6,0.433,3,2,0.3214,0,0.9589,1,120.1,3.78
NH-27 (East-West Corridor),6.1,218.1,1.0,1.5,1.8,41.4,0.3,250.8,0.585,4,2,0.0211,0,0.1099,0,0.0,1.61
Guwahati-Jalukbari-Khanapara Urban,4.2,51.9,1.8,4.3,5.6,28.2,0.403,272.6,0.681,2,1,0.0194,0,0.4227,0,0.0,2.06
NH-37 (Silchar-Imphal),6.2,159.6,67.5,380.0,750.0,21.3,0.95,638.5,0.804,1,2,0.232,1,0.5115,0,0.0,2.47
NH-15 (North Bank Brahmaputra),2.6,122.5,44.7,212.4,662.0,24.5,0.95,225.3,0.875,4,4,0.2427,0,0.7966,1,123.0,3.15
Guwahati-Jalukbari-Khanapara Urban,3.4,211.1,25.8,146.9,324.8,48.6,0.95,316.1,0.485,3,4,0.2788,1,0.5743,1,70.1,2.86
NH-10 (Siliguri-Gangtok),2.8,88.0,2.5,4.3,4.7,42.8,0.243,282.1,0.764,4,4,0.0179,0,0.2847,1,47.1,1.82
NH-10 (Siliguri-Gangtok),8.2,138.1,3.5,7.9,14.8,33.2,0.354,33.6,0.586,1,2,0.0196,0,0.3312,0,0.0,1.82
NH-10 (Siliguri-Gangtok),14.5,129.4,22.4,128.7,389.8,16.2,0.95,354.3,0.88,5,1,0.3005,0,0.6791,1,77.1,3.51
NH-10 (Siliguri-Gangtok),3.4,168.0,21.2,124.6,349.9,25.6,0.95,636.2,0.748,3,3,0.2477,1,0.4069,0,0.0,2.25
Guwahati-Jalukbari-Khanapara Urban,3.2,56.9,0.7,1.9,2.3,44.2,0.164,80.0,0.518,3,3,0.0178,0,0.5577,0,0.0,1.89
NH-15 (North Bank Brahmaputra),11.9,78.9,36.5,267.8,632.8,35.5,0.95,335.8,0.407,3,4,0.2985,1,0.8636,1,127.3,3.34
NH-37 (Silchar-Imphal),4.4,82.5,1.3,3.5,6.2,32.4,0.386,335.2,0.08,3,3,0.0239,0,0.2851,1,13.1,1.73
NH-10 (Siliguri-Gangtok),2.7,174.2,5.4,75.2,227.2,27.5,0.912,82.8,0.671,4,5,0.2274,1,0.3852,1,49.9,2.26
Guwahati-Jalukbari-Khanapara Urban,3.8,78.1,33.2,179.7,602.9,39.3,0.95,66.1,0.732,2,1,0.2602,0,0.9517,1,144.0,3.79
NH-15 (North Bank Brahmaputra),16.7,145.4,0.5,1.4,2.1,53.7,0.282,1390.1,0.684,2,3,0.0242,0,0.0432,0,0.0,1.4
Guwahati-Jalukbari-Khanapara Urban,15.0,82.7,22.0,176.9,422.8,51.0,0.95,195.1,0.126,4,3,0.3718,0,0.9055,0,0.0,3.01
NH-37 (Silchar-Imphal),7.0,195.8,0.1,0.2,0.3,16.2,0.271,110.3,0.324,2,2,0.0186,0,0.1698,1,10.7,1.74
Guwahati-Jalukbari-Khanapara Urban,12.1,209.9,1.6,4.4,8.0,34.2,0.267,85.8,0.637,3,3,0.0205,0,0.1815,0,0.0,1.52
NH-15 (North Bank Brahmaputra),10.1,135.7,0.4,1.0,1.1,28.2,0.146,405.5,0.871,4,1,0.0174,0,0.116,0,0.0,1.75
NH-06 (Guwahati-Shillong),12.5,106.7,0.0,0.0,0.0,35.4,0.106,349.1,0.54,3,4,0.0181,0,0.179,0,0.0,1.37
NH-15 (North Bank Brahmaputra),12.6,86.0,4.1,5.8,9.3,39.2,0.145,381.0,0.746,4,1,0.0206,0,0.267,1,31.1,2.14
NH-37 (Silchar-Imphal),11.7,53.7,55.2,316.4,750.0,23.0,0.95,52.2,0.364,1,4,0.2698,0,0.958,1,152.9,3.37
NH-15 (North Bank Brahmaputra),5.5,92.0,35.3,213.7,474.8,46.3,0.95,804.0,0.587,3,1,0.2885,0,0.7394,1,111.1,3.64
Guwahati-Jalukbari-Khanapara Urban,1.7,159.5,2.2,3.4,5.9,34.0,0.24,192.6,0.501,6,3,0.0202,0,0.148,0,0.0,1.49
NH-27 (East-West Corridor),8.7,138.4,40.4,290.2,750.0,54.7,0.95,151.6,0.764,3,2,0.2857,0,0.8231,1,129.5,3.57
NH-27 (East-West Corridor),16.1,210.2,2.4,53.3,159.7,16.0,0.828,237.2,0.453,2,2,0.1775,0,0.1757,0,0.0,2.01
NH-10 (Siliguri-Gangtok),10.7,114.3,52.4,380.0,750.0,22.6,0.95,193.0,0.852,2,4,0.2422,0,0.837,0,0.0,2.51
NH-37 (Silchar-Imphal),15.2,166.4,23.5,158.8,552.6,42.6,0.95,717.2,0.495,2,4,0.309,1,0.4344,0,0.0,2.26
NH-15 (North Bank Brahmaputra),17.9,130.6,0.6,0.7,1.2,42.8,0.182,947.1,0.357,2,4,0.0247,0,0.0578,0,0.0,1.26
Guwahati-Jalukbari-Khanapara Urban,3.8,134.7,1.0,2.5,3.7,38.3,0.222,146.6,0.363,3,3,0.0194,0,0.2173,1,22.2,1.72
Guwahati-Jalukbari-Khanapara Urban,12.8,91.9,14.6,110.1,291.1,53.9,0.95,718.1,0.438,1,5,0.2879,0,0.5708,1,63.4,2.67
NH-06 (Guwahati-Shillong),12.5,124.6,2.9,5.9,10.0,31.6,0.211,552.4,0.617,1,2,0.0185,0,0.1061,0,0.0,1.6
NH-06 (Guwahati-Shillong),17.7,127.4,5.0,12.6,20.5,31.7,0.367,954.8,0.44,4,2,0.0328,0,0.0735,0,0.0,1.59
NH-10 (Siliguri-Gangtok),17.8,168.7,3.8,9.5,12.2,51.4,0.25,118.7,0.402,2,5,0.027,0,0.1727,0,0.0,1.23
NH-37 (Silchar-Imphal),12.7,209.6,3.2,4.3,6.6,36.5,0.263,321.1,0.71,4,5,0.0203,0,0.0793,0,0.0,1.12
NH-10 (Siliguri-Gangtok),5.1,102.6,8.7,10.4,19.6,29.1,0.179,132.3,0.08,5,3,0.0234,0,0.3602,1,14.9,1.82
NH-06 (Guwahati-Shillong),14.6,52.4,2.4,5.2,9.8,43.8,0.183,628.2,0.473,6,2,0.0257,0,0.2413,0,0.0,1.75
NH-06 (Guwahati-Shillong),2.8,131.9,2.8,6.9,12.3,39.8,0.171,21.9,0.31,2,2,0.019,0,0.357,0,0.0,1.85
NH-37 (Silchar-Imphal),14.3,140.3,13.5,118.7,274.3,27.3,0.95,311.2,0.394,0,3,0.2792,0,0.5824,0,0.0,2.49
NH-15 (North Bank Brahmaputra),16.5,74.5,53.8,362.9,750.0,26.9,0.95,165.0,0.594,3,4,0.3109,0,0.9198,1,153.2,3.42
NH-10 (Siliguri-Gangtok),7.5,178.1,2.0,5.5,8.3,30.8,0.148,156.4,0.513,3,1,0.0186,0,0.1615,1,39.7,2.1
NH-06 (Guwahati-Shillong),11.7,217.4,2.7,7.8,9.3,17.9,0.154,382.4,0.497,2,4,0.0172,0,0.068,0,0.0,1.26
Guwahati-Jalukbari-Khanapara Urban,8.3,210.5,5.0,9.5,17.5,52.7,0.324,687.5,0.764,5,1,0.0246,0,0.0548,0,0.0,1.71
NH-27 (East-West Corridor),8.4,79.5,4.3,5.0,6.8,22.3,0.274,348.8,0.548,3,4,0.0184,0,0.2704,0,0.0,1.46
NH-06 (Guwahati-Shillong),6.3,198.2,3.7,5.6,10.0,22.8,0.329,691.5,0.875,1,3,0.0157,0,0.0467,0,0.0,1.38
NH-15 (North Bank Brahmaputra),14.0,168.3,5.8,8.5,15.7,40.9,0.373,127.6,0.678,2,5,0.0221,0,0.171,0,0.0,1.22
NH-10 (Siliguri-Gangtok),16.9,124.4,19.3,155.0,543.4,44.0,0.95,276.5,0.376,1,4,0.3251,0,0.7458,1,108.3,3.28
NH-06 (Guwahati-Shillong),17.0,139.6,0.0,0.0,0.0,44.5,0.145,229.6,0.88,6,3,0.0229,0,0.1568,0,0.0,1.51
Guwahati-Jalukbari-Khanapara Urban,4.0,193.7,0.0,0.0,0.1,30.0,0.112,24.1,0.6,3,2,0.0161,0,0.2343,0,0.0,1.72
NH-27 (East-West Corridor),15.9,129.0,1.6,2.0,3.2,49.9,0.377,304.8,0.88,5,3,0.0269,0,0.1592,0,0.0,1.52
NH-27 (East-West Corridor),13.5,110.3,7.4,86.9,339.4,36.8,0.95,399.2,0.502,5,1,0.3374,1,0.475,0,0.0,2.81
Guwahati-Jalukbari-Khanapara Urban,5.3,131.3,39.7,221.4,666.6,32.5,0.95,333.7,0.599,6,5,0.2761,0,0.6991,1,117.7,2.97
NH-10 (Siliguri-Gangtok),2.1,146.3,29.3,215.1,446.1,47.4,0.95,486.5,0.628,5,2,0.2969,0,0.6141,1,97.3,3.39
Guwahati-Jalukbari-Khanapara Urban,5.6,78.1,5.8,58.2,172.5,24.7,0.828,316.5,0.52,1,4,0.1548,0,0.448,0,0.0,1.93
NH-15 (North Bank Brahmaputra),16.5,202.7,0.9,2.0,3.9,49.4,0.3,44.2,0.779,1,2,0.0227,0,0.2291,0,0.0,1.73
Guwahati-Jalukbari-Khanapara Urban,11.8,163.0,3.9,11.1,13.8,36.6,0.197,63.3,0.88,2,2,0.018,0,0.2413,0,0.0,1.73
NH-37 (Silchar-Imphal),13.3,155.8,26.7,212.9,565.8,51.0,0.95,337.6,0.137,4,2,0.3632,0,0.6686,0,0.0,2.91
NH-15 (North Bank Brahmaputra),5.4,62.4,1.4,2.0,2.6,23.1,0.38,132.5,0.697,3,4,0.0181,0,0.4809,1,63.1,2.14
NH-37 (Silchar-Imphal),13.2,150.7,16.0,121.3,318.1,52.4,0.95,49.0,0.389,5,3,0.3488,0,0.7919,0,0.0,2.85
NH-37 (Silchar-Imphal),1.5,66.2,15.1,128.7,369.4,42.5,0.95,216.5,0.083,2,1,0.3056,0,0.8969,1,111.1,3.84
NH-27 (East-West Corridor),7.4,58.8,19.4,139.7,372.5,39.7,0.95,302.9,0.643,1,2,0.2584,0,0.8866,1,102.0,3.57
NH-27 (East-West Corridor),11.7,137.3,0.8,1.9,2.8,31.9,0.302,159.5,0.643,4,3,0.0213,0,0.2034,0,0.0,1.55
NH-06 (Guwahati-Shillong),3.5,115.5,13.1,109.4,302.0,53.3,0.95,466.1,0.672,0,2,0.2488,0,0.5803,1,75.1,3.14
NH-37 (Silchar-Imphal),15.0,148.0,0.6,1.5,1.9,32.8,0.243,381.3,0.617,3,4,0.0211,0,0.094,0,0.0,1.29
NH-10 (Siliguri-Gangtok),5.0,60.6,0.3,0.5,1.0,34.9,0.223,161.6,0.708,3,3,0.017,0,0.4615,0,0.0,1.79
NH-10 (Siliguri-Gangtok),12.1,120.4,0.7,1.7,2.8,46.3,0.369,512.1,0.441,2,2,0.0239,0,0.1257,0,0.0,1.63
NH-37 (Silchar-Imphal),7.9,75.6,52.3,334.6,750.0,26.4,0.95,386.1,0.597,4,1,0.2872,0,0.8709,1,141.5,3.77
NH-27 (East-West Corridor),11.1,217.7,2.0,6.0,7.0,26.7,0.395,375.1,0.676,6,1,0.0246,0,0.0857,0,0.0,1.74
Guwahati-Jalukbari-Khanapara Urban,2.8,143.2,6.2,10.3,18.5,46.0,0.414,302.2,0.794,2,4,0.0195,0,0.1342,0,0.0,1.33
NH-15 (North Bank Brahmaputra),1.3,165.3,2.3,6.9,8.9,20.1,0.366,24.0,0.558,4,4,0.0195,0,0.2533,1,22.4,1.61
NH-27 (East-West Corridor),16.5,101.9,13.8,67.2,186.7,47.9,0.95,437.3,0.512,2,4,0.2666,0,0.4017,0,0.0,2.13
NH-06 (Guwahati-Shillong),5.6,61.6,36.0,267.4,557.8,40.0,0.95,185.1,0.54,5,4,0.292,0,0.9257,1,127.1,3.38
NH-37 (Silchar-Imphal),14.9,215.8,35.4,193.9,495.5,36.6,0.95,1020.3,0.335,1,2,0.314,1,0.3775,0,0.0,2.51
NH-27 (East-West Corridor),18.0,95.1,1.1,2.8,4.9,24.2,0.321,616.3,0.689,2,5,0.0227,0,0.1387,1,17.8,1.32
Guwahati-Jalukbari-Khanapara Urban,4.6,119.2,0.8,2.0,3.4,46.5,0.388,330.1,0.288,4,1,0.0259,0,0.1896,0,0.0,1.84
NH-06 (Guwahati-Shillong),5.5,158.7,25.5,120.5,333.2,47.2,0.95,121.7,0.62,3,4,0.271,0,0.7329,1,107.3,3.15
NH-27 (East-West Corridor),12.3,49.3,4.7,5.6,10.6,34.3,0.198,99.7,0.565,0,1,0.0182,0,0.5803,1,58.6,2.65
NH-37 (Silchar-Imphal),17.4,186.8,29.7,247.9,606.8,30.6,0.95,165.6,0.271,3,2,0.3608,1,0.7393,1,85.2,3.61
Guwahati-Jalukbari-Khanapara Urban,16.6,138.9,12.5,92.7,325.5,24.8,0.95,246.6,0.281,2,3,0.3258,0,0.5006,1,72.9,3.06
NH-27 (East-West Corridor),9.5,93.7,3.1,3.3,5.4,45.2,0.333,142.9,0.396,4,1,0.0254,0,0.4161,0,0.0,2.07
NH-15 (North Bank Brahmaputra),14.5,55.8,0.7,1.0,1.6,40.6,0.334,273.2,0.488,1,3,0.0223,0,0.3871,0,0.0,1.73
NH-37 (Silchar-Imphal),3.3,73.4,41.3,190.6,443.0,23.3,0.95,83.3,0.816,3,3,0.2418,0,0.9446,0,0.0,2.77
NH-37 (Silchar-Imphal),17.6,201.6,3.3,8.1,15.5,46.8,0.158,1351.3,0.53,4,3,0.0271,0,0.0312,0,0.0,1.39
NH-27 (East-West Corridor),17.4,165.1,1.5,2.1,2.7,50.3,0.185,60.0,0.648,1,4,0.0216,0,0.218,0,0.0,1.41
NH-27 (East-West Corridor),3.8,88.7,28.1,158.5,570.6,17.4,0.95,960.6,0.778,1,1,0.2316,0,0.702,0,0.0,2.8
NH-27 (East-West Corridor),6.1,56.5,4.9,11.3,22.4,45.9,0.261,877.0,0.743,6,1,0.0228,0,0.2108,0,0.0,1.86
Guwahati-Jalukbari-Khanapara Urban,2.7,165.9,25.7,192.0,479.0,49.1,0.95,280.8,0.549,3,4,0.274,1,0.6582,0,0.0,2.4
NH-27 (East-West Corridor),5.6,145.2,1.4,3.1,6.0,54.7,0.247,471.7,0.423,2,3,0.02,0,0.089,0,0.0,1.43
NH-15 (North Bank Brahmaputra),14.9,115.8,22.2,166.6,434.7,24.5,0.95,220.5,0.64,6,3,0.3178,0,0.8167,1,115.3,3.48
NH-15 (North Bank Brahmaputra),7.4,108.6,0.7,1.5,1.8,29.8,0.273,368.0,0.427,2,5,0.0178,0,0.1649,0,0.0,1.2
NH-10 (Siliguri-Gangtok),2.5,82.9,3.2,8.2,11.5,53.6,0.328,165.7,0.877,1,3,0.0174,0,0.4185,0,0.0,1.75
NH-15 (North Bank Brahmaputra),6.8,162.2,44.2,245.2,591.3,18.8,0.95,145.4,0.706,1,2,0.2376,0,0.7744,1,126.4,3.41
NH-27 (East-West Corridor),17.7,214.9,36.6,284.3,627.9,35.9,0.95,322.2,0.588,3,4,0.3325,0,0.5928,0,0.0,2.47
NH-06 (Guwahati-Shillong),11.7,75.8,0.2,0.4,0.5,35.3,0.329,261.3,0.642,3,4,0.0204,0,0.3342,0,0.0,1.53
NH-10 (Siliguri-Gangtok),8.1,149.5,1.3,3.5,4.8,39.3,0.136,323.2,0.582,2,3,0.0168,0,0.1102,0,0.0,1.45
NH-06 (Guwahati-Shillong),3.8,119.2,45.3,292.5,750.0,28.2,0.95,138.2,0.484,4,4,0.2734,0,0.8537,1,132.8,3.27
NH-15 (North Bank Brahmaputra),17.8,123.2,2.1,2.7,3.1,52.0,0.277,180.0,0.64,4,3,0.0284,0,0.237,0,0.0,1.6
NH-06 (Guwahati-Shillong),15.0,89.5,29.0,176.0,452.2,25.8,0.95,50.7,0.506,2,3,0.2976,1,0.9394,1,114.8,3.56
NH-37 (Silchar-Imphal),5.8,189.4,47.9,357.3,750.0,41.0,0.95,38.8,0.88,4,1,0.2741,0,0.8426,1,124.3,3.71
Guwahati-Jalukbari-Khanapara Urban,2.2,129.9,38.1,217.0,702.3,34.8,0.95,122.3,0.425,3,2,0.2807,0,0.8521,1,129.5,3.59
NH-10 (Siliguri-Gangtok),2.0,140.1,4.7,8.6,10.2,25.7,0.318,47.0,0.642,3,3,0.0184,0,0.2961,1,21.1,1.79
NH-10 (Siliguri-Gangtok),3.0,98.3,0.3,0.8,1.2,22.6,0.126,58.3,0.409,3,3,0.0164,0,0.433,1,44.7,2.1
NH-37 (Silchar-Imphal),10.9,76.8,10.9,89.5,318.9,53.3,0.95,606.7,0.407,2,4,0.2945,0,0.5386,0,0.0,2.33
NH-06 (Guwahati-Shillong),16.8,60.0,1.8,3.1,4.7,37.5,0.232,33.9,0.229,1,1,0.0258,0,0.6358,0,0.0,2.29
Guwahati-Jalukbari-Khanapara Urban,9.4,170.0,2.8,8.2,13.6,39.2,0.184,396.5,0.624,0,1,0.0172,0,0.091,0,0.0,1.73
Guwahati-Jalukbari-Khanapara Urban,15.3,79.3,0.3,0.7,1.3,46.3,0.22,131.4,0.454,4,1,0.0264,0,0.4722,0,0.0,2.13
NH-37 (Silchar-Imphal),8.6,165.8,5.7,15.6,24.8,18.2,0.212,738.3,0.745,4,4,0.0185,0,0.049,0,0.0,1.24
NH-27 (East-West Corridor),13.0,113.3,1.9,5.1,7.3,43.6,0.391,252.3,0.624,4,3,0.0253,0,0.2301,0,0.0,1.58
Guwahati-Jalukbari-Khanapara Urban,13.4,117.8,3.8,8.7,10.5,21.6,0.272,147.6,0.577,2,3,0.0201,0,0.2757,0,0.0,1.62
NH-27 (East-West Corridor),4.0,127.1,17.5,98.4,315.8,44.6,0.95,275.2,0.296,4,2,0.3086,1,0.617,1,83.4,3.36
NH-37 (Silchar-Imphal),7.1,109.3,2.7,4.2,6.3,20.7,0.196,188.4,0.655,2,3,0.0159,0,0.2684,0,0.0,1.6
NH-06 (Guwahati-Shillong),11.8,62.6,3.0,6.9,13.3,48.3,0.362,310.8,0.431,4,4,0.0259,0,0.3482,1,44.7,1.89
NH-27 (East-West Corridor),2.2,99.2,1.0,2.2,2.8,42.2,0.345,62.6,0.292,3,4,0.0214,0,0.4356,0,0.0,1.63
NH-10 (Siliguri-Gangtok),7.1,161.2,7.8,75.0,237.9,30.4,0.905,2052.1,0.627,3,3,0.2412,0,0.0939,0,0.0,1.92
NH-27 (East-West Corridor),10.1,161.5,2.1,2.9,5.0,29.4,0.135,214.0,0.324,3,1,0.0201,0,0.1451,1,12.5,1.88
NH-06 (Guwahati-Shillong),17.9,95.1,56.1,320.3,748.3,21.0,0.95,169.8,0.174,3,4,0.3547,0,0.8902,0,0.0,2.81
NH-27 (East-West Corridor),9.1,125.5,14.0,105.5,379.5,51.2,0.95,453.5,0.783,2,3,0.2669,1,0.5132,1,72.1,2.94
NH-37 (Silchar-Imphal),14.9,78.9,0.1,0.2,0.2,19.7,0.159,178.3,0.449,3,5,0.0192,0,0.3604,0,0.0,1.4
NH-27 (East-West Corridor),8.3,81.8,0.4,1.2,1.4,33.9,0.142,647.0,0.236,4,3,0.0204,0,0.1708,0,0.0,1.51
NH-15 (North Bank Brahmaputra),14.5,49.0,2.2,6.3,8.8,24.5,0.272,232.0,0.377,2,2,0.0229,0,0.4375,1,47.2,2.29
NH-10 (Siliguri-Gangtok),11.1,201.9,9.7,65.0,223.0,54.9,0.95,465.0,0.42,4,2,0.2933,0,0.1652,0,0.0,2.26
NH-27 (East-West Corridor),16.1,81.9,24.9,144.1,442.4,38.4,0.95,59.8,0.756,3,3,0.31,1,0.9391,1,127.8,3.59
NH-37 (Silchar-Imphal),8.0,84.8,11.9,63.4,228.2,21.0,0.867,675.1,0.251,1,3,0.2228,0,0.3422,0,0.0,2.13
NH-27 (East-West Corridor),11.3,93.9,2.0,3.5,6.1,41.7,0.265,485.8,0.309,1,4,0.0203,0,0.1805,0,0.0,1.37
Guwahati-Jalukbari-Khanapara Urban,11.7,67.3,43.4,289.1,750.0,54.7,0.95,103.3,0.726,5,2,0.3218,0,0.9496,1,137.6,3.77
NH-06 (Guwahati-Shillong),8.1,156.9,4.4,12.4,14.9,39.2,0.355,74.9,0.469,1,2,0.0213,0,0.2509,0,0.0,1.75
NH-10 (Siliguri-Gangtok),3.5,58.2,0.6,0.9,1.7,33.3,0.263,153.1,0.591,3,2,0.0184,0,0.4909,1,58.2,2.41
NH-06 (Guwahati-Shillong),2.6,68.5,8.8,82.1,233.0,26.7,0.95,1326.4,0.462,3,5,0.2426,1,0.3497,1,49.9,2.25
NH-10 (Siliguri-Gangtok),1.3,157.8,24.5,155.6,437.2,18.7,0.95,123.9,0.88,0,2,0.2109,0,0.7797,0,0.0,2.69
NH-06 (Guwahati-Shillong),15.9,104.4,1.1,1.8,3.2,24.1,0.3,233.2,0.318,1,3,0.0228,0,0.2604,1,23.8,1.79
NH-15 (North Bank Brahmaputra),5.0,168.9,1.6,4.3,8.5,37.1,0.284,30.7,0.601,2,3,0.0181,0,0.2517,0,0.0,1.59
NH-10 (Siliguri-Gangtok),4.6,142.5,2.5,5.7,10.8,45.2,0.229,197.2,0.821,1,3,0.0159,0,0.1741,0,0.0,1.51
NH-27 (East-West Corridor),13.5,89.8,0.1,0.2,0.2,50.1,0.29,316.5,0.483,0,4,0.0201,0,0.26,0,0.0,1.45
NH-06 (Guwahati-Shillong),6.4,158.9,0.7,1.5,2.7,46.7,0.209,1091.1,0.414,1,1,0.0189,0,0.045,0,0.0,1.69
NH-10 (Siliguri-Gangtok),9.6,65.3,25.3,116.1,396.8,20.0,0.95,274.5,0.688,1,1,0.2514,0,0.8778,1,109.4,3.7
NH-27 (East-West Corridor),3.8,138.9,69.6,354.0,750.0,45.9,0.95,618.4,0.731,3,2,0.2702,0,0.5874,0,0.0,2.63
NH-10 (Siliguri-Gangtok),17.3,121.5,41.7,226.7,747.5,38.3,0.95,297.3,0.406,1,3,0.3277,1,0.7753,1,113.7,3.46
NH-10 (Siliguri-Gangtok),15.5,91.9,23.3,98.4,289.7,33.8,0.95,34.6,0.813,4,3,0.3035,0,0.9006,1,111.7,3.53
NH-37 (Silchar-Imphal),15.7,150.7,0.5,1.4,1.7,37.9,0.294,152.4,0.559,6,3,0.0265,0,0.1819,0,0.0,1.54
NH-37 (Silchar-Imphal),7.9,197.5,14.8,121.5,246.6,15.3,0.95,319.9,0.642,3,4,0.2484,0,0.4765,0,0.0,2.17
NH-06 (Guwahati-Shillong),14.0,219.8,25.0,156.6,375.6,17.7,0.95,1072.7,0.818,3,4,0.2667,1,0.3205,0,0.0,2.05
NH-27 (East-West Corridor),3.4,151.4,1.2,3.0,5.9,36.0,0.215,706.0,0.688,3,4,0.0167,0,0.0545,0,0.0,1.24
Guwahati-Jalukbari-Khanapara Urban,1.1,115.8,38.8,238.3,575.9,21.9,0.95,110.7,0.55,3,4,0.2513,0,0.8736,0,0.0,2.57
NH-15 (North Bank Brahmaputra),1.3,84.4,0.8,1.0,1.4,36.8,0.114,107.0,0.429,4,1,0.0187,0,0.469,0,0.0,2.11
NH-10 (Siliguri-Gangtok),11.0,90.0,27.8,200.5,540.5,29.2,0.95,98.6,0.88,5,2,0.2854,0,0.9299,1,121.2,3.67
NH-06 (Guwahati-Shillong),8.7,128.9,22.6,158.8,379.5,51.3,0.95,915.1,0.408,6,4,0.3195,0,0.5026,0,0.0,2.35
NH-37 (Silchar-Imphal),9.8,109.3,1.6,4.2,7.1,53.0,0.325,690.3,0.607,8,3,0.0244,0,0.1163,0,0.0,1.47
NH-27 (East-West Corridor),1.1,204.9,39.1,309.4,750.0,54.2,0.95,541.9,0.642,6,4,0.2901,1,0.4868,1,85.4,2.91
NH-37 (Silchar-Imphal),8.2,109.5,1.7,2.2,3.3,51.0,0.171,194.6,0.65,3,4,0.018,0,0.2602,0,0.0,1.45
NH-10 (Siliguri-Gangtok),13.2,110.4,21.2,149.6,506.3,54.4,0.95,265.7,0.88,2,5,0.272,1,0.7915,1,113.6,3.06
NH-37 (Silchar-Imphal),8.5,112.1,0.3,0.4,0.7,43.2,0.288,238.5,0.559,4,3,0.0213,0,0.2335,0,0.0,1.58
NH-15 (North Bank Brahmaputra),13.4,191.4,1.1,1.4,1.6,53.4,0.291,122.3,0.533,2,2,0.0232,0,0.1755,1,33.6,1.93
NH-37 (Silchar-Imphal),5.0,158.9,1.9,3.0,4.2,40.7,0.281,266.1,0.829,2,1,0.0176,0,0.1342,0,0.0,1.77
NH-15 (North Bank Brahmaputra),14.8,152.5,20.8,90.4,327.1,47.4,0.95,30.8,0.526,3,3,0.3214,0,0.73,0,0.0,2.73
NH-27 (East-West Corridor),11.0,103.5,2.4,3.5,6.1,20.3,0.378,69.5,0.708,2,4,0.0186,0,0.4025,0,0.0,1.59
NH-15 (North Bank Brahmaputra),4.6,188.1,85.0,380.0,750.0,42.3,0.95,781.9,0.585,3,2,0.2787,0,0.4406,1,117.6,3.17
NH-06 (Guwahati-Shillong),5.0,51.7,2.1,4.1,5.4,52.2,0.346,507.6,0.716,6,2,0.0229,0,0.29,1,29.6,2.01
NH-10 (Siliguri-Gangtok),11.7,197.4,48.9,318.3,750.0,36.6,0.95,212.4,0.681,2,5,0.2636,0,0.6665,1,116.4,2.91
NH-10 (Siliguri-Gangtok),15.1,134.7,57.9,245.8,530.7,22.5,0.95,274.8,0.477,3,3,0.3087,0,0.7406,1,111.9,3.39
NH-15 (North Bank Brahmaputra),8.1,114.7,2.6,6.2,11.4,36.1,0.153,181.7,0.218,3,2,0.0209,0,0.2676,0,0.0,1.76
NH-27 (East-West Corridor),5.4,132.0,10.1,20.5,23.1,43.3,0.417,492.5,0.249,1,2,0.0255,0,0.1259,0,0.0,1.63
NH-15 (North Bank Brahmaputra),15.7,161.8,30.5,168.2,519.6,45.8,0.95,556.7,0.219,1,4,0.327,0,0.5101,0,0.0,2.37
NH-15 (North Bank Brahmaputra),12.4,47.2,54.5,215.7,625.2,35.9,0.95,524.3,0.534,4,4,0.3024,1,0.8494,1,147.9,3.33
NH-06 (Guwahati-Shillong),8.6,197.5,56.7,248.7,633.9,23.7,0.95,468.8,0.127,1,3,0.28,0,0.5234,0,0.0,2.43
NH-27 (East-West Corridor),9.3,123.2,4.0,11.6,21.2,52.1,0.45,100.1,0.521,3,3,0.0262,0,0.3211,0,0.0,1.68
NH-15 (North Bank Brahmaputra),4.5,105.0,11.5,12.2,23.1,45.9,0.391,164.4,0.574,3,5,0.0218,0,0.3244,0,0.0,1.37
NH-27 (East-West Corridor),11.7,69.2,27.2,139.6,372.6,25.8,0.95,242.1,0.704,4,2,0.288,0,0.8991,1,105.3,3.65
NH-15 (North Bank Brahmaputra),7.1,121.9,1.9,3.9,7.2,47.5,0.154,160.6,0.641,3,3,0.018,0,0.248,1,32.7,1.83
NH-37 (Silchar-Imphal),17.9,131.9,0.2,0.3,0.6,28.9,0.277,512.2,0.712,2,1,0.0241,0,0.1042,0,0.0,1.76
NH-06 (Guwahati-Shillong),9.2,115.6,2.6,3.0,4.3,27.5,0.306,159.8,0.625,2,3,0.0183,0,0.2727,0,0.0,1.61
NH-15 (North Bank Brahmaputra),9.3,163.8,9.5,69.4,202.7,49.5,0.814,72.1,0.492,6,3,0.255,0,0.4442,0,0.0,2.3
NH-10 (Siliguri-Gangtok),10.6,118.7,18.3,96.1,274.6,49.9,0.95,198.2,0.531,4,5,0.2954,0,0.6719,0,0.0,2.32
NH-15 (North Bank Brahmaputra),16.6,213.2,0.3,0.7,1.5,30.9,0.169,1387.7,0.397,2,3,0.0222,0,0.0286,0,0.0,1.38
Guwahati-Jalukbari-Khanapara Urban,14.6,149.9,2.1,4.4,8.2,15.4,0.423,109.6,0.591,5,4,0.0253,0,0.2044,0,0.0,1.41
NH-15 (North Bank Brahmaputra),8.7,186.3,0.7,1.2,2.2,22.5,0.27,351.5,0.265,1,4,0.0181,0,0.078,0,0.0,1.27
NH-10 (Siliguri-Gangtok),13.2,64.1,2.9,3.2,6.2,51.4,0.215,218.6,0.742,3,2,0.0213,0,0.427,0,0.0,1.92
NH-27 (East-West Corridor),11.0,114.5,0.5,1.3,1.9,50.9,0.306,45.8,0.378,1,5,0.0204,0,0.3707,0,0.0,1.41
Guwahati-Jalukbari-Khanapara Urban,9.4,103.9,22.5,145.2,412.3,33.1,0.95,254.2,0.578,3,3,0.2783,0,0.8255,1,102.9,3.4
NH-27 (East-West Corridor),4.3,144.7,0.7,0.8,1.0,27.2,0.208,443.9,0.608,2,3,0.016,0,0.0884,0,0.0,1.42
Guwahati-Jalukbari-Khanapara Urban,8.9,195.7,0.0,0.0,0.1,27.1,0.398,272.0,0.759,6,1,0.0225,0,0.1116,0,0.0,1.76
NH-15 (North Bank Brahmaputra),5.2,58.7,35.9,169.3,586.8,50.9,0.95,739.8,0.247,2,4,0.2904,0,0.7942,1,113.8,3.25
NH-15 (North Bank Brahmaputra),16.6,57.7,0.2,0.2,0.4,28.0,0.222,139.3,0.491,1,1,0.022,0,0.5132,1,38.8,2.45
NH-37 (Silchar-Imphal),6.7,193.8,27.7,200.1,472.8,35.5,0.95,51.6,0.649,2,2,0.263,0,0.8204,1,113.4,3.52
NH-27 (East-West Corridor),17.2,82.2,5.2,12.5,18.3,44.2,0.374,985.2,0.865,2,1,0.0271,0,0.1619,0,0.0,1.82
Guwahati-Jalukbari-Khanapara Urban,10.1,162.0,7.0,7.9,12.5,23.4,0.194,186.3,0.543,5,3,0.0206,0,0.1501,0,0.0,1.49
NH-10 (Siliguri-Gangtok),11.7,140.0,6.3,58.4,164.7,25.2,0.913,320.6,0.443,1,4,0.1752,0,0.2192,0,0.0,1.75
NH-37 (Silchar-Imphal),10.2,190.8,12.1,80.0,248.7,29.3,0.95,569.6,0.88,2,4,0.2314,0,0.1815,0,0.0,1.84
NH-27 (East-West Corridor),3.2,66.9,0.9,1.0,1.7,41.2,0.332,157.2,0.694,2,1,0.0189,0,0.4893,0,0.0,2.13
NH-06 (Guwahati-Shillong),7.4,67.7,10.7,83.4,232.7,47.7,0.942,460.8,0.797,4,4,0.2578,0,0.5859,1,99.6,2.97
NH-15 (North Bank Brahmaputra),2.7,142.4,26.3,191.8,631.4,36.9,0.95,70.9,0.332,3,3,0.2844,1,0.8486,1,102.9,3.44
NH-15 (North Bank Brahmaputra),11.6,210.6,0.2,0.2,0.3,20.3,0.155,140.5,0.644,4,1,0.0189,0,0.153,0,0.0,1.79
NH-37 (Silchar-Imphal),8.6,117.6,1.0,1.9,2.7,32.8,0.137,74.7,0.355,1,2,0.0173,0,0.3443,0,0.0,1.83
Guwahati-Jalukbari-Khanapara Urban,14.2,102.2,29.6,235.4,510.5,20.1,0.95,603.5,0.315,3,4,0.3066,0,0.7077,0,0.0,2.53
NH-15 (North Bank Brahmaputra),4.7,151.2,3.1,7.2,11.8,18.5,0.395,108.2,0.655,2,4,0.0178,0,0.2053,1,26.0,1.59
NH-06 (Guwahati-Shillong),3.8,207.8,49.0,323.3,750.0,38.6,0.95,462.3,0.667,3,2,0.2688,1,0.5421,0,0.0,2.58
NH-06 (Guwahati-Shillong),7.9,191.5,33.6,162.1,341.5,53.2,0.95,1024.5,0.463,2,1,0.2984,1,0.3995,0,0.0,2.65
NH-15 (North Bank Brahmaputra),16.8,219.2,12.5,57.3,181.4,48.5,0.778,282.6,0.808,1,2,0.2009,0,0.2096,0,0.0,2.1
NH-15 (North Bank Brahmaputra),13.1,48.9,7.4,17.1,29.2,46.0,0.202,291.8,0.484,6,4,0.0264,0,0.3927,0,0.0,1.6
NH-06 (Guwahati-Shillong),8.1,64.8,5.6,14.4,17.4,44.1,0.246,236.3,0.501,3,5,0.0205,0,0.3866,0,0.0,1.43
Guwahati-Jalukbari-Khanapara Urban,9.8,151.7,3.9,27.2,126.9,50.9,0.655,158.0,0.544,2,3,0.0634,0,0.2195,0,0.0,1.66
NH-37 (Silchar-Imphal),2.4,188.6,2.6,4.7,5.5,45.1,0.124,246.0,0.506,3,1,0.0184,0,0.1203,0,0.0,1.76
NH-06 (Guwahati-Shillong),17.7,94.9,3.5,6.3,11.1,40.1,0.234,343.2,0.78,5,3,0.0268,0,0.2403,0,0.0,1.6
NH-15 (North Bank Brahmaputra),12.3,86.9,4.6,5.7,9.0,29.6,0.34,1513.8,0.362,5,5,0.0248,0,0.1001,0,0.0,1.15
NH-06 (Guwahati-Shillong),5.9,182.7,0.1,0.4,0.4,19.0,0.17,991.9,0.414,4,5,0.0171,0,0.0316,0,0.0,1.07
NH-15 (North Bank Brahmaputra),11.0,54.9,39.6,245.3,601.2,33.4,0.95,713.6,0.336,1,5,0.2718,0,0.7949,1,121.9,3.06
Guwahati-Jalukbari-Khanapara Urban,2.9,109.6,0.8,1.2,1.6,52.0,0.372,789.8,0.88,3,4,0.0185,0,0.0998,0,0.0,1.29
NH-27 (East-West Corridor),17.4,133.5,20.0,99.8,354.7,38.3,0.95,240.8,0.492,0,3,0.3103,0,0.6255,1,80.6,3.21
NH-27 (East-West Corridor),4.0,143.1,0.4,0.8,0.9,22.4,0.339,395.0,0.412,5,5,0.0204,0,0.0922,0,0.0,1.14
NH-15 (North Bank Brahmaputra),12.0,172.5,50.2,218.7,542.0,41.0,0.95,809.1,0.498,1,5,0.2714,0,0.4098,1,97.1,2.68
NH-37 (Silchar-Imphal),5.2,107.1,2.2,2.3,3.8,33.6,0.275,194.7,0.703,4,2,0.0192,0,0.2908,0,0.0,1.78
NH-15 (North Bank Brahmaputra),13.2,152.2,6.1,69.0,228.7,52.3,0.932,1162.4,0.669,2,4,0.2591,0,0.0984,0,0.0,1.82
NH-15 (North Bank Brahmaputra),14.2,147.4,49.1,266.6,683.8,21.4,0.95,208.1,0.446,2,5,0.2824,0,0.7278,1,122.3,3.02
NH-06 (Guwahati-Shillong),12.4,140.8,0.1,0.2,0.3,43.5,0.32,341.7,0.478,3,5,0.022,0,0.1096,0,0.0,1.16
NH-10 (Siliguri-Gangtok),11.4,157.1,24.8,183.1,503.4,42.3,0.95,453.0,0.288,4,4,0.3213,1,0.5677,0,0.0,2.42
NH-27 (East-West Corridor),16.2,90.4,5.6,16.7,20.1,54.3,0.27,1072.7,0.575,4,3,0.0296,0,0.1284,1,38.2,1.78
NH-06 (Guwahati-Shillong),2.3,59.8,26.3,141.1,492.1,37.6,0.95,118.2,0.781,3,4,0.249,0,0.9345,1,114.8,3.3
NH-37 (Silchar-Imphal),6.6,65.9,17.4,115.7,329.3,49.9,0.95,499.8,0.445,3,3,0.2928,0,0.7717,1,107.2,3.38
NH-10 (Siliguri-Gangtok),5.2,84.3,3.5,37.7,160.2,16.0,0.722,277.5,0.664,5,2,0.1069,0,0.3906,0,0.0,2.07
NH-27 (East-West Corridor),17.8,132.5,53.2,322.7,750.0,19.9,0.95,129.5,0.445,4,2,0.3532,0,0.8397,1,131.4,3.73
NH-27 (East-West Corridor),7.6,192.1,0.3,0.7,1.5,28.8,0.192,544.6,0.353,7,3,0.0208,0,0.0548,0,0.0,1.4
NH-15 (North Bank Brahmaputra),13.5,167.7,1.0,3.0,4.5,39.8,0.206,301.2,0.672,4,3,0.0213,0,0.1026,0,0.0,1.45
NH-15 (North Bank Brahmaputra),12.6,183.1,0.8,1.9,3.7,33.0,0.296,398.6,0.88,6,3,0.0212,0,0.0765,0,0.0,1.42
NH-06 (Guwahati-Shillong),4.6,106.4,1.8,2.1,3.1,23.1,0.253,156.5,0.648,8,2,0.0192,0,0.3186,0,0.0,1.81
NH-06 (Guwahati-Shillong),5.1,115.8,9.3,70.0,245.0,38.6,0.95,249.7,0.476,3,3,0.2584,0,0.442,1,66.9,2.81
NH-10 (Siliguri-Gangtok),5.8,113.9,2.0,2.8,5.3,37.7,0.369,356.2,0.487,3,4,0.0207,0,0.1689,0,0.0,1.36
Guwahati-Jalukbari-Khanapara Urban,8.0,78.6,7.4,48.1,157.6,36.0,0.908,201.7,0.88,3,4,0.1327,0,0.516,1,56.3,2.37
NH-15 (North Bank Brahmaputra),5.0,55.7,3.9,5.6,8.3,18.6,0.173,97.4,0.605,6,3,0.0179,0,0.5362,1,62.1,2.34
NH-37 (Silchar-Imphal),1.3,148.4,2.0,4.8,5.6,52.1,0.307,1161.3,0.412,2,4,0.0199,0,0.0435,0,0.0,1.24
NH-06 (Guwahati-Shillong),15.9,218.1,38.3,184.6,514.1,38.7,0.95,270.7,0.539,3,2,0.3311,0,0.6498,0,0.0,2.82
NH-06 (Guwahati-Shillong),17.4,74.2,0.8,0.8,1.0,25.6,0.363,483.4,0.589,2,2,0.0253,0,0.2469,0,0.0,1.75
NH-27 (East-West Corridor),6.8,53.2,73.2,380.0,750.0,42.5,0.95,205.3,0.634,4,2,0.2899,1,0.9326,1,150.1,3.69
NH-10 (Siliguri-Gangtok),6.8,181.4,1.0,1.3,2.1,27.7,0.335,173.5,0.822,3,4,0.0173,0,0.1344,0,0.0,1.32
NH-15 (North Bank Brahmaputra),1.1,89.2,12.8,102.8,324.0,35.2,0.95,203.0,0.78,1,3,0.2311,1,0.7867,0,0.0,2.59
Guwahati-Jalukbari-Khanapara Urban,12.6,190.2,2.1,3.6,3.9,28.6,0.173,204.2,0.586,2,3,0.0181,0,0.121,0,0.0,1.46
Guwahati-Jalukbari-Khanapara Urban,15.0,168.2,0.9,1.4,2.8,50.2,0.192,295.0,0.543,2,4,0.0213,0,0.0999,0,0.0,1.3
NH-37 (Silchar-Imphal),3.5,210.5,83.5,376.0,750.0,54.8,0.95,294.4,0.621,5,2,0.3053,0,0.6461,0,0.0,2.76
NH-37 (Silchar-Imphal),3.7,116.6,37.9,206.1,595.9,21.4,0.95,260.6,0.441,3,1,0.2758,0,0.82,1,101.7,3.69
NH-06 (Guwahati-Shillong),14.4,160.8,0.5,1.1,1.6,15.9,0.161,70.7,0.726,5,2,0.0202,0,0.2202,0,0.0,1.71
NH-10 (Siliguri-Gangtok),11.5,126.3,0.7,1.2,1.6,23.8,0.379,259.9,0.513,1,2,0.0201,0,0.1852,1,22.5,1.85
NH-27 (East-West Corridor),1.8,155.4,0.1,0.2,0.3,38.6,0.388,84.8,0.638,1,2,0.0182,0,0.2342,0,0.0,1.72
NH-37 (Silchar-Imphal),11.6,123.7,0.7,1.7,2.9,22.0,0.111,67.2,0.858,2,5,0.0141,0,0.2864,0,0.0,1.31
Guwahati-Jalukbari-Khanapara Urban,6.3,78.0,10.6,78.4,233.9,47.5,0.95,964.2,0.65,2,3,0.2491,0,0.3882,0,0.0,2.23
NH-06 (Guwahati-Shillong),7.3,133.9,32.9,189.0,504.8,31.3,0.95,345.1,0.592,2,3,0.2602,0,0.7032,1,100.6,3.24
NH-15 (North Bank Brahmaputra),14.1,137.5,1.8,5.2,10.3,39.4,0.292,397.1,0.457,4,3,0.0253,0,0.1122,0,0.0,1.47
NH-06 (Guwahati-Shillong),14.8,186.9,3.1,7.7,8.9,33.2,0.264,199.8,0.536,4,3,0.0243,0,0.1296,0,0.0,1.48
NH-27 (East-West Corridor),7.8,173.7,56.3,276.1,599.6,51.1,0.95,858.8,0.346,2,5,0.2844,0,0.4027,1,99.6,2.7
NH-15 (North Bank Brahmaputra),17.1,161.2,0.2,0.3,0.5,16.4,0.104,375.6,0.646,1,5,0.017,0,0.0754,0,0.0,1.11
NH-10 (Siliguri-Gangtok),7.9,64.8,31.9,226.7,711.4,44.2,0.95,533.1,0.166,3,4,0.3076,0,0.8315,1,124.5,3.32
Guwahati-Jalukbari-Khanapara Urban,14.1,171.1,2.0,2.9,4.1,41.1,0.203,180.9,0.724,3,2,0.0209,0,0.15,0,0.0,1.64
NH-15 (North Bank Brahmaputra),9.2,132.6,12.2,75.4,160.7,41.0,0.828,1146.7,0.682,0,5,0.1739,0,0.1554,0,0.0,1.54
NH-15 (North Bank Brahmaputra),16.3,201.5,1.0,3.1,4.6,31.6,0.212,621.1,0.568,3,1,0.0238,0,0.0542,0,0.0,1.71
NH-15 (North Bank Brahmaputra),16.4,206.0,19.4,119.8,380.7,15.6,0.95,693.3,0.454,3,3,0.3163,1,0.3349,1,70.9,2.86
NH-06 (Guwahati-Shillong),2.5,54.7,3.7,10.1,17.0,42.6,0.399,86.1,0.547,5,3,0.0244,0,0.5805,1,73.8,2.48
NH-15 (North Bank Brahmaputra),16.9,188.6,0.1,0.3,0.4,48.2,0.156,130.6,0.231,2,1,0.0265,0,0.1718,0,0.0,1.83
NH-06 (Guwahati-Shillong),15.0,51.6,9.2,66.4,203.9,18.4,0.95,137.7,0.698,1,5,0.2181,0,0.7074,1,78.9,2.77
NH-37 (Silchar-Imphal),14.5,109.3,2.5,2.6,3.4,32.7,0.381,130.6,0.521,2,5,0.0223,0,0.3066,1,43.4,1.68
Guwahati-Jalukbari-Khanapara Urban,4.4,139.9,7.6,7.7,11.8,21.5,0.41,696.8,0.823,1,5,0.016,0,0.0646,0,0.0,1.1
NH-27 (East-West Corridor),14.7,70.9,3.3,4.6,5.3,39.4,0.386,31.3,0.621,2,2,0.0243,0,0.6148,1,65.1,2.6
NH-06 (Guwahati-Shillong),15.5,175.6,0.6,1.3,2.4,46.4,0.264,47.7,0.592,2,2,0.0232,0,0.2381,0,0.0,1.74
NH-15 (North Bank Brahmaputra),5.9,46.5,18.0,113.5,399.7,41.7,0.95,132.0,0.622,4,5,0.2726,0,0.9065,1,115.4,3.17
Guwahati-Jalukbari-Khanapara Urban,17.2,74.5,37.0,270.1,614.0,27.7,0.95,98.0,0.374,3,1,0.3529,0,0.947,1,136.0,3.99
NH-10 (Siliguri-Gangtok),1.8,146.6,2.6,6.7,11.4,20.6,0.276,112.3,0.469,4,3,0.0193,0,0.2143,0,0.0,1.55
Guwahati-Jalukbari-Khanapara Urban,3.5,170.0,40.8,267.1,749.1,46.8,0.95,579.7,0.574,6,3,0.2969,1,0.5118,0,0.0,2.46
NH-10 (Siliguri-Gangtok),10.1,205.4,4.7,6.2,10.2,28.0,0.22,309.8,0.496,1,2,0.0181,0,0.0942,0,0.0,1.58
NH-10 (Siliguri-Gangtok),10.8,168.5,10.7,87.2,198.6,15.9,0.773,22.0,0.446,3,5,0.2225,1,0.569,1,88.7,2.72
NH-27 (East-West Corridor),12.0,162.6,0.2,0.4,0.4,37.9,0.261,216.3,0.499,2,2,0.0206,0,0.1406,0,0.0,1.63
NH-06 (Guwahati-Shillong),1.3,114.0,38.8,202.8,463.4,24.9,0.95,203.4,0.558,3,3,0.2579,0,0.8396,0,0.0,2.7
NH-10 (Siliguri-Gangtok),17.3,45.2,0.6,1.5,1.9,48.6,0.163,62.3,0.88,4,2,0.0236,0,0.6105,1,57.7,2.54
NH-27 (East-West Corridor),1.8,66.0,0.1,0.3,0.4,20.7,0.138,414.6,0.491,7,3,0.0175,0,0.2669,0,0.0,1.6
Guwahati-Jalukbari-Khanapara Urban,3.4,138.5,1.0,2.9,4.9,32.4,0.22,443.8,0.428,1,2,0.0172,0,0.102,0,0.0,1.59
NH-06 (Guwahati-Shillong),1.2,163.1,3.4,4.4,5.4,25.1,0.388,466.7,0.523,6,3,0.0217,0,0.0762,0,0.0,1.42
NH-06 (Guwahati-Shillong),10.6,118.1,21.3,142.3,387.0,42.6,0.95,476.3,0.82,4,5,0.2736,1,0.6461,0,0.0,2.24
NH-27 (East-West Corridor),16.8,172.9,2.2,2.6,5.0,36.9,0.284,20.0,0.833,1,4,0.0203,0,0.2472,0,0.0,1.44
NH-27 (East-West Corridor),12.3,136.3,53.4,376.9,750.0,46.6,0.95,1097.1,0.88,3,4,0.2757,0,0.4667,1,86.0,2.86
NH-37 (Silchar-Imphal),15.0,58.0,0.2,0.3,0.6,33.3,0.258,609.1,0.561,3,4,0.0217,0,0.2159,0,0.0,1.41
NH-15 (North Bank Brahmaputra),1.2,78.6,11.4,59.9,189.8,15.2,0.933,840.1,0.665,5,4,0.1951,0,0.2951,0,0.0,1.87
Guwahati-Jalukbari-Khanapara Urban,10.2,192.0,3.4,50.1,167.7,23.6,0.704,25.5,0.361,2,3,0.1448,0,0.3288,1,41.6,2.26
NH-37 (Silchar-Imphal),8.8,171.9,24.1,163.8,558.4,55.0,0.95,970.6,0.486,0,3,0.2705,0,0.3953,1,66.0,2.78
NH-37 (Silchar-Imphal),9.5,201.6,17.7,112.4,410.3,31.2,0.95,600.9,0.349,1,5,0.2632,0,0.3155,1,55.8,2.31
NH-06 (Guwahati-Shillong),2.2,65.6,68.6,380.0,750.0,39.8,0.95,655.4,0.635,2,4,0.2508,0,0.8027,0,0.0,2.5
NH-37 (Silchar-Imphal),12.6,218.3,0.6,1.1,2.1,51.2,0.215,54.3,0.557,2,2,0.021,0,0.2126,0,0.0,1.71
Guwahati-Jalukbari-Khanapara Urban,9.6,81.6,9.2,52.6,166.9,15.8,0.903,489.8,0.591,4,4,0.1645,1,0.3404,0,0.0,1.85
NH-27 (East-West Corridor),14.0,47.1,0.4,0.9,1.5,41.4,0.204,1145.9,0.398,2,1,0.0226,0,0.1814,0,0.0,1.83
NH-06 (Guwahati-Shillong),9.2,219.5,0.7,0.8,1.2,26.5,0.329,417.2,0.703,2,4,0.0175,0,0.0648,0,0.0,1.25
NH-15 (North Bank Brahmaputra),3.5,94.2,1.5,2.0,2.5,26.2,0.393,315.8,0.117,4,4,0.0234,0,0.245,0,0.0,1.44
NH-06 (Guwahati-Shillong),12.0,161.9,85.0,380.0,750.0,24.0,0.95,1039.2,0.505,4,4,0.2926,0,0.3929,0,0.0,2.18
NH-37 (Silchar-Imphal),3.9,75.9,0.2,0.4,0.5,47.9,0.144,224.8,0.531,10,1,0.0205,0,0.3924,0,0.0,2.03
Guwahati-Jalukbari-Khanapara Urban,15.8,146.5,0.7,1.7,2.2,29.9,0.139,340.1,0.186,5,5,0.0248,0,0.097,0,0.0,1.15
NH-27 (East-West Corridor),11.4,203.2,5.2,9.1,14.6,17.7,0.388,246.4,0.619,5,3,0.0237,0,0.1111,0,0.0,1.46
Guwahati-Jalukbari-Khanapara Urban,3.7,101.0,33.0,157.2,406.4,18.9,0.95,965.3,0.519,1,4,0.2353,0,0.6193,1,84.6,2.92
NH-10 (Siliguri-Gangtok),17.4,162.3,5.6,16.5,22.8,20.9,0.333,47.7,0.651,4,3,0.0283,0,0.2559,0,0.0,1.62
Guwahati-Jalukbari-Khanapara Urban,9.8,77.9,9.5,15.8,25.2,51.0,0.416,263.4,0.88,3,2,0.0241,1,0.3931,0,0.0,1.89
NH-10 (Siliguri-Gangtok),2.2,154.3,1.5,3.5,4.9,32.1,0.371,426.5,0.608,2,2,0.019,0,0.0923,0,0.0,1.58
NH-06 (Guwahati-Shillong),11.7,103.9,16.0,86.8,256.2,51.6,0.95,569.4,0.725,4,1,0.3038,1,0.5086,1,65.5,3.26
Guwahati-Jalukbari-Khanapara Urban,5.3,82.0,10.6,77.4,270.6,47.7,0.95,326.1,0.799,0,3,0.2268,0,0.5972,0,0.0,2.39
Guwahati-Jalukbari-Khanapara Urban,14.7,99.8,36.8,264.0,750.0,48.5,0.95,858.6,0.639,3,2,0.3208,0,0.6916,0,0.0,2.84
Guwahati-Jalukbari-Khanapara Urban,14.9,76.3,25.5,151.5,493.1,26.5,0.95,1016.5,0.394,2,3,0.306,0,0.7072,1,91.2,3.35
NH-37 (Silchar-Imphal),17.6,202.8,3.1,7.2,11.0,25.9,0.275,43.3,0.255,6,3,0.0312,0,0.2168,0,0.0,1.58
NH-06 (Guwahati-Shillong),9.5,114.5,21.0,140.7,503.5,37.4,0.95,200.2,0.617,7,3,0.3002,0,0.8172,1,111.4,3.44
Guwahati-Jalukbari-Khanapara Urban,8.7,87.9,0.5,0.7,1.1,31.7,0.386,28.3,0.478,6,2,0.0244,0,0.5518,1,72.0,2.59
NH-27 (East-West Corridor),13.8,123.5,2.1,5.9,11.6,35.4,0.359,159.9,0.781,4,3,0.0234,0,0.2508,0,0.0,1.6
NH-06 (Guwahati-Shillong),3.3,101.1,2.6,4.2,4.8,17.1,0.282,289.4,0.464,1,4,0.016,0,0.2293,0,0.0,1.41
Guwahati-Jalukbari-Khanapara Urban,10.3,175.3,28.9,187.4,480.9,53.9,0.95,865.9,0.547,6,3,0.3226,0,0.4206,0,0.0,2.43
NH-15 (North Bank Brahmaputra),10.3,215.0,34.0,217.4,547.3,17.3,0.95,676.0,0.341,5,3,0.3066,0,0.4303,1,72.3,2.94
NH-27 (East-West Corridor),2.5,121.7,0.5,1.4,2.6,22.2,0.111,67.7,0.488,3,3,0.0158,0,0.3162,1,49.7,2.02
NH-15 (North Bank Brahmaputra),8.1,195.7,36.7,197.9,400.5,42.1,0.95,54.2,0.38,3,3,0.2959,1,0.8123,1,148.7,3.43
NH-37 (Silchar-Imphal),15.5,144.0,2.9,3.1,3.8,21.2,0.397,331.4,0.397,2,1,0.0258,0,0.131,0,0.0,1.79
NH-27 (East-West Corridor),15.6,72.5,2.5,6.4,8.6,19.3,0.278,285.8,0.54,1,2,0.0211,0,0.3476,1,52.3,2.23
NH-06 (Guwahati-Shillong),2.7,165.9,2.2,2.9,4.6,21.1,0.302,128.4,0.441,3,3,0.0187,0,0.1744,1,33.0,1.76
NH-06 (Guwahati-Shillong),2.5,134.9,35.5,221.8,551.3,17.5,0.95,824.0,0.88,3,3,0.2328,0,0.5173,1,90.5,3.0
NH-10 (Siliguri-Gangtok),5.5,158.9,31.4,127.3,267.1,25.1,0.95,937.8,0.7,4,2,0.2669,0,0.3979,0,0.0,2.43
NH-10 (Siliguri-Gangtok),15.9,200.7,0.5,1.1,1.4,25.8,0.304,200.3,0.745,3,3,0.0219,0,0.1215,0,0.0,1.47
NH-10 (Siliguri-Gangtok),3.2,122.1,49.8,322.0,750.0,34.9,0.95,793.5,0.53,3,2,0.2746,0,0.6008,0,0.0,2.65
NH-37 (Silchar-Imphal),13.2,202.7,0.3,0.7,0.9,32.5,0.212,189.5,0.569,5,3,0.0222,0,0.1237,0,0.0,1.47
NH-06 (Guwahati-Shillong),2.7,176.4,49.2,380.0,750.0,33.9,0.95,487.2,0.473,3,4,0.2673,1,0.5238,0,0.0,2.26
NH-37 (Silchar-Imphal),11.6,130.5,53.9,380.0,750.0,39.6,0.95,246.2,0.88,1,3,0.2522,0,0.7755,1,134.8,3.3
NH-06 (Guwahati-Shillong),7.1,150.6,2.8,5.9,10.2,24.2,0.298,65.8,0.53,5,4,0.0208,0,0.2362,0,0.0,1.43
NH-15 (North Bank Brahmaputra),14.4,102.0,34.0,156.7,539.8,20.4,0.95,940.6,0.441,4,5,0.3041,0,0.6073,1,83.6,2.9
NH-10 (Siliguri-Gangtok),5.0,217.1,60.1,380.0,750.0,50.2,0.95,231.9,0.414,5,5,0.3033,0,0.65,1,124.6,2.99
NH-10 (Siliguri-Gangtok),11.9,161.8,0.2,0.4,0.8,40.4,0.366,484.1,0.61,4,2,0.024,0,0.078,1,6.3,1.63
NH-27 (East-West Corridor),5.0,52.7,26.6,195.2,575.8,17.4,0.95,180.1,0.806,2,3,0.2316,0,0.931,1,118.1,3.41
NH-15 (North Bank Brahmaputra),13.1,102.2,6.7,12.9,18.6,53.4,0.309,26.7,0.746,2,3,0.0227,0,0.5023,0,0.0,1.85
NH-15 (North Bank Brahmaputra),15.9,154.1,0.5,0.5,0.6,42.7,0.128,57.1,0.414,1,4,0.0201,0,0.23,0,0.0,1.42
NH-15 (North Bank Brahmaputra),3.2,54.9,2.4,5.5,10.1,21.1,0.344,260.0,0.409,4,3,0.0209,0,0.396,0,0.0,1.74
NH-10 (Siliguri-Gangtok),15.7,49.2,3.7,8.7,15.0,53.8,0.283,429.9,0.774,3,2,0.0253,0,0.3286,0,0.0,1.83
NH-10 (Siliguri-Gangtok),11.1,123.8,39.8,195.7,565.0,29.6,0.95,162.6,0.88,1,3,0.2426,0,0.8358,1,119.8,3.34
Guwahati-Jalukbari-Khanapara Urban,3.2,103.2,40.8,224.7,654.5,54.4,0.95,436.2,0.524,2,1,0.2856,0,0.8,0,0.0,3.02
NH-06 (Guwahati-Shillong),8.3,121.7,26.0,212.3,645.9,19.1,0.95,439.8,0.767,3,4,0.2466,0,0.6865,1,88.7,3.04
NH-10 (Siliguri-Gangtok),3.7,91.0,1.4,1.9,2.3,21.4,0.339,446.0,0.286,3,3,0.0203,0,0.2055,0,0.0,1.55
Guwahati-Jalukbari-Khanapara Urban,12.9,73.8,1.0,2.4,4.2,41.3,0.234,257.4,0.398,3,3,0.0225,0,0.3533,1,53.6,2.1
Guwahati-Jalukbari-Khanapara Urban,13.9,165.6,5.3,7.9,13.6,15.9,0.316,882.3,0.368,4,2,0.0251,0,0.047,0,0.0,1.55
Guwahati-Jalukbari-Khanapara Urban,2.8,135.0,2.7,5.2,9.9,15.7,0.319,255.1,0.624,5,3,0.0195,0,0.1578,0,0.0,1.5
NH-15 (North Bank Brahmaputra),9.6,80.0,27.9,196.8,596.1,46.7,0.95,229.4,0.518,5,3,0.3158,0,0.9006,1,114.4,3.56
NH-15 (North Bank Brahmaputra),14.8,100.9,2.9,40.8,178.0,21.7,0.924,97.8,0.593,4,3,0.1732,0,0.4913,1,63.1,2.64
NH-15 (North Bank Brahmaputra),16.9,148.6,2.3,5.1,8.5,51.8,0.233,148.7,0.769,5,4,0.0261,0,0.1838,0,0.0,1.39
NH-10 (Siliguri-Gangtok),9.7,57.6,36.4,192.9,622.7,32.0,0.95,35.1,0.432,2,4,0.274,0,0.9604,1,156.5,3.38
NH-37 (Silchar-Imphal),17.2,70.8,21.4,135.5,483.9,49.9,0.95,371.3,0.567,2,3,0.3348,0,0.8475,1,107.5,3.55
NH-37 (Silchar-Imphal),10.1,57.8,4.7,11.5,19.5,31.7,0.338,120.0,0.309,2,5,0.0219,0,0.5049,1,76.2,2.12
NH-15 (North Bank Brahmaputra),7.7,187.2,42.7,228.4,583.8,36.2,0.95,146.9,0.759,5,3,0.2831,0,0.7449,1,124.9,3.34
NH-06 (Guwahati-Shillong),15.4,176.7,0.5,0.7,1.2,27.7,0.185,535.6,0.747,1,3,0.0178,0,0.0584,0,0.0,1.4
NH-37 (Silchar-Imphal),9.4,176.8,0.3,0.3,0.5,41.3,0.389,158.7,0.615,2,3,0.0206,0,0.1547,1,15.6,1.62
NH-10 (Siliguri-Gangtok),9.0,170.4,1.5,3.4,4.3,27.7,0.179,117.1,0.572,3,3,0.0178,0,0.1738,0,0.0,1.51
NH-06 (Guwahati-Shillong),9.3,162.1,1.6,2.6,5.0,23.9,0.249,84.8,0.458,1,3,0.0175,0,0.2062,0,0.0,1.54
NH-06 (Guwahati-Shillong),15.4,128.5,0.8,1.2,1.7,18.2,0.16,541.9,0.299,3,1,0.0228,0,0.1005,0,0.0,1.75
NH-15 (North Bank Brahmaputra),15.1,157.4,2.0,3.5,6.9,17.3,0.385,68.6,0.605,1,3,0.0211,0,0.2311,0,0.0,1.58
NH-06 (Guwahati-Shillong),7.9,51.7,0.1,0.3,0.5,27.2,0.168,231.6,0.686,2,2,0.016,0,0.4212,0,0.0,1.9
NH-27 (East-West Corridor),6.7,153.8,25.1,135.8,356.9,44.5,0.95,267.5,0.88,3,2,0.2637,0,0.6769,1,81.6,3.31
NH-10 (Siliguri-Gangtok),9.4,181.1,85.0,380.0,750.0,23.2,0.95,427.0,0.479,1,2,0.2626,1,0.5707,0,0.0,2.59
NH-15 (North Bank Brahmaputra),10.7,132.6,34.9,223.1,525.7,27.0,0.95,371.1,0.599,2,4,0.2624,0,0.6835,0,0.0,2.4
NH-10 (Siliguri-Gangtok),5.1,107.6,4.3,6.1,11.1,51.2,0.294,602.6,0.751,1,2,0.0181,0,0.1401,0,0.0,1.63
NH-37 (Silchar-Imphal),14.5,93.5,0.3,0.7,0.8,40.6,0.115,36.0,0.756,2,5,0.0171,0,0.463,0,0.0,1.5
NH-37 (Silchar-Imphal),9.3,157.5,2.2,2.7,5.1,51.8,0.145,143.1,0.438,3,4,0.0195,0,0.1692,0,0.0,1.36
NH-10 (Siliguri-Gangtok),6.7,166.2,1.0,2.1,3.4,51.4,0.141,135.0,0.5,3,3,0.0187,0,0.1705,0,0.0,1.51
NH-27 (East-West Corridor),2.8,197.4,3.9,28.4,118.0,17.5,0.694,75.2,0.455,3,3,0.0549,0,0.2302,0,0.0,1.65
Guwahati-Jalukbari-Khanapara Urban,5.1,104.9,10.5,64.8,203.4,53.2,0.868,139.5,0.388,1,1,0.229,1,0.6044,1,91.7,3.38
NH-27 (East-West Corridor),17.1,179.7,20.1,133.8,374.3,17.0,0.95,149.8,0.815,5,4,0.314,1,0.6799,1,77.9,3.1
NH-27 (East-West Corridor),6.2,143.2,22.3,152.0,396.0,52.0,0.95,278.3,0.561,3,2,0.2912,0,0.7115,1,103.0,3.47
NH-37 (Silchar-Imphal),3.9,199.5,1.4,1.8,2.9,36.9,0.377,401.4,0.537,5,1,0.0237,0,0.0828,0,0.0,1.73
NH-27 (East-West Corridor),8.8,137.4,1.8,3.4,5.6,36.3,0.21,187.9,0.595,5,4,0.0201,0,0.177,0,0.0,1.37
NH-37 (Silchar-Imphal),6.2,135.6,22.0,154.7,444.4,43.5,0.95,464.9,0.56,2,2,0.2744,1,0.6327,0,0.0,2.68
NH-37 (Silchar-Imphal),1.6,146.1,1.9,3.8,5.1,50.2,0.365,163.4,0.51,4,3,0.0225,0,0.1915,0,0.0,1.54
NH-15 (North Bank Brahmaputra),6.5,176.1,1.9,4.7,8.5,39.7,0.425,140.0,0.413,5,4,0.025,0,0.1616,1,17.5,1.5
NH-06 (Guwahati-Shillong),10.2,213.8,3.1,8.3,15.0,32.0,0.372,292.7,0.832,2,4,0.0189,0,0.0922,0,0.0,1.28
NH-15 (North Bank Brahmaputra),10.4,57.9,6.0,8.4,10.2,19.5,0.267,28.4,0.447,1,2,0.0188,0,0.6388,0,0.0,2.12
NH-27 (East-West Corridor),7.1,54.4,0.9,1.4,1.5,46.6,0.151,49.1,0.383,1,4,0.017,0,0.5857,1,75.5,2.33
NH-27 (East-West Corridor),8.6,209.1,14.6,77.8,319.0,20.1,0.95,209.4,0.535,2,3,0.2542,0,0.3551,0,0.0,2.21
NH-27 (East-West Corridor),17.4,137.7,12.7,96.9,309.6,44.1,0.95,1022.1,0.88,1,3,0.2954,0,0.2615,0,0.0,2.21
NH-15 (North Bank Brahmaputra),7.4,152.6,0.9,1.0,1.6,36.1,0.239,467.4,0.402,3,3,0.0197,0,0.0797,0,0.0,1.42
NH-10 (Siliguri-Gangtok),5.4,129.4,1.1,1.7,3.2,30.4,0.336,52.3,0.678,1,1,0.0177,0,0.3433,1,49.6,2.35
Guwahati-Jalukbari-Khanapara Urban,5.1,61.4,17.2,108.8,325.2,39.5,0.95,675.5,0.506,3,3,0.2766,0,0.7029,0,0.0,2.6
Guwahati-Jalukbari-Khanapara Urban,8.8,179.4,1.4,3.8,6.5,45.9,0.385,481.3,0.594,2,3,0.0212,0,0.0696,0,0.0,1.42
NH-10 (Siliguri-Gangtok),13.9,175.8,2.6,4.8,5.4,52.6,0.343,350.4,0.716,4,4,0.0245,0,0.0888,1,12.8,1.39
NH-15 (North Bank Brahmaputra),4.5,99.5,0.0,0.1,0.1,25.6,0.126,620.7,0.24,4,3,0.0186,0,0.1336,0,0.0,1.47
NH-15 (North Bank Brahmaputra),13.1,98.6,1.2,3.7,6.6,52.9,0.347,201.2,0.389,6,2,0.0295,0,0.3327,0,0.0,1.84
NH-27 (East-West Corridor),1.4,191.6,64.0,380.0,750.0,53.4,0.95,107.6,0.713,2,3,0.2598,0,0.7786,1,138.3,3.32
NH-37 (Silchar-Imphal),8.1,57.7,29.1,177.3,487.2,47.5,0.95,271.1,0.568,3,4,0.2818,0,0.904,1,136.6,3.34
NH-10 (Siliguri-Gangtok),14.2,199.2,0.1,0.1,0.2,50.3,0.385,298.6,0.588,4,3,0.0265,0,0.097,0,0.0,1.45
NH-37 (Silchar-Imphal),6.8,89.9,1.1,1.3,2.1,42.7,0.386,290.5,0.678,2,2,0.02,0,0.3003,0,0.0,1.79
NH-10 (Siliguri-Gangtok),10.6,148.8,2.4,5.2,6.2,16.6,0.158,311.4,0.39,3,3,0.0185,0,0.1119,0,0.0,1.45
NH-27 (East-West Corridor),4.5,208.8,1.2,2.1,3.6,38.0,0.128,1059.6,0.74,3,1,0.0166,0,0.0363,0,0.0,1.67
NH-15 (North Bank Brahmaputra),13.6,163.7,39.7,220.9,661.5,44.9,0.95,833.9,0.698,2,4,0.2847,1,0.4327,1,86.4,2.85
NH-15 (North Bank Brahmaputra),1.9,117.5,10.7,96.2,285.2,52.7,0.95,749.8,0.593,3,5,0.264,1,0.3432,1,35.1,2.18
NH-27 (East-West Corridor),15.5,165.7,0.6,1.1,1.8,37.8,0.159,585.8,0.634,4,1,0.0231,0,0.0644,0,0.0,1.71
NH-10 (Siliguri-Gangtok),4.4,105.2,10.8,67.9,221.9,46.8,0.95,1025.3,0.76,3,3,0.2344,0,0.233,1,40.6,2.35
NH-27 (East-West Corridor),15.9,93.5,7.1,71.0,152.0,43.2,0.611,56.3,0.443,3,3,0.2064,1,0.6991,1,75.9,3.02
NH-06 (Guwahati-Shillong),7.0,219.4,42.7,197.1,643.3,26.2,0.95,127.8,0.669,2,3,0.2505,0,0.7436,1,105.7,3.26
NH-10 (Siliguri-Gangtok),13.3,176.4,2.1,4.1,6.0,21.2,0.37,259.2,0.864,5,3,0.0221,0,0.1118,0,0.0,1.46
NH-27 (East-West Corridor),6.4,157.8,3.5,10.2,18.3,45.0,0.353,676.0,0.665,1,4,0.0189,0,0.058,0,0.0,1.25
NH-37 (Silchar-Imphal),16.4,107.2,26.3,227.1,633.2,24.4,0.95,266.2,0.51,2,3,0.3089,0,0.8295,1,111.6,3.48
Guwahati-Jalukbari-Khanapara Urban,3.2,53.6,2.6,3.6,4.5,24.8,0.412,502.5,0.88,4,5,0.0179,0,0.2514,0,0.0,1.29
Guwahati-Jalukbari-Khanapara Urban,4.0,50.4,12.9,110.2,406.0,40.8,0.95,72.4,0.592,3,3,0.2708,0,0.9198,1,107.0,3.48
NH-27 (East-West Corridor),9.4,142.0,15.3,101.6,278.2,46.6,0.95,121.8,0.802,2,1,0.2699,0,0.7019,1,86.0,3.53
NH-37 (Silchar-Imphal),2.4,178.4,8.8,60.0,188.4,38.3,0.753,480.6,0.474,0,5,0.1577,0,0.1245,0,0.0,1.47
NH-37 (Silchar-Imphal),4.3,139.0,4.0,6.0,10.3,50.4,0.184,83.0,0.742,3,2,0.0182,0,0.2733,0,0.0,1.76
Guwahati-Jalukbari-Khanapara Urban,17.0,192.1,24.3,158.1,492.2,23.5,0.95,171.5,0.452,4,4,0.3357,0,0.6892,1,112.8,3.25
NH-15 (North Bank Brahmaputra),17.6,50.8,6.1,13.0,20.1,25.1,0.407,127.7,0.608,6,3,0.0319,0,0.5418,0,0.0,1.91
NH-15 (North Bank Brahmaputra),7.4,109.2,25.9,221.0,574.0,40.5,0.95,170.7,0.441,3,4,0.2831,1,0.8635,1,114.6,3.3
NH-06 (Guwahati-Shillong),16.7,86.5,1.5,1.8,2.2,48.2,0.283,451.2,0.88,4,3,0.0245,0,0.2218,0,0.0,1.57
NH-06 (Guwahati-Shillong),10.3,123.3,2.1,4.7,6.8,36.6,0.382,180.5,0.51,2,1,0.0227,0,0.2577,0,0.0,1.9
NH-10 (Siliguri-Gangtok),5.6,57.7,54.0,360.1,750.0,15.4,0.95,303.6,0.351,4,3,0.2803,1,0.8983,1,137.5,3.48
NH-10 (Siliguri-Gangtok),12.9,212.0,2.1,4.6,6.6,42.1,0.237,56.8,0.567,3,3,0.0216,0,0.2039,0,0.0,1.55
NH-37 (Silchar-Imphal),12.2,84.1,2.9,5.9,9.5,47.5,0.249,592.2,0.647,4,3,0.0225,0,0.1891,0,0.0,1.54
Guwahati-Jalukbari-Khanapara Urban,17.8,206.4,59.2,337.4,750.0,26.1,0.95,181.7,0.545,3,5,0.3231,1,0.683,1,102.3,3.06
NH-15 (North Bank Brahmaputra),5.5,119.5,0.4,0.4,0.7,17.2,0.296,386.0,0.404,3,3,0.0187,0,0.1428,0,0.0,1.48
NH-27 (East-West Corridor),12.4,217.5,34.2,192.7,407.0,35.7,0.95,472.3,0.737,3,2,0.2877,0,0.5289,1,87.5,3.26
NH-10 (Siliguri-Gangtok),1.9,142.0,0.0,0.0,0.1,16.7,0.297,102.4,0.777,1,1,0.0152,0,0.2458,0,0.0,1.88
NH-06 (Guwahati-Shillong),2.9,207.9,16.1,108.6,358.1,31.6,0.95,776.0,0.253,6,4,0.3009,0,0.2603,0,0.0,2.07
NH-37 (Silchar-Imphal),1.1,45.9,37.8,226.4,441.9,15.7,0.95,355.2,0.392,6,5,0.2716,0,0.8812,1,125.1,3.14
NH-10 (Siliguri-Gangtok),18.0,175.9,0.8,1.7,2.2,24.0,0.283,216.0,0.521,0,3,0.0221,0,0.1236,0,0.0,1.47
NH-37 (Silchar-Imphal),14.6,203.0,2.0,2.0,3.5,30.6,0.317,90.5,0.454,1,3,0.0216,0,0.1801,0,0.0,1.53
NH-15 (North Bank Brahmaputra),14.4,69.5,27.8,162.3,426.0,19.5,0.95,1018.4,0.645,4,4,0.2934,0,0.7185,0,0.0,2.51
NH-27 (East-West Corridor),9.7,61.8,3.7,5.4,9.4,19.6,0.16,512.4,0.88,1,2,0.0145,0,0.2542,0,0.0,1.73
NH-10 (Siliguri-Gangtok),6.1,119.3,0.6,1.4,2.3,48.1,0.328,101.6,0.481,5,3,0.0235,0,0.3146,1,24.3,1.85
Guwahati-Jalukbari-Khanapara Urban,3.6,208.4,34.5,178.6,531.2,16.7,0.95,164.2,0.834,3,3,0.2363,0,0.7102,1,102.9,3.2
NH-27 (East-West Corridor),5.8,139.9,0.4,1.1,1.9,42.6,0.136,600.7,0.286,3,1,0.0201,0,0.081,0,0.0,1.72
NH-06 (Guwahati-Shillong),7.4,137.3,7.1,17.6,28.9,47.6,0.397,436.4,0.632,4,4,0.0251,0,0.1123,0,0.0,1.32
NH-37 (Silchar-Imphal),13.9,69.7,46.3,336.2,750.0,20.2,0.95,528.0,0.443,3,2,0.3052,0,0.8355,1,122.1,3.62
NH-27 (East-West Corridor),10.2,45.1,0.4,0.7,1.4,22.8,0.266,223.7,0.636,4,2,0.0198,0,0.4421,1,55.0,2.34
NH-27 (East-West Corridor),2.3,186.8,3.7,6.2,7.3,40.7,0.209,461.2,0.234,3,3,0.0204,0,0.0679,0,0.0,1.41
NH-27 (East-West Corridor),1.3,60.3,1.0,2.7,4.2,27.6,0.145,191.0,0.319,4,3,0.0184,0,0.4285,0,0.0,1.76
NH-37 (Silchar-Imphal),2.7,155.9,43.7,313.7,728.1,34.1,0.95,103.1,0.636,2,1,0.2612,1,0.8249,0,0.0,2.99
NH-15 (North Bank Brahmaputra),8.0,205.1,25.2,147.3,457.2,48.4,0.95,370.5,0.437,3,3,0.2966,1,0.5542,0,0.0,2.5
NH-15 (North Bank Brahmaputra),16.9,81.5,23.2,183.3,416.8,20.5,0.95,1325.6,0.492,4,2,0.3391,1,0.6875,1,106.7,3.55
Guwahati-Jalukbari-Khanapara Urban,11.8,161.4,1.4,4.0,7.7,39.8,0.17,150.2,0.88,4,1,0.0195,0,0.1816,1,36.3,2.09
NH-37 (Silchar-Imphal),14.6,58.8,4.5,8.1,13.1,52.7,0.24,236.3,0.575,3,4,0.0237,0,0.4064,1,57.7,2.04
NH-37 (Silchar-Imphal),8.9,150.7,4.1,5.8,9.9,17.3,0.391,412.3,0.712,3,2,0.0199,0,0.0983,0,0.0,1.59
NH-06 (Guwahati-Shillong),7.1,73.7,1.7,4.1,4.8,17.4,0.389,292.9,0.413,5,2,0.0234,0,0.343,1,38.8,2.13
NH-37 (Silchar-Imphal),2.8,173.8,16.9,89.4,303.9,37.2,0.95,669.0,0.309,3,4,0.2775,1,0.2367,0,0.0,1.99
NH-37 (Silchar-Imphal),15.9,97.7,1.0,3.0,5.7,53.4,0.266,522.0,0.535,5,1,0.0297,0,0.1867,1,31.1,2.08
Guwahati-Jalukbari-Khanapara Urban,14.3,126.1,7.4,12.9,19.5,23.8,0.339,41.0,0.282,4,5,0.0265,0,0.3373,0,0.0,1.39
NH-15 (North Bank Brahmaputra),3.9,149.9,1.9,4.4,5.1,28.2,0.181,2277.9,0.424,3,4,0.0174,0,0.0335,0,0.0,1.22
NH-37 (Silchar-Imphal),9.7,75.0,26.3,165.7,329.3,18.9,0.95,508.6,0.593,3,2,0.2721,0,0.8225,0,0.0,2.86
NH-37 (Silchar-Imphal),9.3,174.8,44.9,280.0,750.0,29.5,0.95,718.0,0.53,10,3,0.2991,0,0.4517,0,0.0,2.41
NH-37 (Silchar-Imphal),11.6,98.0,20.8,116.1,411.5,16.8,0.95,388.6,0.61,4,5,0.272,1,0.7093,1,80.9,2.91
NH-15 (North Bank Brahmaputra),17.1,160.9,21.6,172.4,554.3,30.6,0.95,699.0,0.658,4,3,0.332,0,0.4647,0,0.0,2.49
NH-37 (Silchar-Imphal),10.9,72.7,2.4,6.5,9.2,37.2,0.325,61.7,0.335,3,3,0.0236,0,0.5551,1,57.5,2.33
NH-15 (North Bank Brahmaputra),10.2,165.4,3.8,4.6,6.4,54.0,0.218,169.6,0.38,1,3,0.0202,0,0.1588,0,0.0,1.5
NH-06 (Guwahati-Shillong),1.9,67.4,1.4,4.0,4.8,47.7,0.222,751.8,0.158,5,3,0.0236,0,0.1876,0,0.0,1.54
NH-06 (Guwahati-Shillong),2.1,119.4,28.0,139.9,405.7,47.9,0.95,98.8,0.483,5,2,0.3078,0,0.8739,1,129.9,3.67
NH-15 (North Bank Brahmaputra),4.2,88.3,11.0,95.7,373.3,24.1,0.95,48.5,0.683,0,2,0.2286,1,0.8583,1,96.2,3.48
NH-37 (Silchar-Imphal),1.6,176.0,0.4,0.9,1.5,18.5,0.317,563.1,0.818,1,4,0.0143,0,0.0544,0,0.0,1.24
NH-15 (North Bank Brahmaputra),13.6,90.9,11.3,93.8,241.1,39.1,0.95,651.7,0.584,1,5,0.2643,0,0.479,1,70.3,2.58
NH-37 (Silchar-Imphal),13.3,199.3,42.7,245.4,541.7,35.8,0.95,82.1,0.797,2,2,0.2785,0,0.7982,1,136.8,3.53
NH-06 (Guwahati-Shillong),3.3,201.1,50.8,353.7,750.0,35.7,0.95,694.3,0.619,2,3,0.2547,0,0.4398,0,0.0,2.3
NH-06 (Guwahati-Shillong),15.2,79.4,23.3,162.0,397.8,19.4,0.95,426.3,0.569,4,5,0.3001,1,0.8111,1,100.6,3.14
NH-15 (North Bank Brahmaputra),3.6,152.4,67.8,361.9,750.0,34.8,0.95,276.9,0.44,4,2,0.2916,0,0.7088,0,0.0,2.79
NH-37 (Silchar-Imphal),6.1,60.4,5.5,7.2,8.4,21.0,0.134,640.7,0.121,4,3,0.0201,0,0.2135,0,0.0,1.56
NH-37 (Silchar-Imphal),5.2,113.5,31.2,226.9,714.1,31.9,0.95,210.2,0.77,3,3,0.2541,0,0.8398,1,108.5,3.37
Guwahati-Jalukbari-Khanapara Urban,7.3,169.8,21.7,118.1,412.9,17.5,0.95,95.5,0.54,3,1,0.2723,0,0.7441,0,0.0,2.94
NH-06 (Guwahati-Shillong),5.3,160.4,0.4,1.0,2.0,49.3,0.196,137.3,0.8,5,3,0.0189,0,0.1762,0,0.0,1.52
NH-06 (Guwahati-Shillong),9.3,154.3,68.6,380.0,750.0,15.5,0.95,266.2,0.379,5,2,0.3038,0,0.7044,0,0.0,2.82
NH-15 (North Bank Brahmaputra),7.9,94.4,32.9,149.5,335.5,52.6,0.95,285.3,0.88,0,2,0.2444,0,0.8583,1,121.0,3.51
NH-06 (Guwahati-Shillong),17.8,111.2,0.6,1.5,2.2,49.5,0.34,593.2,0.505,3,4,0.0286,0,0.1188,0,0.0,1.33
NH-10 (Siliguri-Gangtok),2.0,63.0,18.5,126.3,366.4,45.1,0.95,568.5,0.425,5,4,0.2988,1,0.7719,1,94.6,3.25
NH-27 (East-West Corridor),3.4,170.8,3.0,8.4,10.4,54.3,0.271,324.8,0.511,3,5,0.0199,0,0.092,0,0.0,1.13
NH-06 (Guwahati-Shillong),1.9,133.2,26.1,136.7,330.9,17.2,0.95,551.2,0.581,4,5,0.2507,0,0.5401,1,66.5,2.59
NH-10 (Siliguri-Gangtok),11.6,169.0,12.9,100.6,299.1,40.7,0.95,94.5,0.537,3,4,0.289,0,0.6102,1,82.5,3.01
NH-15 (North Bank Brahmaputra),1.9,88.6,2.3,6.5,12.9,49.0,0.368,38.0,0.457,6,2,0.0251,0,0.5498,1,64.4,2.53
NH-15 (North Bank Brahmaputra),15.2,101.8,0.7,1.5,1.9,20.1,0.19,744.0,0.225,1,2,0.0212,0,0.1196,0,0.0,1.62
NH-27 (East-West Corridor),9.7,103.5,24.2,180.4,596.5,38.4,0.95,47.5,0.405,5,2,0.323,1,0.9291,1,117.5,3.76
NH-27 (East-West Corridor),10.0,49.5,1.2,3.7,4.1,30.8,0.394,119.1,0.743,3,3,0.0204,0,0.5378,0,0.0,1.88
NH-06 (Guwahati-Shillong),10.5,104.7,1.8,3.5,5.2,32.4,0.315,436.0,0.392,2,2,0.0215,0,0.1807,0,0.0,1.68
NH-27 (East-West Corridor),3.9,185.6,1.1,2.5,4.1,51.5,0.409,204.3,0.241,6,3,0.0272,0,0.1333,0,0.0,1.49
NH-10 (Siliguri-Gangtok),4.4,202.0,0.4,0.6,0.7,36.5,0.159,751.5,0.36,6,4,0.0196,0,0.0393,0,0.0,1.23
NH-06 (Guwahati-Shillong),6.4,135.7,0.4,0.9,1.3,18.7,0.324,143.8,0.534,2,2,0.0181,0,0.2233,0,0.0,1.71
NH-37 (Silchar-Imphal),11.1,124.7,25.0,121.3,377.7,52.5,0.95,24.2,0.413,4,3,0.324,0,0.8807,1,116.9,3.56
NH-37 (Silchar-Imphal),4.6,50.4,33.0,192.7,499.5,22.4,0.95,145.2,0.5,0,1,0.2449,0,0.9466,1,136.4,3.75
NH-15 (North Bank Brahmaputra),3.0,198.9,27.8,161.0,471.1,50.7,0.95,322.0,0.406,2,3,0.2806,1,0.6024,1,74.6,3.07
NH-37 (Silchar-Imphal),17.5,47.3,14.4,81.6,332.9,53.8,0.95,185.0,0.732,1,2,0.3202,1,0.8154,1,90.6,3.64
NH-10 (Siliguri-Gangtok),1.4,210.3,0.1,0.3,0.4,50.1,0.33,287.9,0.638,4,5,0.0196,0,0.0878,0,0.0,1.13
NH-10 (Siliguri-Gangtok),14.6,130.6,1.2,3.4,4.0,42.1,0.156,752.3,0.88,1,5,0.0165,0,0.0644,0,0.0,1.1
NH-15 (North Bank Brahmaputra),14.4,104.8,2.7,2.7,4.0,44.7,0.303,872.6,0.481,1,2,0.0228,0,0.1103,0,0.0,1.61
NH-27 (East-West Corridor),6.1,206.7,31.9,248.3,750.0,43.0,0.95,128.2,0.499,1,5,0.2536,0,0.7325,1,122.8,2.96
NH-15 (North Bank Brahmaputra),3.3,49.3,45.9,252.0,750.0,33.4,0.95,237.1,0.763,2,3,0.2436,0,0.9221,1,129.8,3.42
NH-10 (Siliguri-Gangtok),3.5,146.7,11.4,113.5,331.9,26.0,0.95,298.8,0.62,3,3,0.256,0,0.5353,1,76.5,2.97
NH-15 (North Bank Brahmaputra),12.9,141.1,40.8,288.5,709.2,26.4,0.95,1062.3,0.381,1,3,0.2825,0,0.4583,0,0.0,2.38
NH-06 (Guwahati-Shillong),11.9,83.4,52.2,245.7,562.6,44.2,0.95,2324.3,0.65,6,4,0.309,1,0.6493,0,0.0,2.47
Guwahati-Jalukbari-Khanapara Urban,14.3,120.1,0.9,1.9,2.5,40.0,0.262,113.9,0.621,5,2,0.0249,0,0.3052,0,0.0,1.81
NH-37 (Silchar-Imphal),16.9,159.1,2.6,5.0,6.3,38.4,0.326,474.4,0.227,1,1,0.0284,0,0.0859,0,0.0,1.75
NH-15 (North Bank Brahmaputra),12.8,172.2,1.9,4.9,6.7,41.1,0.316,186.2,0.433,1,3,0.0216,0,0.1445,0,0.0,1.49
NH-27 (East-West Corridor),3.6,45.1,0.2,0.2,0.3,46.0,0.123,22.8,0.584,2,3,0.0161,0,0.6403,1,86.5,2.62
NH-27 (East-West Corridor),5.1,208.9,5.4,48.4,227.2,44.9,0.95,23.3,0.81,3,3,0.2067,0,0.3516,0,0.0,2.1
NH-37 (Silchar-Imphal),15.3,73.8,1.3,2.5,4.1,19.2,0.311,236.0,0.676,3,4,0.0211,0,0.3529,1,49.8,1.92
NH-37 (Silchar-Imphal),4.6,85.9,32.3,193.7,383.9,29.5,0.95,254.5,0.448,3,1,0.283,1,0.8923,1,130.8,3.78
NH-06 (Guwahati-Shillong),2.2,91.1,39.5,211.1,520.3,25.6,0.95,28.0,0.423,2,5,0.2494,0,0.94,1,128.9,3.15
NH-27 (East-West Corridor),13.0,51.6,2.6,3.0,5.4,36.5,0.291,426.5,0.694,5,5,0.022,0,0.2809,0,0.0,1.33
NH-15 (North Bank Brahmaputra),7.8,66.5,2.6,3.7,5.5,17.5,0.4,141.9,0.113,1,1,0.0223,0,0.5035,0,0.0,2.15
NH-37 (Silchar-Imphal),16.6,217.6,0.5,0.8,1.3,45.5,0.398,307.3,0.405,1,3,0.0268,0,0.0924,0,0.0,1.45
NH-15 (North Bank Brahmaputra),12.1,100.2,4.7,12.1,24.2,19.3,0.406,145.3,0.804,6,3,0.0238,0,0.3639,0,0.0,1.71
NH-10 (Siliguri-Gangtok),2.5,65.2,28.0,192.2,489.5,25.9,0.95,84.0,0.603,1,3,0.2382,0,0.9487,1,111.7,3.44
NH-27 (East-West Corridor),17.1,63.7,2.3,3.8,5.6,46.3,0.162,203.0,0.413,4,3,0.0267,0,0.4222,0,0.0,1.78
NH-10 (Siliguri-Gangtok),5.4,170.9,20.9,146.5,418.7,17.1,0.95,112.5,0.334,2,2,0.2675,0,0.7602,0,0.0,2.79
NH-37 (Silchar-Imphal),6.7,194.5,37.8,166.1,492.0,41.4,0.95,287.9,0.701,5,4,0.284,0,0.6192,0,0.0,2.39
NH-06 (Guwahati-Shillong),7.8,90.0,13.8,131.6,363.3,52.0,0.95,97.6,0.564,3,3,0.2897,0,0.903,1,106.1,3.51
NH-27 (East-West Corridor),1.9,48.7,22.3,118.7,376.3,39.7,0.95,268.5,0.511,3,3,0.2729,0,0.8832,0,0.0,2.77
NH-27 (East-West Corridor),9.4,84.0,1.4,3.7,7.0,43.5,0.291,79.9,0.617,4,3,0.0216,0,0.4918,0,0.0,1.83
NH-15 (North Bank Brahmaputra),3.1,54.9,0.9,1.5,2.2,46.7,0.195,409.1,0.58,4,5,0.018,0,0.2803,0,0.0,1.32
NH-37 (Silchar-Imphal),7.8,63.1,2.0,2.6,3.5,23.9,0.401,510.8,0.566,0,3,0.0176,0,0.2528,1,40.3,1.89
NH-10 (Siliguri-Gangtok),7.0,120.5,1.3,1.8,3.0,38.2,0.322,60.9,0.312,6,1,0.0253,0,0.3732,1,48.9,2.39
NH-15 (North Bank Brahmaputra),14.1,85.2,85.0,380.0,750.0,27.4,0.95,240.8,0.365,2,2,0.3084,0,0.8935,1,174.2,3.69
Guwahati-Jalukbari-Khanapara Urban,14.7,135.3,60.6,380.0,750.0,25.0,0.95,45.7,0.685,1,3,0.2718,1,0.8759,1,161.4,3.44
NH-15 (North Bank Brahmaputra),3.6,89.4,1.1,1.2,2.3,22.7,0.311,339.1,0.651,3,4,0.0171,0,0.2429,0,0.0,1.43
NH-37 (Silchar-Imphal),7.2,209.6,0.8,1.1,1.7,38.4,0.325,127.5,0.619,3,3,0.0197,0,0.157,0,0.0,1.5
NH-15 (North Bank Brahmaputra),7.3,203.5,0.2,0.4,0.5,46.8,0.315,282.5,0.444,2,3,0.0204,0,0.0983,0,0.0,1.44
NH-10 (Siliguri-Gangtok),3.6,144.2,25.9,179.5,417.9,50.0,0.95,275.0,0.688,3,4,0.2663,0,0.705,1,106.6,3.11
NH-15 (North Bank Brahmaputra),14.6,107.0,14.6,125.7,442.4,32.1,0.95,923.6,0.483,0,1,0.2911,0,0.5562,1,65.8,3.28
NH-10 (Siliguri-Gangtok),13.0,111.7,39.2,224.7,569.3,29.9,0.95,298.8,0.784,2,4,0.2632,0,0.7948,1,129.2,3.19
NH-15 (North Bank Brahmaputra),4.2,117.1,85.0,380.0,750.0,42.5,0.95,326.1,0.416,1,4,0.2604,1,0.7683,0,0.0,2.48
Guwahati-Jalukbari-Khanapara Urban,7.2,172.3,0.1,0.2,0.3,46.2,0.288,199.8,0.455,4,4,0.0213,0,0.1298,0,0.0,1.33
NH-27 (East-West Corridor),2.8,124.0,0.3,0.5,0.7,25.1,0.146,1062.1,0.523,3,5,0.0154,0,0.0551,0,0.0,1.09
NH-06 (Guwahati-Shillong),11.7,194.9,0.2,0.4,0.7,26.9,0.198,545.5,0.703,6,2,0.0202,0,0.057,0,0.0,1.55
Guwahati-Jalukbari-Khanapara Urban,3.1,210.2,1.8,4.3,8.3,36.3,0.351,137.6,0.544,3,3,0.0201,0,0.1536,0,0.0,1.5
NH-37 (Silchar-Imphal),17.8,103.8,37.8,181.3,534.7,32.8,0.95,670.7,0.557,3,2,0.3442,0,0.7064,0,0.0,2.91
NH-10 (Siliguri-Gangtok),14.3,143.1,51.8,271.0,546.1,43.2,0.95,218.2,0.48,1,2,0.3037,0,0.7691,1,131.3,3.55
NH-15 (North Bank Brahmaputra),7.6,61.6,17.7,98.4,336.7,35.2,0.95,637.5,0.598,3,2,0.2768,1,0.6855,1,98.4,3.41
Guwahati-Jalukbari-Khanapara Urban,10.8,80.1,3.3,4.2,5.4,19.5,0.122,625.8,0.537,3,4,0.0168,0,0.1695,0,0.0,1.35
NH-10 (Siliguri-Gangtok),16.5,117.4,0.8,1.6,2.2,21.6,0.207,93.3,0.409,2,1,0.023,0,0.3376,1,25.7,2.18
NH-27 (East-West Corridor),10.4,81.1,1.2,2.1,3.1,51.1,0.118,442.7,0.573,1,2,0.0176,0,0.2421,0,0.0,1.73
NH-15 (North Bank Brahmaputra),4.0,198.4,2.6,6.1,7.0,24.1,0.385,140.2,0.577,6,3,0.0217,0,0.1546,0,0.0,1.5
NH-10 (Siliguri-Gangtok),7.4,72.7,17.5,119.5,323.1,17.0,0.95,143.6,0.88,2,4,0.2261,0,0.8897,1,124.0,3.2
NH-06 (Guwahati-Shillong),15.3,124.7,3.2,7.4,8.8,44.3,0.42,143.0,0.44,2,4,0.0267,0,0.2572,0,0.0,1.46
NH-15 (North Bank Brahmaputra),12.0,151.0,13.1,104.9,347.3,42.4,0.95,472.6,0.399,5,1,0.342,0,0.425,1,46.7,3.12
NH-37 (Silchar-Imphal),12.1,166.1,18.4,116.6,353.6,39.0,0.95,111.4,0.6,4,3,0.303,1,0.7048,1,79.5,3.26
NH-27 (East-West Corridor),15.7,112.0,1.4,3.4,4.8,35.1,0.267,20.3,0.371,3,2,0.0258,0,0.4465,0,0.0,1.95
NH-10 (Siliguri-Gangtok),16.2,197.1,29.5,220.3,493.3,53.8,0.95,459.6,0.357,2,5,0.3334,0,0.513,1,91.3,2.92
NH-06 (Guwahati-Shillong),16.6,144.5,2.2,6.0,7.2,19.8,0.214,85.7,0.291,3,5,0.0234,0,0.217,0,0.0,1.27
NH-06 (Guwahati-Shillong),2.6,121.9,26.9,208.8,564.0,35.4,0.95,58.6,0.411,5,1,0.3087,0,0.9032,1,116.0,3.85
NH-37 (Silchar-Imphal),10.3,56.8,8.2,59.7,185.7,37.6,0.842,114.9,0.415,4,4,0.2157,1,0.6979,1,89.7,2.99
NH-27 (East-West Corridor),13.6,126.3,17.0,91.3,218.6,15.9,0.845,187.3,0.319,6,4,0.2871,0,0.6068,1,86.4,3.03
NH-37 (Silchar-Imphal),13.9,188.6,4.8,7.9,10.4,31.5,0.225,246.1,0.505,1,2,0.0204,0,0.1175,0,0.0,1.61
NH-37 (Silchar-Imphal),11.3,152.5,0.8,0.8,1.5,46.3,0.13,36.0,0.124,1,4,0.0196,0,0.2542,0,0.0,1.44
NH-06 (Guwahati-Shillong),3.8,190.6,6.9,10.0,11.6,33.8,0.154,1254.0,0.639,2,2,0.0166,0,0.035,0,0.0,1.52
Guwahati-Jalukbari-Khanapara Urban,14.6,131.5,0.2,0.3,0.6,50.0,0.267,460.7,0.45,3,2,0.0251,0,0.1125,0,0.0,1.62
NH-10 (Siliguri-Gangtok),13.2,65.7,41.5,308.2,750.0,40.8,0.95,156.6,0.476,2,5,0.2897,0,0.927,1,134.3,3.23
NH-27 (East-West Corridor),2.5,47.4,45.4,187.3,496.3,45.6,0.95,154.3,0.656,1,3,0.2494,0,0.9424,1,141.5,3.46
Guwahati-Jalukbari-Khanapara Urban,8.9,98.1,0.2,0.4,0.6,47.2,0.123,228.3,0.617,1,4,0.0157,0,0.2743,1,29.6,1.68
NH-37 (Silchar-Imphal),4.0,167.1,4.2,12.2,21.6,42.6,0.291,364.5,0.437,3,3,0.0217,0,0.095,0,0.0,1.44
NH-27 (East-West Corridor),6.7,183.3,0.6,1.7,3.4,45.0,0.145,75.4,0.631,2,2,0.017,0,0.2033,0,0.0,1.69
NH-37 (Silchar-Imphal),1.3,96.8,0.0,0.1,0.1,42.8,0.295,93.3,0.829,4,3,0.0182,0,0.4191,0,0.0,1.75
NH-15 (North Bank Brahmaputra),7.8,131.7,0.3,0.4,0.8,37.0,0.35,706.7,0.368,3,5,0.0209,0,0.0683,0,0.0,1.11
NH-27 (East-West Corridor),10.3,118.7,2.2,4.6,8.0,37.7,0.162,123.6,0.686,3,1,0.019,0,0.3097,1,31.4,2.18
NH-27 (East-West Corridor),11.5,116.8,14.6,90.1,321.2,22.6,0.95,187.4,0.35,0,2,0.2669,0,0.6576,1,89.0,3.36
NH-10 (Siliguri-Gangtok),12.3,85.5,0.2,0.5,0.8,48.1,0.224,737.5,0.762,4,2,0.0212,0,0.1617,0,0.0,1.66
NH-06 (Guwahati-Shillong),15.2,68.9,1.2,2.5,2.8,27.5,0.2,400.8,0.422,4,2,0.0239,0,0.286,1,29.9,2.01
NH-10 (Siliguri-Gangtok),4.7,79.4,30.5,187.1,417.0,36.4,0.95,166.3,0.415,3,1,0.2912,0,0.9259,1,130.2,3.83
NH-10 (Siliguri-Gangtok),3.0,54.7,2.7,5.0,9.1,25.0,0.194,422.9,0.757,4,4,0.0162,0,0.2813,1,60.4,1.92
Guwahati-Jalukbari-Khanapara Urban,15.5,79.7,31.5,155.5,524.8,42.8,0.95,27.0,0.68,3,2,0.3196,0,0.9556,1,129.5,3.77
NH-10 (Siliguri-Gangtok),3.7,46.6,42.4,203.0,521.8,54.0,0.95,485.7,0.428,1,4,0.2677,0,0.862,1,136.0,3.27
NH-27 (East-West Corridor),17.6,154.8,8.3,106.8,279.9,47.1,0.95,253.6,0.573,1,3,0.3224,0,0.5006,1,59.8,2.95
NH-37 (Silchar-Imphal),15.3,100.4,1.6,1.8,3.4,39.8,0.292,607.2,0.422,7,3,0.0276,0,0.1438,0,0.0,1.5
Guwahati-Jalukbari-Khanapara Urban,9.5,215.3,4.1,12.2,14.8,37.7,0.389,1102.6,0.263,2,3,0.0244,0,0.0358,0,0.0,1.39
NH-27 (East-West Corridor),17.7,78.9,23.6,196.0,558.9,34.6,0.95,930.3,0.584,6,4,0.3541,0,0.7199,1,93.9,3.32
NH-15 (North Bank Brahmaputra),2.7,105.5,13.9,126.5,281.1,23.2,0.95,859.9,0.486,4,4,0.2665,0,0.5305,1,67.4,2.77
NH-37 (Silchar-Imphal),6.2,107.6,1.7,3.5,6.9,28.9,0.211,271.2,0.38,6,3,0.0208,0,0.2251,0,0.0,1.57
NH-37 (Silchar-Imphal),11.8,46.5,3.2,7.7,10.1,31.3,0.327,176.3,0.785,2,4,0.0189,0,0.4727,1,57.4,2.09
Guwahati-Jalukbari-Khanapara Urban,7.0,191.9,0.3,0.4,0.6,52.8,0.367,238.9,0.386,3,1,0.0244,0,0.1279,1,5.0,1.82
NH-10 (Siliguri-Gangtok),16.8,50.6,0.2,0.3,0.5,32.0,0.171,429.8,0.576,1,3,0.0201,0,0.2908,1,27.9,1.84
Guwahati-Jalukbari-Khanapara Urban,2.1,209.5,10.6,79.1,233.9,38.4,0.921,774.0,0.744,3,3,0.2359,0,0.1399,0,0.0,1.96
Guwahati-Jalukbari-Khanapara Urban,10.3,201.1,2.7,3.5,4.7,51.9,0.37,101.2,0.504,3,2,0.0243,0,0.1907,0,0.0,1.69
NH-15 (North Bank Brahmaputra),11.0,138.7,1.8,2.2,2.7,35.7,0.232,896.2,0.418,2,3,0.0198,0,0.0564,0,0.0,1.4
Guwahati-Jalukbari-Khanapara Urban,12.1,140.1,8.6,83.5,252.6,25.1,0.95,610.9,0.604,1,3,0.2513,0,0.235,0,0.0,2.09
NH-15 (North Bank Brahmaputra),5.3,159.4,0.6,0.8,1.5,30.2,0.269,1369.7,0.632,2,3,0.017,0,0.0361,0,0.0,1.37
NH-37 (Silchar-Imphal),7.2,112.7,16.0,115.0,342.7,30.0,0.95,762.8,0.708,3,1,0.2698,0,0.5321,1,72.8,3.27
NH-10 (Siliguri-Gangtok),15.3,158.3,45.6,208.3,532.0,43.6,0.95,134.9,0.88,5,3,0.3201,0,0.7852,1,128.3,3.46
NH-15 (North Bank Brahmaputra),4.3,52.8,0.6,0.8,1.2,26.8,0.23,59.2,0.468,3,4,0.0175,0,0.5718,1,58.3,2.19
NH-15 (North Bank Brahmaputra),15.1,54.5,16.2,123.5,267.7,44.2,0.95,61.7,0.585,2,3,0.3062,0,0.9401,1,124.9,3.58
NH-06 (Guwahati-Shillong),10.6,125.0,41.8,199.8,549.6,50.6,0.95,140.5,0.322,1,3,0.2951,0,0.8498,1,114.5,3.47
NH-37 (Silchar-Imphal),14.0,141.2,0.3,0.6,1.2,28.4,0.106,353.3,0.67,2,5,0.0163,0,0.0986,0,0.0,1.13
Guwahati-Jalukbari-Khanapara Urban,13.1,200.4,1.3,1.6,1.9,20.4,0.228,590.9,0.583,6,4,0.0209,0,0.0477,0,0.0,1.24
NH-15 (North Bank Brahmaputra),4.5,63.3,5.9,12.7,24.1,40.5,0.27,823.3,0.518,4,5,0.0209,0,0.1766,0,0.0,1.22
NH-37 (Silchar-Imphal),10.7,189.0,2.5,53.4,235.9,29.4,0.903,362.1,0.439,0,1,0.2214,0,0.1469,0,0.0,2.23
NH-27 (East-West Corridor),15.8,81.8,1.2,52.8,205.1,36.4,0.808,22.0,0.487,5,3,0.2501,0,0.6842,0,0.0,2.53
NH-10 (Siliguri-Gangtok),8.3,114.0,0.6,1.0,1.4,40.4,0.156,92.2,0.593,3,2,0.0183,0,0.3454,0,0.0,1.83
NH-06 (Guwahati-Shillong),17.4,100.4,64.9,281.4,625.6,31.3,0.95,56.8,0.376,4,3,0.359,0,0.9282,1,142.2,3.68
NH-10 (Siliguri-Gangtok),8.7,115.0,3.7,9.2,15.1,52.0,0.235,178.0,0.495,5,4,0.0233,0,0.2614,0,0.0,1.46
NH-27 (East-West Corridor),3.4,71.3,31.9,229.2,438.4,31.0,0.95,263.5,0.553,0,3,0.2371,0,0.8994,1,135.5,3.39
NH-06 (Guwahati-Shillong),7.6,133.1,8.3,82.4,309.2,27.3,0.95,35.5,0.273,5,3,0.306,0,0.6394,0,0.0,2.61
NH-37 (Silchar-Imphal),17.2,185.3,2.0,3.3,5.0,50.4,0.333,170.0,0.361,2,4,0.028,1,0.1403,0,0.0,1.35
NH-06 (Guwahati-Shillong),6.4,122.3,13.2,74.0,246.5,20.5,0.95,89.1,0.431,2,4,0.2394,0,0.6004,1,83.8,2.9
Guwahati-Jalukbari-Khanapara Urban,15.8,130.9,46.3,340.4,750.0,20.0,0.95,384.5,0.832,4,4,0.2913,0,0.6809,0,0.0,2.47
NH-27 (East-West Corridor),16.0,193.5,47.7,358.9,750.0,52.4,0.95,238.4,0.4,0,5,0.3051,0,0.6552,1,108.3,2.99
NH-15 (North Bank Brahmaputra),7.0,168.6,0.2,0.3,0.4,23.4,0.353,259.3,0.54,4,4,0.0199,0,0.1088,0,0.0,1.3
Guwahati-Jalukbari-Khanapara Urban,2.4,130.8,36.1,253.5,694.5,20.9,0.95,215.3,0.363,2,3,0.2595,0,0.7862,1,107.3,3.32
NH-27 (East-West Corridor),13.3,90.1,33.0,189.0,643.2,36.4,0.95,1113.4,0.41,1,2,0.2965,0,0.6861,1,94.1,3.46
NH-37 (Silchar-Imphal),6.3,199.9,6.9,9.9,18.6,16.9,0.164,104.6,0.291,3,2,0.0192,0,0.1787,0,0.0,1.67
NH-37 (Silchar-Imphal),14.3,146.0,2.2,5.1,6.3,39.8,0.31,274.5,0.671,6,3,0.0252,0,0.136,0,0.0,1.49
Guwahati-Jalukbari-Khanapara Urban,8.5,83.7,1.1,1.9,3.0,33.1,0.393,486.2,0.311,5,4,0.0249,0,0.2085,0,0.0,1.41
NH-27 (East-West Corridor),9.2,92.1,45.2,272.4,750.0,40.6,0.95,304.8,0.713,3,1,0.2846,0,0.8693,1,126.0,3.76
NH-27 (East-West Corridor),14.2,185.5,59.1,287.5,657.5,26.4,0.95,945.9,0.634,1,4,0.2684,0,0.377,0,0.0,2.11
NH-37 (Silchar-Imphal),7.5,52.7,1.3,3.1,4.7,51.2,0.251,186.2,0.536,2,4,0.019,0,0.4517,1,50.3,2.02
NH-10 (Siliguri-Gangtok),8.5,218.6,62.8,377.4,750.0,25.8,0.95,238.1,0.719,2,3,0.2508,0,0.6595,1,123.8,3.18
Guwahati-Jalukbari-Khanapara Urban,7.4,67.8,0.1,0.2,0.3,40.5,0.322,52.4,0.88,3,3,0.0181,0,0.5736,1,51.2,2.29
Guwahati-Jalukbari-Khanapara Urban,7.2,184.3,24.5,152.1,512.7,52.8,0.95,348.7,0.636,3,1,0.2942,0,0.6121,1,67.5,3.36
NH-27 (East-West Corridor),9.9,114.1,0.2,0.4,0.6,31.0,0.135,139.0,0.348,2,2,0.0184,0,0.2952,0,0.0,1.78
NH-15 (North Bank Brahmaputra),14.7,131.1,0.3,0.4,0.7,21.5,0.244,81.2,0.818,2,1,0.0191,0,0.2964,0,0.0,1.94
NH-06 (Guwahati-Shillong),7.2,199.1,0.3,0.5,0.9,17.7,0.293,295.2,0.584,7,4,0.0193,0,0.0865,0,0.0,1.28
NH-15 (North Bank Brahmaputra),9.9,117.3,5.3,7.9,15.4,53.5,0.238,286.0,0.88,3,3,0.0194,0,0.2007,0,0.0,1.54
NH-37 (Silchar-Imphal),12.4,139.1,23.8,150.0,435.0,45.5,0.95,47.6,0.459,3,2,0.3163,0,0.8651,1,115.0,3.68
NH-15 (North Bank Brahmaputra),5.6,53.6,12.3,100.4,315.0,51.8,0.95,439.3,0.781,6,1,0.2976,1,0.7566,1,91.4,3.68
NH-37 (Silchar-Imphal),5.7,45.4,1.6,2.8,4.9,43.0,0.247,362.1,0.55,2,3,0.0183,0,0.3426,0,0.0,1.68
NH-15 (North Bank Brahmaputra),16.9,87.8,0.7,0.8,1.1,28.7,0.278,93.3,0.88,5,4,0.0233,0,0.4378,1,52.7,2.03
NH-10 (Siliguri-Gangtok),13.3,164.1,1.9,5.1,9.6,19.9,0.407,241.8,0.499,3,4,0.0229,0,0.1206,0,0.0,1.32
NH-06 (Guwahati-Shillong),10.8,66.2,8.0,61.4,179.7,52.2,0.772,465.9,0.88,4,2,0.1982,0,0.4599,0,0.0,2.34
NH-06 (Guwahati-Shillong),12.0,64.9,37.0,240.1,750.0,34.6,0.95,283.8,0.629,4,5,0.2872,0,0.8907,1,117.0,3.19
NH-06 (Guwahati-Shillong),1.5,116.9,2.3,3.5,5.3,30.9,0.121,196.2,0.702,1,3,0.0139,0,0.234,0,0.0,1.56
NH-10 (Siliguri-Gangtok),11.5,158.4,10.1,84.5,271.9,38.1,0.95,156.2,0.856,0,2,0.2403,0,0.475,1,54.7,2.86
NH-37 (Silchar-Imphal),9.7,169.6,0.4,0.8,1.1,19.3,0.389,349.9,0.408,6,3,0.0236,0,0.0903,0,0.0,1.44
NH-06 (Guwahati-Shillong),10.3,76.2,22.3,190.9,432.2,27.4,0.95,999.5,0.724,3,2,0.2719,0,0.7354,1,122.2,3.45
NH-37 (Silchar-Imphal),7.1,58.9,14.8,109.7,235.6,40.5,0.95,409.9,0.497,1,3,0.2586,0,0.7841,1,103.7,3.32
NH-37 (Silchar-Imphal),2.4,209.6,61.8,260.8,750.0,19.0,0.95,47.2,0.577,1,4,0.2303,1,0.8005,1,141.0,3.12
NH-10 (Siliguri-Gangtok),4.3,90.6,7.7,69.2,218.6,20.4,0.884,236.1,0.565,3,3,0.2184,1,0.5429,1,76.5,2.89
NH-37 (Silchar-Imphal),17.2,194.3,34.7,176.4,606.7,35.4,0.95,795.2,0.653,5,4,0.3432,0,0.3973,0,0.0,2.3
NH-27 (East-West Corridor),7.9,196.1,39.1,224.6,719.6,39.9,0.95,54.7,0.645,4,3,0.2848,0,0.8123,1,111.4,3.41
NH-37 (Silchar-Imphal),8.9,180.2,14.8,114.3,289.9,22.5,0.95,1594.5,0.446,3,5,0.2659,0,0.2051,0,0.0,1.79
NH-27 (East-West Corridor),1.9,74.5,1.4,3.8,6.0,16.3,0.171,1062.1,0.572,2,4,0.0147,0,0.1292,0,0.0,1.31
NH-06 (Guwahati-Shillong),1.6,188.8,7.0,15.2,26.2,53.3,0.321,48.5,0.13,1,1,0.0249,0,0.261,0,0.0,1.91
NH-15 (North Bank Brahmaputra),13.2,179.6,6.2,17.1,30.3,16.1,0.371,968.2,0.728,3,1,0.0242,0,0.0463,0,0.0,1.7
NH-27 (East-West Corridor),10.1,149.4,70.7,355.8,750.0,15.1,0.95,177.9,0.855,7,4,0.2626,0,0.7528,1,167.5,3.15
NH-06 (Guwahati-Shillong),9.6,104.0,3.4,9.1,17.7,27.9,0.324,671.9,0.584,2,3,0.0199,1,0.128,0,0.0,1.47
NH-15 (North Bank Brahmaputra),5.1,90.9,1.6,4.6,7.2,23.9,0.298,209.7,0.261,5,2,0.0232,0,0.3432,1,33.0,2.09
NH-27 (East-West Corridor),13.7,66.3,1.4,2.9,3.4,37.9,0.341,223.5,0.684,3,4,0.0218,0,0.3922,0,0.0,1.59
NH-27 (East-West Corridor),3.9,134.2,0.1,0.2,0.4,50.8,0.227,372.0,0.413,1,5,0.0172,0,0.1106,0,0.0,1.15
NH-06 (Guwahati-Shillong),4.2,147.4,23.7,186.2,527.7,34.2,0.95,541.3,0.583,4,4,0.2718,0,0.549,1,88.2,2.95
NH-10 (Siliguri-Gangtok),8.8,107.9,42.5,322.1,750.0,45.9,0.95,32.0,0.673,1,4,0.2557,1,0.925,1,149.5,3.3
NH-37 (Silchar-Imphal),5.9,128.2,70.8,378.5,738.7,51.4,0.95,334.8,0.648,3,1,0.289,1,0.7591,1,142.5,3.66
NH-27 (East-West Corridor),5.2,108.6,7.0,81.5,218.4,22.6,0.95,92.3,0.745,2,1,0.2301,0,0.6862,1,83.9,3.41
Guwahati-Jalukbari-Khanapara Urban,12.0,157.2,77.0,380.0,750.0,34.5,0.95,168.6,0.576,0,4,0.256,0,0.7513,1,140.6,3.13
NH-10 (Siliguri-Gangtok),12.1,202.7,0.9,2.3,3.8,40.7,0.232,169.7,0.581,5,3,0.0227,0,0.1351,0,0.0,1.48
NH-15 (North Bank Brahmaputra),15.0,73.7,0.5,1.3,2.0,28.3,0.26,241.6,0.683,2,1,0.0211,0,0.3856,0,0.0,2.03
NH-37 (Silchar-Imphal),8.1,111.7,10.2,108.4,402.4,44.6,0.95,162.3,0.537,2,4,0.2711,1,0.7376,1,87.9,3.14
NH-10 (Siliguri-Gangtok),2.2,69.7,1.7,1.9,2.8,43.2,0.211,59.8,0.426,6,3,0.0209,0,0.5565,1,66.0,2.39
NH-10 (Siliguri-Gangtok),5.7,154.4,0.9,1.7,2.3,31.8,0.264,75.1,0.631,4,3,0.0189,0,0.2277,1,11.2,1.65
NH-06 (Guwahati-Shillong),17.7,172.6,26.9,145.9,354.0,18.5,0.95,31.9,0.347,0,3,0.308,0,0.8201,1,132.2,3.46
Guwahati-Jalukbari-Khanapara Urban,11.1,208.1,1.2,3.3,6.3,15.5,0.262,242.4,0.535,2,1,0.0191,0,0.1142,0,0.0,1.75
NH-37 (Silchar-Imphal),13.1,93.8,0.7,1.0,1.2,29.8,0.239,1101.1,0.302,2,3,0.0212,0,0.1056,0,0.0,1.45
NH-10 (Siliguri-Gangtok),1.1,211.3,0.2,0.4,0.8,18.3,0.343,63.0,0.45,1,4,0.0165,0,0.1854,0,0.0,1.37
NH-06 (Guwahati-Shillong),9.8,56.1,4.4,11.6,20.1,46.3,0.394,1043.3,0.458,1,2,0.0235,0,0.1904,0,0.0,1.69
NH-37 (Silchar-Imphal),1.6,150.5,0.0,0.1,0.1,28.4,0.227,482.7,0.373,11,5,0.0191,0,0.0701,0,0.0,1.11
NH-06 (Guwahati-Shillong),10.7,55.0,0.0,0.0,0.0,41.6,0.399,375.2,0.748,3,2,0.0218,0,0.3398,0,0.0,1.83
NH-37 (Silchar-Imphal),16.7,201.4,10.9,59.6,196.3,28.9,0.774,382.7,0.733,5,3,0.2382,0,0.1596,0,0.0,1.98
NH-10 (Siliguri-Gangtok),17.5,137.7,12.0,82.9,215.3,46.8,0.915,633.5,0.787,3,3,0.3017,0,0.2608,0,0.0,2.22
NH-27 (East-West Corridor),10.2,162.1,2.6,6.6,7.7,50.5,0.137,59.6,0.516,5,2,0.0224,0,0.2428,0,0.0,1.74
NH-15 (North Bank Brahmaputra),8.8,190.5,82.5,380.0,750.0,48.5,0.95,265.9,0.472,3,3,0.2966,1,0.66,0,0.0,2.61
NH-15 (North Bank Brahmaputra),17.1,71.3,0.5,1.3,1.6,34.4,0.332,438.0,0.695,4,4,0.0254,0,0.2516,0,0.0,1.46
Guwahati-Jalukbari-Khanapara Urban,12.5,51.8,7.1,13.3,18.2,18.4,0.366,329.4,0.573,5,4,0.0244,0,0.3566,0,0.0,1.56
NH-15 (North Bank Brahmaputra),2.1,198.8,3.3,9.9,13.2,29.9,0.208,646.0,0.572,4,5,0.0178,0,0.0443,0,0.0,1.08
NH-27 (East-West Corridor),8.9,100.1,4.2,63.2,219.6,32.0,0.95,46.3,0.092,2,4,0.2555,1,0.6332,1,47.2,2.69
NH-27 (East-West Corridor),5.1,67.6,0.5,1.2,2.0,53.4,0.213,430.7,0.686,4,5,0.0183,0,0.2524,0,0.0,1.29
NH-10 (Siliguri-Gangtok),9.0,127.0,27.6,175.1,391.9,37.6,0.95,287.3,0.662,7,3,0.2951,0,0.7554,1,104.7,3.37
NH-06 (Guwahati-Shillong),8.7,149.7,9.9,92.2,300.4,40.6,0.95,186.8,0.549,3,3,0.2807,0,0.4992,0,0.0,2.41
Guwahati-Jalukbari-Khanapara Urban,10.9,50.4,1.9,5.0,9.7,46.3,0.198,165.6,0.697,3,2,0.0199,0,0.4981,0,0.0,1.99
NH-27 (East-West Corridor),7.1,93.1,46.8,183.4,459.9,37.7,0.95,359.4,0.658,3,2,0.2748,0,0.8404,1,135.6,3.56
NH-06 (Guwahati-Shillong),3.8,50.7,9.8,77.9,215.7,38.9,0.95,795.7,0.425,1,2,0.243,0,0.4859,1,51.5,2.85
Guwahati-Jalukbari-Khanapara Urban,9.6,118.6,0.4,0.7,1.1,24.8,0.238,259.9,0.51,1,4,0.0166,1,0.1849,1,27.7,1.58
NH-10 (Siliguri-Gangtok),15.1,201.6,2.5,3.7,6.5,17.4,0.227,629.5,0.369,10,3,0.0246,1,0.0478,0,0.0,1.4
NH-15 (North Bank Brahmaputra),12.3,217.0,15.2,140.3,354.3,43.9,0.95,200.0,0.813,1,2,0.2679,1,0.6511,1,97.8,3.36
Guwahati-Jalukbari-Khanapara Urban,6.8,156.5,17.4,120.0,376.9,48.9,0.95,57.8,0.726,2,5,0.2536,0,0.7561,1,92.4,2.98
NH-15 (North Bank Brahmaputra),16.9,73.3,0.2,0.3,0.4,31.5,0.208,42.2,0.403,4,3,0.0256,0,0.5597,1,75.1,2.47
NH-37 (Silchar-Imphal),16.5,203.5,2.9,8.3,16.5,37.0,0.192,38.4,0.661,3,1,0.0243,0,0.2402,0,0.0,1.89
NH-15 (North Bank Brahmaputra),4.6,135.3,1.8,3.7,7.1,27.3,0.28,187.4,0.6,1,1,0.0173,0,0.2078,0,0.0,1.84
NH-10 (Siliguri-Gangtok),1.7,71.9,0.2,0.4,0.6,33.0,0.379,164.0,0.427,2,2,0.02,0,0.454,0,0.0,1.94
NH-27 (East-West Corridor),13.6,206.3,3.8,7.1,12.3,23.4,0.428,463.0,0.572,3,2,0.0247,0,0.0702,0,0.0,1.57
NH-37 (Silchar-Imphal),15.1,177.6,25.7,152.7,439.9,45.4,0.95,495.3,0.705,6,5,0.3218,0,0.4852,0,0.0,2.19
NH-06 (Guwahati-Shillong),17.5,173.0,39.1,188.6,533.9,34.7,0.95,38.3,0.719,3,4,0.3186,0,0.8264,1,121.9,3.34
NH-27 (East-West Corridor),16.1,169.1,5.0,8.1,15.0,36.9,0.382,107.5,0.88,7,2,0.0276,0,0.2063,0,0.0,1.71
NH-37 (Silchar-Imphal),11.2,80.1,85.0,380.0,750.0,16.5,0.95,132.2,0.567,6,2,0.2986,0,0.9301,0,0.0,3.03
NH-15 (North Bank Brahmaputra),10.0,81.9,14.1,86.9,285.9,39.9,0.95,297.6,0.507,1,3,0.2654,1,0.6933,1,90.7,3.25
NH-15 (North Bank Brahmaputra),1.5,165.5,0.3,0.6,1.0,23.1,0.345,74.6,0.651,3,4,0.0174,0,0.2033,0,0.0,1.39
NH-10 (Siliguri-Gangtok),5.2,83.5,8.8,18.0,24.0,30.3,0.43,70.3,0.517,4,2,0.0255,0,0.553,1,73.5,2.6
NH-37 (Silchar-Imphal),8.8,121.8,1.3,1.8,2.9,31.5,0.116,1027.5,0.445,3,3,0.0177,0,0.0653,0,0.0,1.4
NH-37 (Silchar-Imphal),11.7,181.9,14.2,83.5,296.8,32.9,0.95,590.7,0.383,4,5,0.2962,1,0.1984,0,0.0,1.85
NH-15 (North Bank Brahmaputra),10.5,182.2,2.9,6.0,8.5,24.1,0.375,89.7,0.08,3,4,0.0245,0,0.1844,0,0.0,1.39
NH-15 (North Bank Brahmaputra),13.6,124.3,23.4,120.4,342.9,49.0,0.95,202.6,0.682,3,5,0.2938,1,0.7462,1,122.0,3.06
NH-27 (East-West Corridor),5.8,183.6,2.6,4.8,9.1,32.1,0.386,173.8,0.255,3,2,0.0235,0,0.1513,0,0.0,1.65
NH-15 (North Bank Brahmaputra),10.6,191.8,3.6,5.1,9.2,39.5,0.292,567.9,0.392,3,4,0.0219,0,0.054,0,0.0,1.25
NH-37 (Silchar-Imphal),2.5,159.6,3.1,3.6,5.7,39.6,0.351,269.8,0.603,5,1,0.0229,0,0.1351,0,0.0,1.78
Guwahati-Jalukbari-Khanapara Urban,8.0,85.0,0.6,1.5,2.5,39.3,0.288,67.9,0.492,4,3,0.0214,0,0.498,0,0.0,1.84
NH-15 (North Bank Brahmaputra),13.8,93.0,6.8,81.6,203.8,37.4,0.942,490.1,0.88,4,2,0.2701,1,0.4605,1,54.8,2.91
NH-27 (East-West Corridor),12.8,100.1,25.7,146.3,506.9,47.9,0.95,197.0,0.278,4,4,0.3346,0,0.8609,1,98.1,3.41
Guwahati-Jalukbari-Khanapara Urban,17.8,65.4,1.4,3.2,5.1,47.5,0.371,126.8,0.88,2,2,0.0259,0,0.5181,0,0.0,2.02
NH-37 (Silchar-Imphal),5.7,92.8,17.4,122.5,315.3,31.7,0.95,184.8,0.799,2,4,0.2382,0,0.8446,1,102.1,3.19
NH-15 (North Bank Brahmaputra),9.5,81.7,53.0,380.0,750.0,40.4,0.95,261.0,0.714,1,4,0.2509,0,0.8841,1,130.1,3.25
Guwahati-Jalukbari-Khanapara Urban,6.6,124.7,1.4,2.3,3.3,19.1,0.147,167.1,0.809,3,4,0.0145,0,0.2142,0,0.0,1.39
NH-10 (Siliguri-Gangtok),8.5,204.0,23.4,171.6,485.0,18.6,0.95,116.9,0.623,7,4,0.2758,0,0.7338,1,113.7,3.16
NH-15 (North Bank Brahmaputra),15.6,63.3,3.4,5.0,6.9,34.2,0.328,197.9,0.243,1,3,0.0249,0,0.4358,0,0.0,1.79
